# Blender 5.1.2
# www.blender.org
mtllib BLOB.mtl
o Cube.006
v -0.110468 -0.156254 0.148411
v -0.074018 0.105630 0.124757
v -0.137802 -0.153425 -0.135780
v -0.098342 0.108879 -0.105752
v 0.169143 -0.160051 0.149699
v 0.146989 0.105630 0.124757
v 0.142014 -0.156702 -0.134503
v 0.122665 0.108879 -0.105752
v -0.215618 -0.299870 -0.158440
v -0.213532 -0.290635 0.127615
v 0.200644 -0.280908 -0.141787
v 0.208473 -0.276448 0.133796
v -0.354947 -0.780334 -0.307516
v -0.372604 -0.737520 0.367400
v 0.393764 -0.716099 -0.297114
v 0.417951 -0.691961 0.359364
v -0.363236 -1.373374 -0.337682
v -0.388390 -1.358236 0.397935
v 0.369514 -1.370386 -0.338621
v 0.396997 -1.356326 0.397078
v -0.250168 -1.624371 -0.241884
v -0.253064 -1.627809 0.241884
v 0.250168 -1.624371 -0.241884
v 0.253064 -1.627809 0.241884
v -0.141508 -1.818473 -0.141508
v -0.141508 -1.818473 0.141508
v 0.141508 -1.818473 -0.141508
v 0.141508 -1.818473 0.141508
v -0.698723 -1.633743 -0.344204
v -0.702745 -1.636607 0.344204
v 0.702745 -1.636607 0.344204
v 0.698723 -1.633743 -0.344204
v -0.559566 -1.796769 -0.275295
v -0.560907 -1.797724 0.275295
v 0.560907 -1.797724 0.275295
v 0.559566 -1.796769 -0.275295
v -0.150738 -2.135073 -0.150738
v -0.150738 -2.135073 0.150738
v 0.150738 -2.135073 -0.150738
v 0.150738 -2.135073 0.150738
v -0.842358 -1.825697 -0.166083
v -0.842358 -1.825697 0.166083
v 0.842358 -1.825697 0.166083
v 0.842358 -1.825697 -0.166083
v -0.774548 -1.906382 -0.138732
v -0.774548 -1.906382 0.138732
v 0.774548 -1.906382 0.138732
v 0.774548 -1.906382 -0.138732
v -0.074168 -2.370174 -0.074168
v -0.074168 -2.370174 0.074168
v 0.074168 -2.370174 -0.074168
v 0.074168 -2.370174 0.074168
v -0.117927 -0.763505 0.710856
v 0.165628 -0.760904 0.709462
v -0.125173 -0.968010 0.709462
v 0.163213 -0.967143 0.708997
v 0.752730 0.095346 0.066416
v 0.747128 0.092556 -0.136134
v 0.968718 -0.074801 0.142679
v 0.953167 -0.086222 -0.217769
v 1.013003 0.767403 0.039778
v 1.007613 0.767816 -0.148073
v 1.264585 0.738813 0.106733
v 1.253810 0.731816 -0.227769
v 0.798192 1.312893 0.040879
v 0.792565 1.314874 -0.132206
v 1.034150 1.366485 0.101791
v 1.025547 1.362672 -0.206556
v 0.671894 1.758860 0.012890
v 0.668508 1.759612 -0.093471
v 0.803809 1.791919 0.037150
v 0.799289 1.790331 -0.125331
v -0.646611 -0.133690 -0.222171
v -0.653625 -0.126054 0.031694
v -0.848401 -0.424782 -0.318133
v -0.869909 -0.404877 0.133492
v -1.040641 0.443547 -0.333977
v -1.044616 0.455270 -0.175558
v -1.189833 0.277250 -0.387431
v -1.201994 0.302767 -0.105800
v -1.494229 0.855992 -0.562343
v -1.496164 0.871267 -0.465650
v -1.570590 0.759181 -0.572850
v -1.575436 0.782358 -0.428552
v -0.170951 -0.153587 -0.071573
v -0.176581 -0.154176 0.006075
v -0.155989 -0.155097 0.083843
v -0.107645 -0.088052 0.156124
v -0.101642 -0.010534 0.154749
v -0.089122 0.059789 0.142161
v -0.095083 0.122410 0.077883
v -0.110395 0.131470 0.009503
v -0.109514 0.124337 -0.058878
v -0.117087 0.063511 -0.123255
v -0.132047 -0.006576 -0.136541
v -0.137752 -0.084378 -0.139808
v 0.074796 -0.155507 -0.174758
v -0.003000 -0.154484 -0.188428
v -0.078243 -0.153752 -0.175456
v -0.055174 0.125235 -0.122564
v 0.009497 0.133450 -0.131009
v 0.075950 0.125235 -0.122564
v 0.137502 0.063460 -0.123235
v 0.148152 -0.006986 -0.136381
v 0.149077 -0.085760 -0.139269
v 0.202324 -0.159808 0.085490
v 0.208024 -0.159039 0.007839
v 0.187502 -0.157940 -0.069933
v 0.143730 0.124337 -0.058878
v 0.159042 0.131470 0.009503
v 0.158161 0.122410 0.077883
v 0.165465 0.059729 0.142181
v 0.178532 -0.011009 0.154910
v 0.179098 -0.089654 0.156668
v -0.043282 -0.157530 0.188667
v 0.034443 -0.158731 0.202342
v 0.109615 -0.159643 0.189373
v 0.103821 0.121512 0.141569
v 0.039151 0.129490 0.150014
v -0.027302 0.121512 0.141569
v -0.242808 -0.253831 -0.087590
v -0.248372 -0.240405 -0.019870
v -0.240962 -0.249895 0.049721
v 0.087862 -0.319642 -0.176296
v -0.013171 -0.330948 -0.188113
v -0.111927 -0.324843 -0.183316
v 0.235781 -0.234707 0.061463
v 0.241115 -0.224107 -0.004411
v 0.231863 -0.236009 -0.070138
v -0.105880 -0.314799 0.169551
v -0.004478 -0.321924 0.181980
v 0.097410 -0.312569 0.172172
v 0.153581 -0.209460 0.137997
v 0.143009 -0.240750 0.126838
v 0.151069 -0.260662 0.122147
v 0.139871 -0.261803 -0.121458
v 0.126372 -0.239788 -0.120031
v 0.131244 -0.207054 -0.126350
v -0.114861 -0.202617 0.135521
v -0.126344 -0.232518 0.122810
v -0.152020 -0.256345 0.116463
v -0.162013 -0.260428 -0.130006
v -0.143042 -0.233355 -0.124786
v -0.137520 -0.201233 -0.128900
v -0.453825 -0.828196 -0.170629
v -0.488472 -0.833618 0.000011
v -0.472974 -0.807361 0.182782
v 0.196548 -0.766380 -0.357057
v 0.013990 -0.787011 -0.373608
v -0.166090 -0.791769 -0.360244
v 0.520450 -0.734759 0.177775
v 0.535462 -0.750942 0.000934
v 0.498678 -0.747349 -0.163702
v -0.166499 -0.676691 0.431902
v 0.019867 -0.656713 0.442296
v 0.207638 -0.659953 0.427872
v 0.255059 -0.346886 0.199730
v 0.308226 -0.435753 0.262292
v 0.363788 -0.541864 0.318637
v 0.342180 -0.570781 -0.304624
v 0.292166 -0.455580 -0.267003
v 0.243996 -0.358411 -0.210139
v -0.244984 -0.397334 -0.230815
v -0.277568 -0.509694 -0.288427
v -0.313293 -0.634740 -0.323081
v -0.330239 -0.593351 0.326812
v -0.289409 -0.480577 0.267315
v -0.250134 -0.378857 0.199510
v -0.453408 -1.347997 -0.180056
v -0.485555 -1.341242 0.007490
v -0.474813 -1.345321 0.204083
v 0.186957 -1.343388 -0.391516
v 0.004029 -1.336862 -0.404596
v -0.179276 -1.345275 -0.390943
v 0.483673 -1.341546 0.202589
v 0.494263 -1.336616 0.005807
v 0.461383 -1.343535 -0.181564
v -0.187354 -1.369521 0.459005
v 0.004000 -1.371806 0.469128
v 0.195448 -1.368944 0.458730
v -0.395573 -0.900072 0.367793
v -0.405563 -1.043343 0.367281
v -0.407260 -1.189718 0.374810
v 0.427593 -1.183198 0.372087
v 0.436372 -1.029790 0.362756
v 0.435612 -0.874823 0.361650
v 0.343855 -0.910355 -0.299138
v 0.327059 -1.073518 -0.302583
v 0.334234 -1.223577 -0.312635
v -0.318583 -1.231602 -0.310492
v -0.301822 -1.090585 -0.300301
v -0.310373 -0.943692 -0.299467
v -0.286194 -1.653864 -0.123179
v -0.295184 -1.662182 0.000000
v -0.287335 -1.654985 0.123179
v 0.126316 -1.604860 -0.276704
v -0.000000 -1.599835 -0.285101
v -0.126316 -1.604860 -0.276704
v 0.287335 -1.654985 0.123179
v 0.295184 -1.662182 0.000000
v 0.286194 -1.653864 -0.123179
v -0.128232 -1.609643 0.276704
v -0.000000 -1.605024 0.285101
v 0.128232 -1.609643 0.276704
v -0.324127 -1.462487 -0.386080
v -0.293294 -1.525653 -0.376081
v -0.268482 -1.577566 -0.328963
v -0.275793 -1.585881 0.329707
v -0.306239 -1.537578 0.382028
v -0.343682 -1.473294 0.407054
v 0.275888 -1.585865 0.329699
v 0.307005 -1.537449 0.381967
v 0.346409 -1.472805 0.406827
v 0.326363 -1.461539 -0.386369
v 0.293934 -1.525392 -0.376160
v 0.268562 -1.577534 -0.328973
v -0.181307 -1.818474 -0.077387
v -0.194573 -1.818473 0.000000
v -0.181307 -1.818473 0.077387
v 0.077387 -1.818474 -0.181307
v 0.000000 -1.818473 -0.194573
v -0.077387 -1.818474 -0.181307
v 0.181307 -1.818474 0.077387
v 0.194573 -1.818473 0.000000
v 0.181307 -1.818474 -0.077387
v -0.077387 -1.818473 0.181307
v -0.000000 -1.818473 0.194573
v 0.077387 -1.818474 0.181307
v -0.194116 -1.658326 0.190236
v -0.163569 -1.700753 0.162468
v -0.147149 -1.754487 0.147012
v 0.147149 -1.754487 0.147012
v 0.163569 -1.700753 0.162468
v 0.194116 -1.658326 0.190236
v 0.193156 -1.657004 -0.190236
v 0.163301 -1.700367 -0.162468
v 0.147116 -1.754439 -0.147012
v -0.147116 -1.754439 -0.147012
v -0.163301 -1.700367 -0.162468
v -0.193156 -1.657004 -0.190236
v -0.719297 -1.611533 -0.193081
v -0.727077 -1.604787 0.000000
v -0.721685 -1.613234 0.193081
v 0.721686 -1.613234 0.193081
v 0.727077 -1.604787 -0.000000
v 0.719297 -1.611533 -0.193081
v -0.540206 -1.819844 -0.145707
v -0.533893 -1.827635 0.000000
v -0.540751 -1.820232 0.145707
v 0.540751 -1.820232 0.145707
v 0.533893 -1.827635 0.000000
v 0.540206 -1.819844 -0.145707
v -0.666724 -1.670343 -0.420554
v -0.628642 -1.714898 -0.425905
v -0.590811 -1.759632 -0.373179
v -0.593325 -1.761422 0.373179
v -0.632329 -1.717523 0.425905
v -0.671081 -1.673446 0.420554
v 0.593325 -1.761422 0.373179
v 0.632329 -1.717524 0.425905
v 0.671081 -1.673446 0.420554
v 0.666724 -1.670343 -0.420554
v 0.628642 -1.714898 -0.425905
v 0.590811 -1.759632 -0.373179
v -0.193134 -2.135073 -0.082435
v -0.207265 -2.135073 0.000000
v -0.193134 -2.135073 0.082435
v 0.082435 -2.135073 -0.193134
v 0.000000 -2.135073 -0.207265
v -0.082435 -2.135073 -0.193134
v 0.193134 -2.135073 0.082435
v 0.207265 -2.135074 0.000000
v 0.193134 -2.135073 -0.082435
v -0.082435 -2.135073 0.193134
v -0.000000 -2.135073 0.207265
v 0.082435 -2.135073 0.193134
v -0.143807 -1.891338 -0.143807
v -0.149461 -1.970399 -0.149461
v -0.153446 -2.052647 -0.153446
v -0.153446 -2.052647 0.153446
v -0.149461 -1.970399 0.149461
v -0.143807 -1.891338 0.143807
v -0.500876 -1.466887 0.349555
v -0.578723 -1.531085 0.347042
v -0.644730 -1.584575 0.351104
v -0.496826 -1.747515 0.279989
v -0.430447 -1.696879 0.270960
v -0.355058 -1.653540 0.255841
v 0.351186 -1.650144 -0.255841
v 0.426911 -1.694165 -0.270960
v 0.494331 -1.745714 -0.279989
v 0.496826 -1.747516 0.279989
v 0.430447 -1.696879 0.270960
v 0.355058 -1.653540 0.255841
v 0.143807 -1.891338 -0.143807
v 0.149461 -1.970399 -0.149461
v 0.153446 -2.052647 -0.153446
v -0.481000 -1.461684 -0.332069
v -0.565634 -1.524170 -0.342239
v -0.636934 -1.579325 -0.350504
v 0.644828 -1.584545 0.351092
v 0.579514 -1.530845 0.346941
v 0.503674 -1.466085 0.349213
v 0.143807 -1.891338 0.143807
v 0.149461 -1.970399 0.149461
v 0.153446 -2.052647 0.153446
v -0.494331 -1.745714 -0.279989
v -0.426911 -1.694165 -0.270960
v -0.351186 -1.650144 -0.255841
v 0.483268 -1.460439 -0.332466
v 0.566286 -1.523798 -0.342358
v 0.637016 -1.579278 -0.350519
v -0.853925 -1.829131 -0.097598
v -0.859589 -1.831029 -0.000000
v -0.853925 -1.829131 0.097598
v 0.853925 -1.829131 0.097598
v 0.859589 -1.831029 0.000000
v 0.853925 -1.829131 -0.097598
v -0.779921 -1.917185 -0.079971
v -0.782766 -1.922438 0.000000
v -0.779921 -1.917185 0.079971
v 0.779921 -1.917185 0.079971
v 0.782766 -1.922438 -0.000000
v 0.779921 -1.917185 -0.079971
v -0.836674 -1.849657 -0.175141
v -0.821177 -1.876733 -0.172664
v -0.797171 -1.896659 -0.157514
v -0.797171 -1.896659 0.157514
v -0.821177 -1.876734 0.172664
v -0.836674 -1.849657 0.175141
v 0.797171 -1.896659 0.157514
v 0.821177 -1.876734 0.172664
v 0.836674 -1.849657 0.175141
v 0.836674 -1.849657 -0.175141
v 0.821177 -1.876734 -0.172664
v 0.797171 -1.896659 -0.157514
v -0.080943 -2.381238 -0.043207
v -0.084026 -2.386796 -0.000000
v -0.080943 -2.381238 0.043207
v 0.043207 -2.381238 -0.080943
v 0.000000 -2.386796 -0.084026
v -0.043207 -2.381238 -0.080943
v 0.080943 -2.381238 0.043207
v 0.084026 -2.386796 0.000000
v 0.080943 -2.381238 -0.043207
v -0.043207 -2.381238 0.080943
v -0.000000 -2.386796 0.084026
v 0.043207 -2.381238 0.080943
v -0.626513 -1.840998 0.251821
v -0.688810 -1.874439 0.214970
v -0.740971 -1.896378 0.173021
v -0.740950 -1.896363 -0.173021
v -0.688642 -1.874320 -0.214970
v -0.625947 -1.840595 -0.251821
v 0.137848 -2.214089 -0.137848
v 0.117413 -2.283782 -0.117413
v 0.093798 -2.338008 -0.093798
v -0.093798 -2.338008 -0.093798
v -0.117413 -2.283782 -0.117413
v -0.137848 -2.214088 -0.137848
v 0.626513 -1.840998 0.251821
v 0.688810 -1.874439 0.214970
v 0.740971 -1.896378 0.173021
v 0.826791 -1.794385 0.212466
v 0.796660 -1.747069 0.267570
v 0.754241 -1.692248 0.314703
v 0.625947 -1.840595 -0.251821
v 0.688642 -1.874320 -0.214970
v 0.740950 -1.896363 -0.173021
v 0.137848 -2.214088 0.137848
v 0.117413 -2.283782 0.117413
v 0.093798 -2.338008 0.093798
v -0.752544 -1.691039 -0.314703
v -0.796158 -1.746711 -0.267571
v -0.826728 -1.794340 -0.212466
v -0.826791 -1.794385 0.212466
v -0.796660 -1.747069 0.267571
v -0.754241 -1.692247 0.314703
v 0.752544 -1.691039 -0.314703
v 0.796158 -1.746711 -0.267571
v 0.826728 -1.794340 -0.212466
v -0.137848 -2.214088 0.137848
v -0.117413 -2.283782 0.117413
v -0.093798 -2.338008 0.093798
v -0.058568 -0.742030 0.723119
v 0.024391 -0.731104 0.729002
v 0.107023 -0.740487 0.722291
v -0.065034 -0.967480 0.721874
v 0.019493 -0.966744 0.728059
v 0.103671 -0.967054 0.721646
v -0.133532 -0.795418 0.723119
v -0.142277 -0.849803 0.729002
v -0.137831 -0.914869 0.722291
v 0.178634 -0.913666 0.721646
v 0.186161 -0.848045 0.728060
v 0.179820 -0.793097 0.721874
v 0.305961 -1.216235 0.517837
v 0.246517 -1.110120 0.606712
v 0.198187 -1.023857 0.671800
v -0.164201 -1.025050 0.672436
v -0.219147 -1.111797 0.607584
v -0.286993 -1.218299 0.518855
v -0.268157 -0.775422 0.511841
v -0.204430 -0.775411 0.607423
v -0.153815 -0.767484 0.674061
v 0.201599 -0.763404 0.672005
v 0.251895 -0.767304 0.604132
v 0.314680 -0.758132 0.506628
v 0.721438 0.118944 0.015352
v 0.710364 0.126663 -0.034356
v 0.719074 0.118025 -0.084315
v 0.995218 -0.101619 0.066189
v 1.000508 -0.113223 -0.038049
v 0.986014 -0.108472 -0.142034
v 0.802802 0.057493 0.117729
v 0.862707 0.011605 0.157329
v 0.921620 -0.034949 0.170538
v 0.904649 -0.047020 -0.244411
v 0.848165 0.001835 -0.229733
v 0.792671 0.051356 -0.188665
v 0.551647 -0.554249 -0.254884
v 0.690958 -0.410143 -0.232899
v 0.825664 -0.257565 -0.221672
v 0.843145 -0.244758 0.164817
v 0.710895 -0.395612 0.198757
v 0.574756 -0.537009 0.252511
v 0.352540 -0.224998 0.115081
v 0.491776 -0.145121 0.097761
v 0.627454 -0.038210 0.081086
v 0.621436 -0.041767 -0.134927
v 0.485340 -0.149315 -0.135310
v 0.345761 -0.229600 -0.137113
v 0.976592 0.771778 -0.007042
v 0.963641 0.773665 -0.052953
v 0.974023 0.772525 -0.099461
v 1.297333 0.732946 0.035207
v 1.305864 0.729259 -0.061712
v 1.291062 0.728599 -0.158035
v 1.070949 0.761128 0.086520
v 1.140309 0.753725 0.122226
v 1.208911 0.746014 0.133447
v 1.196705 0.739248 -0.251596
v 1.129196 0.749199 -0.236891
v 1.062445 0.759458 -0.197701
v 1.082554 0.119511 0.127027
v 1.176098 0.328675 0.116263
v 1.239918 0.539505 0.109720
v 0.997199 0.601282 0.041939
v 0.944194 0.425987 0.046936
v 0.860525 0.253387 0.055014
v 0.991930 0.600963 -0.146144
v 0.938952 0.424862 -0.142754
v 0.855184 0.251423 -0.139039
v 1.228329 0.531518 -0.225139
v 1.163455 0.319631 -0.221401
v 1.068598 0.109326 -0.218347
v 0.763840 1.306009 -0.002146
v 0.751415 1.304378 -0.044404
v 0.760972 1.307500 -0.087292
v 1.065278 1.372954 0.035741
v 1.073812 1.374084 -0.053643
v 1.060364 1.370461 -0.142396
v 0.852547 1.324960 0.083775
v 0.917505 1.339861 0.116469
v 0.981796 1.354676 0.126596
v 0.971656 1.351510 -0.228317
v 0.907722 1.338601 -0.214515
v 0.844454 1.325778 -0.178147
v 0.983016 0.916800 -0.147620
v 0.929235 1.052434 -0.144723
v 0.860880 1.182523 -0.139534
v 1.106085 1.219621 -0.217495
v 1.180448 1.071077 -0.224432
v 1.234426 0.910616 -0.227734
v 1.115267 1.224071 0.106019
v 1.190116 1.076285 0.106857
v 1.244589 0.916681 0.106397
v 0.866644 1.180685 0.042078
v 0.934950 1.050919 0.041273
v 0.988580 0.915767 0.039995
v 0.656334 1.779372 -0.009381
v 0.648046 1.789929 -0.039591
v 0.654377 1.779877 -0.070262
v 0.803463 1.815079 0.004457
v 0.802258 1.826296 -0.044052
v 0.800776 1.814076 -0.092593
v 0.692164 1.787663 0.025149
v 0.727467 1.808371 0.036962
v 0.769721 1.807023 0.041000
v 0.764945 1.805786 -0.127122
v 0.722837 1.807854 -0.120605
v 0.688120 1.787933 -0.106805
v 0.958830 1.506499 0.092371
v 0.893221 1.633187 0.077133
v 0.839474 1.732912 0.056605
v 0.679371 1.691399 0.020856
v 0.702024 1.582858 0.029545
v 0.742005 1.451234 0.036544
v 0.675379 1.692605 -0.102108
v 0.697350 1.584520 -0.112673
v 0.736758 1.453160 -0.123009
v 0.833849 1.730751 -0.147073
v 0.886378 1.630410 -0.171249
v 0.950991 1.503205 -0.191255
v -0.619314 -0.091456 -0.158113
v -0.610924 -0.076443 -0.095786
v -0.622131 -0.088144 -0.033185
v -0.882160 -0.460776 -0.222353
v -0.898349 -0.468259 -0.091773
v -0.894941 -0.449028 0.038534
v -0.690833 -0.201146 -0.286565
v -0.744832 -0.281818 -0.336291
v -0.800168 -0.361200 -0.352949
v -0.823422 -0.339339 0.166986
v -0.764441 -0.262884 0.148733
v -0.704123 -0.187720 0.097410
v -0.523952 -0.657554 0.264476
v -0.650467 -0.591344 0.211430
v -0.767257 -0.512951 0.171593
v -0.745075 -0.534237 -0.305031
v -0.628329 -0.615662 -0.292565
v -0.502222 -0.687348 -0.288749
v -0.336859 -0.285889 0.107170
v -0.447997 -0.260277 0.086401
v -0.554246 -0.209148 0.061650
v -0.333554 -0.295949 -0.171100
v -0.442193 -0.269671 -0.187472
v -0.547374 -0.217509 -0.205079
v -1.020274 0.469103 -0.294900
v -1.013888 0.479296 -0.256296
v -1.021872 0.474544 -0.216928
v -1.213856 0.260131 -0.326809
v -1.224654 0.260121 -0.245087
v -1.221082 0.275055 -0.164129
v -1.073595 0.403737 -0.372697
v -1.113724 0.356907 -0.401959
v -1.154609 0.311823 -0.410593
v -1.167761 0.340422 -0.086331
v -1.124818 0.382510 -0.099424
v -1.081119 0.422852 -0.133144
v -0.745370 -0.007572 -0.004698
v -0.835758 0.137071 -0.049735
v -0.932827 0.295482 -0.105871
v -1.110517 0.114980 -0.029460
v -1.031980 -0.076830 0.034984
v -0.955428 -0.255752 0.088860
v -1.095773 0.092035 -0.353907
v -1.014539 -0.097817 -0.336242
v -0.935593 -0.275643 -0.326847
v -0.927887 0.285537 -0.288328
v -0.829887 0.128525 -0.258458
v -0.738756 -0.015286 -0.238396
v -1.513316 0.885386 -0.558018
v -1.523295 0.903009 -0.538249
v -1.514364 0.894321 -0.502234
v -1.599254 0.776869 -0.557587
v -1.614541 0.790486 -0.521192
v -1.602178 0.790896 -0.471122
v -1.533011 0.854441 -0.586677
v -1.566954 0.834729 -0.601706
v -1.577790 0.796887 -0.594023
v -1.582482 0.821841 -0.442464
v -1.570882 0.858766 -0.457735
v -1.535828 0.874303 -0.465798
v -1.301951 0.443152 -0.440190
v -1.416160 0.583005 -0.498704
v -1.512156 0.691851 -0.546668
v -1.419530 0.805899 -0.526592
v -1.304256 0.714703 -0.467036
v -1.171321 0.590469 -0.397692
v -1.421635 0.821637 -0.417575
v -1.306735 0.729850 -0.343659
v -1.174443 0.604098 -0.258532
v -1.518462 0.718834 -0.369121
v -1.424270 0.612139 -0.284766
v -1.311950 0.471310 -0.193521
v -0.154804 -0.086853 0.088997
v -0.148024 -0.008379 0.088706
v -0.130056 0.065091 0.082681
v -0.176489 -0.085637 0.008056
v -0.169529 -0.006085 0.009074
v -0.149505 0.070023 0.009449
v -0.171274 -0.084859 -0.072834
v -0.164649 -0.006220 -0.070543
v -0.145488 0.067145 -0.063781
v -0.076996 -0.084017 -0.181314
v -0.072826 -0.004915 -0.177562
v -0.063844 0.068467 -0.159392
v 0.000024 -0.084061 -0.195046
v 0.002337 -0.003643 -0.191233
v 0.005111 0.072527 -0.171619
v 0.079864 -0.084758 -0.181019
v 0.080362 -0.005134 -0.177474
v 0.076643 0.068439 -0.159381
v 0.196223 -0.086695 -0.072142
v 0.194530 -0.006764 -0.070338
v 0.178435 0.067077 -0.063756
v 0.217879 -0.087689 0.008801
v 0.216026 -0.006693 0.009295
v 0.197884 0.069947 0.009477
v 0.212634 -0.088840 0.089693
v 0.211137 -0.008968 0.088912
v 0.193866 0.065018 0.082707
v 0.118356 -0.089682 0.198172
v 0.119314 -0.010272 0.195931
v 0.112222 0.063696 0.178318
v 0.041366 -0.089264 0.211903
v 0.044160 -0.009135 0.209602
v 0.043268 0.067443 0.190545
v -0.038444 -0.088790 0.197875
v -0.033856 -0.010008 0.195843
v -0.028264 0.063729 0.178307
v 0.173952 -0.208001 -0.066140
v 0.192545 -0.208774 0.006249
v 0.186142 -0.209389 0.078426
v 0.166937 -0.237351 -0.063757
v 0.183355 -0.236285 0.003855
v 0.176005 -0.238007 0.071251
v 0.180201 -0.248360 -0.065393
v 0.194301 -0.242620 0.000433
v 0.186280 -0.248019 0.066216
v 0.086507 0.158890 -0.063375
v 0.016221 0.170623 -0.067289
v -0.053239 0.158890 -0.063375
v 0.097950 0.169541 0.009503
v 0.024324 0.182288 0.009503
v -0.049303 0.169541 0.009503
v 0.101887 0.156836 0.082380
v 0.032427 0.168459 0.086295
v -0.037859 0.156836 0.082380
v 0.617368 -0.583093 0.142873
v 0.628289 -0.599944 -0.007986
v 0.602805 -0.593222 -0.153099
v 0.740809 -0.434074 0.107685
v 0.747133 -0.449591 -0.018881
v 0.728840 -0.442745 -0.143752
v 0.869625 -0.276978 0.082972
v 0.874570 -0.290603 -0.028976
v 0.859244 -0.284632 -0.140552
v 0.095942 -0.208621 0.174647
v 0.023558 -0.206976 0.186381
v -0.050926 -0.204802 0.173298
v 0.084548 -0.242232 0.160938
v 0.011297 -0.241303 0.171583
v -0.063441 -0.237568 0.158791
v 0.083438 -0.271393 0.156284
v 0.000865 -0.274314 0.166553
v -0.082401 -0.268375 0.153422
v -0.079874 -0.202728 -0.165444
v -0.007396 -0.204373 -0.177105
v 0.067215 -0.205844 -0.164045
v -0.084915 -0.238119 -0.158025
v -0.011781 -0.241239 -0.168032
v 0.063117 -0.241547 -0.155378
v -0.095927 -0.272782 -0.160726
v -0.014288 -0.277975 -0.168774
v 0.069069 -0.273797 -0.156080
v -0.157569 -0.200942 0.075229
v -0.176246 -0.200096 0.002789
v -0.169979 -0.200257 -0.069388
v -0.166510 -0.228132 0.065857
v -0.182745 -0.226430 -0.002214
v -0.175620 -0.228713 -0.069652
v -0.190687 -0.243642 0.057969
v -0.203827 -0.239034 -0.009461
v -0.196077 -0.245949 -0.075564
v -0.156728 -1.262241 0.533226
v 0.007782 -1.271931 0.539175
v 0.172851 -1.261543 0.532876
v -0.116991 -1.152626 0.611712
v 0.012179 -1.163784 0.614200
v 0.141954 -1.151982 0.611374
v -0.084721 -1.053735 0.676043
v 0.016243 -1.060663 0.679132
v 0.117412 -1.053228 0.675772
v -0.549295 -0.735729 -0.176114
v -0.573451 -0.743826 -0.017646
v -0.563084 -0.718203 0.146138
v -0.664481 -0.658600 -0.187009
v -0.682817 -0.667058 -0.040989
v -0.677770 -0.644166 0.106106
v -0.778989 -0.573540 -0.203965
v -0.795544 -0.581779 -0.066069
v -0.792201 -0.560979 0.071611
v 0.123174 -0.382442 0.218066
v -0.002576 -0.395818 0.225223
v -0.126425 -0.392300 0.217532
v 0.156432 -0.473120 0.280947
v 0.004254 -0.487430 0.288216
v -0.145517 -0.489456 0.282910
v 0.190642 -0.572478 0.350047
v 0.012691 -0.581561 0.361103
v -0.163125 -0.591498 0.353683
v -0.126361 -0.410944 -0.231242
v -0.007467 -0.413214 -0.230877
v 0.114417 -0.397031 -0.222779
v -0.140814 -0.522626 -0.286390
v 0.000768 -0.521110 -0.284872
v 0.145501 -0.500815 -0.278050
v -0.156160 -0.650875 -0.331934
v 0.008776 -0.647366 -0.335255
v 0.176652 -0.624490 -0.325559
v 0.348665 -1.676174 0.135225
v 0.348289 -1.683638 0.000000
v 0.347206 -1.674932 -0.135225
v 0.412905 -1.718852 0.143524
v 0.407476 -1.726042 0.000000
v 0.411511 -1.717791 -0.143524
v 0.476120 -1.770033 0.148205
v 0.469056 -1.777370 0.000000
v 0.475112 -1.769306 -0.148205
v -0.161074 -0.940152 -0.373473
v 0.014644 -0.934809 -0.395408
v 0.191645 -0.922643 -0.373217
v -0.159287 -1.086859 -0.380125
v 0.011970 -1.082162 -0.405264
v 0.183612 -1.077364 -0.381276
v -0.169251 -1.225121 -0.386251
v 0.007885 -1.219515 -0.408554
v 0.184909 -1.220620 -0.387403
v 0.440517 -0.910650 -0.165580
v 0.482688 -0.908561 0.005418
v 0.478115 -0.894775 0.189066
v 0.419714 -1.070844 -0.166520
v 0.463128 -1.066064 0.006797
v 0.465364 -1.054552 0.191656
v 0.426728 -1.218519 -0.172506
v 0.467080 -1.212979 0.006908
v 0.465003 -1.207668 0.197291
v -0.439105 -0.931398 0.194423
v -0.444853 -0.951822 0.008748
v -0.404451 -0.952959 -0.164479
v -0.436568 -1.072813 0.196307
v -0.435591 -1.087452 0.010995
v -0.393352 -1.091968 -0.163171
v -0.446930 -1.216263 0.200403
v -0.449867 -1.222997 0.010111
v -0.410366 -1.228439 -0.169638
v 0.107105 -1.651676 0.235388
v -0.000000 -1.649343 0.248148
v -0.107105 -1.651676 0.235388
v 0.090066 -1.698907 0.205980
v 0.000000 -1.698195 0.219800
v -0.090066 -1.698907 0.205980
v 0.080549 -1.754256 0.188086
v 0.000000 -1.754168 0.201692
v -0.080549 -1.754256 0.188086
v 0.184875 -1.454730 0.412996
v 0.001640 -1.451365 0.416336
v -0.181669 -1.455022 0.413134
v 0.163233 -1.518204 0.374020
v 0.000480 -1.512681 0.372725
v -0.162308 -1.518293 0.374061
v 0.145068 -1.567317 0.327119
v 0.000060 -1.561611 0.328220
v -0.144952 -1.567329 0.327125
v -0.170212 -1.435627 -0.388120
v 0.001622 -1.427197 -0.391114
v 0.173199 -1.434968 -0.388320
v -0.154435 -1.503256 -0.367004
v 0.000471 -1.495963 -0.365501
v 0.155293 -1.503077 -0.367058
v -0.140609 -1.557645 -0.326242
v 0.000059 -1.551321 -0.327318
v 0.140716 -1.557622 -0.326249
v -0.380143 -1.618242 0.346477
v -0.417466 -1.572526 0.399964
v -0.459725 -1.518511 0.408788
v -0.462047 -1.661695 0.367136
v -0.502265 -1.617792 0.420555
v -0.543728 -1.571191 0.419419
v -0.530519 -1.711205 0.379521
v -0.571258 -1.667070 0.433337
v -0.611767 -1.622324 0.428410
v -0.184253 -1.891338 0.078644
v -0.197735 -1.891338 0.000000
v -0.184253 -1.891338 -0.078644
v -0.191496 -1.970399 0.081736
v -0.205508 -1.970399 0.000000
v -0.191496 -1.970399 -0.081736
v -0.196602 -2.052647 0.083916
v -0.210988 -2.052647 0.000000
v -0.196602 -2.052647 -0.083916
v -0.106431 -1.649794 -0.235388
v -0.000000 -1.647243 -0.248148
v 0.106431 -1.649794 -0.235388
v -0.089882 -1.698364 -0.205980
v 0.000000 -1.697584 -0.219800
v 0.089882 -1.698364 -0.205980
v -0.080526 -1.754188 -0.188086
v 0.000000 -1.754091 -0.201692
v 0.080526 -1.754188 -0.188086
v 0.239128 -1.666344 -0.104939
v 0.252301 -1.670700 -0.000000
v 0.239719 -1.666968 0.104939
v 0.207060 -1.702860 -0.089427
v 0.221018 -1.704179 0.000000
v 0.207244 -1.703059 0.089427
v 0.188221 -1.754750 -0.080469
v 0.201844 -1.754916 0.000000
v 0.188244 -1.754775 0.080469
v -0.239719 -1.666968 0.104939
v -0.252301 -1.670700 -0.000000
v -0.239128 -1.666344 -0.104939
v -0.207244 -1.703059 0.089427
v -0.221018 -1.704179 0.000000
v -0.207060 -1.702860 -0.089427
v -0.188244 -1.754775 0.080469
v -0.201844 -1.754916 0.000000
v -0.188221 -1.754750 -0.080469
v 0.725592 -1.726143 0.384347
v 0.690746 -1.766906 0.389160
v 0.655638 -1.807461 0.341116
v 0.773005 -1.776385 0.325628
v 0.744052 -1.811853 0.329143
v 0.713814 -1.846245 0.289465
v 0.810103 -1.818986 0.253926
v 0.788283 -1.849080 0.254941
v 0.762358 -1.875725 0.226840
v -0.075411 -2.214191 -0.176522
v 0.000000 -2.214293 -0.189383
v 0.075411 -2.214191 -0.176522
v -0.064414 -2.284601 -0.149667
v -0.000000 -2.285420 -0.160176
v 0.064414 -2.284601 -0.149667
v -0.052181 -2.341069 -0.116981
v 0.000000 -2.343748 -0.124066
v 0.052181 -2.341070 -0.116981
v -0.608356 -1.861703 -0.133346
v -0.602617 -1.868808 -0.000000
v -0.608585 -1.861867 0.133346
v -0.674528 -1.892392 -0.114282
v -0.670369 -1.898649 -0.000000
v -0.674596 -1.892441 0.114282
v -0.732696 -1.910944 -0.093682
v -0.731510 -1.916522 0.000000
v -0.732705 -1.910950 0.093682
v -0.078644 -1.891338 -0.184253
v 0.000000 -1.891338 -0.197735
v 0.078644 -1.891338 -0.184253
v -0.081736 -1.970399 -0.191496
v 0.000000 -1.970399 -0.205508
v 0.081736 -1.970399 -0.191496
v -0.083916 -2.052647 -0.196602
v -0.000000 -2.052647 -0.210988
v 0.083916 -2.052647 -0.196602
v -0.532992 -1.438949 0.198576
v -0.540694 -1.429888 0.004121
v -0.520297 -1.436156 -0.186330
v -0.600346 -1.505675 0.196066
v -0.605280 -1.496002 0.001341
v -0.592384 -1.501727 -0.192293
v -0.664085 -1.560303 0.197127
v -0.668842 -1.551057 0.000168
v -0.659433 -1.557206 -0.196655
v 0.461183 -1.518187 0.408640
v 0.417919 -1.572433 0.399921
v 0.380200 -1.618230 0.346472
v 0.544184 -1.571084 0.419371
v 0.502415 -1.617760 0.420540
v 0.462066 -1.661691 0.367134
v 0.611824 -1.622310 0.428404
v 0.571277 -1.667066 0.433335
v 0.530522 -1.711205 0.379521
v 0.184253 -1.891338 -0.078644
v 0.197735 -1.891338 0.000000
v 0.184253 -1.891338 0.078644
v 0.191496 -1.970399 -0.081736
v 0.205508 -1.970399 0.000000
v 0.191496 -1.970399 0.081736
v 0.196602 -2.052647 -0.083916
v 0.210988 -2.052647 -0.000000
v 0.196602 -2.052647 0.083916
v -0.347206 -1.674932 -0.135225
v -0.348289 -1.683638 0.000000
v -0.348665 -1.676174 0.135225
v -0.411511 -1.717791 -0.143524
v -0.407476 -1.726042 -0.000000
v -0.412905 -1.718852 0.143524
v -0.475112 -1.769306 -0.148205
v -0.469056 -1.777370 -0.000000
v -0.476120 -1.770033 0.148205
v 0.372160 -1.611360 -0.346041
v 0.404488 -1.562825 -0.396474
v 0.442330 -1.508919 -0.397989
v 0.455194 -1.656476 -0.366991
v 0.491772 -1.610307 -0.419394
v 0.530648 -1.562890 -0.416077
v 0.525813 -1.707811 -0.379503
v 0.564300 -1.662114 -0.433192
v 0.603460 -1.616534 -0.427992
v -0.441186 -1.509530 -0.397803
v -0.404133 -1.563013 -0.396417
v -0.372116 -1.611383 -0.346034
v -0.530292 -1.563092 -0.416015
v -0.491656 -1.610372 -0.419375
v -0.455179 -1.656484 -0.366988
v -0.603415 -1.616559 -0.427985
v -0.564286 -1.662122 -0.433189
v -0.525811 -1.707813 -0.379503
v 0.078644 -1.891338 0.184253
v -0.000000 -1.891338 0.197735
v -0.078644 -1.891338 0.184253
v 0.081736 -1.970399 0.191496
v 0.000000 -1.970399 0.205508
v -0.081736 -1.970399 0.191496
v 0.083916 -2.052647 0.196602
v -0.000000 -2.052647 0.210988
v -0.083916 -2.052647 0.196602
v 0.523412 -1.434396 -0.186928
v 0.544214 -1.428028 0.003447
v 0.536445 -1.437492 0.198010
v 0.593280 -1.501217 -0.192467
v 0.606304 -1.495462 0.001146
v 0.601337 -1.505256 0.195905
v 0.659545 -1.557142 -0.196677
v 0.668970 -1.550990 0.000143
v 0.664209 -1.560251 0.197106
v -0.854115 -1.865700 0.090233
v -0.860539 -1.870515 0.000000
v -0.854115 -1.865700 -0.090233
v -0.841183 -1.893547 0.087009
v -0.847881 -1.899176 -0.000000
v -0.841182 -1.893547 -0.087009
v -0.815977 -1.911079 0.081200
v -0.821826 -1.916578 -0.000000
v -0.815977 -1.911079 -0.081200
v 0.854115 -1.865700 -0.090233
v 0.860539 -1.870515 -0.000000
v 0.854115 -1.865700 0.090233
v 0.841183 -1.893547 -0.087009
v 0.847881 -1.899176 0.000000
v 0.841183 -1.893547 0.087009
v 0.815977 -1.911079 -0.081200
v 0.821826 -1.916578 0.000000
v 0.815977 -1.911079 0.081200
v -0.041714 -2.404912 -0.041714
v -0.000000 -2.412928 -0.042343
v 0.041714 -2.404912 -0.041714
v -0.042343 -2.412928 0.000000
v 0.000000 -2.421678 -0.000000
v 0.042343 -2.412928 -0.000000
v -0.041714 -2.404912 0.041714
v 0.000000 -2.412928 0.042343
v 0.041714 -2.404912 0.041714
v 0.608585 -1.861866 0.133346
v 0.602617 -1.868808 0.000000
v 0.608356 -1.861703 -0.133346
v 0.674596 -1.892441 0.114282
v 0.670369 -1.898649 0.000000
v 0.674528 -1.892392 -0.114282
v 0.732705 -1.910950 0.093682
v 0.731510 -1.916522 -0.000000
v 0.732696 -1.910944 -0.093682
v 0.176522 -2.214191 -0.075411
v 0.189383 -2.214293 -0.000000
v 0.176522 -2.214191 0.075411
v 0.149667 -2.284601 -0.064414
v 0.160176 -2.285420 0.000000
v 0.149667 -2.284601 0.064414
v 0.116981 -2.341069 -0.052181
v 0.124066 -2.343748 0.000000
v 0.116981 -2.341070 0.052181
v -0.771813 -1.671146 0.176577
v -0.777320 -1.663895 0.000000
v -0.770806 -1.670428 -0.176577
v -0.811977 -1.730013 0.150445
v -0.817275 -1.724729 -0.000000
v -0.811678 -1.729801 -0.150445
v -0.839726 -1.783739 0.120768
v -0.844998 -1.781598 -0.000000
v -0.839688 -1.783713 -0.120768
v 0.654577 -1.806706 -0.341116
v 0.689191 -1.765798 -0.389160
v 0.723753 -1.724833 -0.384347
v 0.713500 -1.846021 -0.289465
v 0.743591 -1.811525 -0.329143
v 0.772460 -1.775997 -0.325628
v 0.762319 -1.875697 -0.226840
v 0.788225 -1.849039 -0.254941
v 0.810035 -1.818938 -0.253926
v -0.723753 -1.724833 -0.384347
v -0.689191 -1.765798 -0.389160
v -0.654577 -1.806706 -0.341116
v -0.772460 -1.775997 -0.325628
v -0.743591 -1.811525 -0.329143
v -0.713500 -1.846021 -0.289465
v -0.810035 -1.818938 -0.253926
v -0.788225 -1.849039 -0.254941
v -0.762319 -1.875697 -0.226840
v 0.075411 -2.214191 0.176522
v 0.000000 -2.214293 0.189383
v -0.075411 -2.214191 0.176522
v 0.064414 -2.284601 0.149667
v 0.000000 -2.285420 0.160176
v -0.064414 -2.284601 0.149667
v 0.052181 -2.341069 0.116981
v -0.000000 -2.343748 0.124066
v -0.052181 -2.341070 0.116981
v 0.770806 -1.670428 -0.176577
v 0.777320 -1.663895 -0.000000
v 0.771813 -1.671146 0.176577
v 0.811678 -1.729801 -0.150445
v 0.817275 -1.724729 0.000000
v 0.811977 -1.730013 0.150445
v 0.839688 -1.783713 -0.120768
v 0.844998 -1.781598 0.000000
v 0.839726 -1.783739 0.120768
v -0.176522 -2.214191 0.075411
v -0.189383 -2.214293 0.000000
v -0.176522 -2.214191 -0.075411
v -0.149667 -2.284601 0.064414
v -0.160176 -2.285420 -0.000000
v -0.149667 -2.284601 -0.064414
v -0.116981 -2.341069 0.052181
v -0.124066 -2.343748 -0.000000
v -0.116981 -2.341070 -0.052181
v -0.655638 -1.807461 0.341116
v -0.690746 -1.766906 0.389160
v -0.725592 -1.726143 0.384347
v -0.713814 -1.846245 0.289465
v -0.744052 -1.811853 0.329143
v -0.773005 -1.776384 0.325628
v -0.762358 -1.875725 0.226840
v -0.788283 -1.849080 0.254941
v -0.810103 -1.818986 0.253926
v 0.105446 -0.772018 0.748985
v 0.023801 -0.763555 0.758350
v -0.058205 -0.773112 0.749572
v 0.106836 -0.823441 0.757941
v 0.023006 -0.815417 0.768062
v -0.061357 -0.824203 0.758350
v 0.103993 -0.890218 0.748705
v 0.021679 -0.884090 0.757941
v -0.061254 -0.890740 0.748985
v 0.184763 -0.706978 0.521824
v 0.023722 -0.696497 0.529966
v -0.137163 -0.717273 0.524962
v 0.151004 -0.723418 0.609244
v 0.024984 -0.711260 0.613069
v -0.101521 -0.728482 0.611245
v 0.123368 -0.728978 0.676435
v 0.024948 -0.717691 0.680358
v -0.073976 -0.731468 0.677681
v -0.332129 -0.876418 0.504880
v -0.352262 -0.996963 0.503695
v -0.343587 -1.119055 0.508151
v -0.265177 -0.850572 0.605952
v -0.286702 -0.942603 0.605955
v -0.274044 -1.036400 0.605991
v -0.200206 -0.822060 0.677019
v -0.216878 -0.891087 0.679469
v -0.206488 -0.965182 0.676028
v 0.369400 -1.114236 0.505884
v 0.386348 -0.987841 0.499949
v 0.373716 -0.861745 0.499854
v 0.306107 -1.033018 0.604271
v 0.324587 -0.936989 0.603283
v 0.308553 -0.842770 0.602568
v 0.243704 -0.963027 0.674884
v 0.258160 -0.887835 0.677768
v 0.245198 -0.817922 0.674900
v 0.911883 0.223620 0.103938
v 0.973349 0.187587 0.141592
v 1.033911 0.150985 0.153960
v 0.997732 0.404377 0.094520
v 1.061822 0.378285 0.131039
v 1.125075 0.351716 0.142837
v 1.053153 0.587600 0.088905
v 1.120139 0.571172 0.124855
v 1.186334 0.554355 0.136293
v 0.333702 -0.190048 -0.073127
v 0.333541 -0.177007 -0.010922
v 0.336686 -0.188406 0.051320
v 0.461589 -0.114048 -0.076047
v 0.455464 -0.102044 -0.018549
v 0.464276 -0.112483 0.038863
v 0.594199 -0.011189 -0.079817
v 0.585918 -0.000738 -0.026570
v 0.596699 -0.009895 0.026505
v 0.495988 -0.473729 -0.281117
v 0.439230 -0.380554 -0.254468
v 0.385217 -0.295740 -0.201320
v 0.640134 -0.350874 -0.262063
v 0.583442 -0.277942 -0.242889
v 0.528582 -0.206867 -0.195160
v 0.777099 -0.209917 -0.250070
v 0.721067 -0.150757 -0.234342
v 0.666211 -0.091172 -0.190698
v 0.397169 -0.286073 0.178823
v 0.457099 -0.365419 0.235093
v 0.518873 -0.455032 0.270917
v 0.540397 -0.198416 0.157083
v 0.600849 -0.265055 0.205327
v 0.661231 -0.335316 0.226708
v 0.677271 -0.083867 0.136011
v 0.737133 -0.139505 0.178779
v 0.796040 -0.196253 0.193842
v 1.176198 0.911414 -0.251420
v 1.107247 0.913236 -0.236591
v 1.039032 0.915295 -0.197305
v 1.122312 1.066357 -0.247852
v 1.053399 1.061409 -0.233072
v 0.985207 1.056634 -0.194045
v 1.049360 1.210811 -0.240337
v 0.982081 1.200827 -0.225870
v 0.915503 1.190965 -0.187725
v 0.826080 0.271561 -0.089241
v 0.817032 0.278277 -0.041329
v 0.828395 0.272057 0.006242
v 0.908309 0.439636 -0.093920
v 0.898785 0.444413 -0.047035
v 0.910655 0.439695 -0.000587
v 0.959658 0.610531 -0.097583
v 0.949647 0.613424 -0.051051
v 0.962095 0.610166 -0.005045
v 1.018587 0.140377 -0.243627
v 0.960082 0.179236 -0.229264
v 0.902482 0.218664 -0.189616
v 1.111074 0.342479 -0.245864
v 1.049527 0.371293 -0.231517
v 0.988819 0.400584 -0.192450
v 1.173363 0.546398 -0.249171
v 1.108549 0.565462 -0.234667
v 1.044526 0.584915 -0.195651
v 1.110312 0.098088 0.053585
v 1.116399 0.088546 -0.046344
v 1.102074 0.091940 -0.145931
v 1.205585 0.312663 0.044307
v 1.212565 0.305165 -0.053443
v 1.198151 0.307160 -0.150757
v 1.271202 0.528739 0.038225
v 1.279041 0.523210 -0.058761
v 1.264421 0.523832 -0.155221
v 0.791880 1.463865 0.075950
v 0.851510 1.479401 0.105937
v 0.910661 1.494465 0.115203
v 0.745449 1.595768 0.063724
v 0.797627 1.611375 0.089410
v 0.850337 1.623683 0.097209
v 0.713644 1.706638 0.047295
v 0.756538 1.723619 0.066690
v 0.802491 1.729939 0.072453
v 1.278126 0.915186 0.034882
v 1.287078 0.913155 -0.061954
v 1.272245 0.911370 -0.158148
v 1.223669 1.078436 0.035914
v 1.232755 1.077807 -0.060112
v 1.218104 1.075115 -0.155475
v 1.148030 1.228943 0.036726
v 1.156973 1.229392 -0.057052
v 1.142768 1.226067 -0.150173
v 1.047526 0.916079 0.086574
v 1.118059 0.916696 0.122110
v 1.187855 0.917078 0.133189
v 0.993704 1.056689 0.087395
v 1.063975 1.063948 0.122560
v 1.133525 1.071034 0.133477
v 0.923903 1.190477 0.087092
v 0.992357 1.202623 0.121404
v 1.060110 1.214646 0.132038
v 0.948761 0.917186 -0.098998
v 0.938228 0.916778 -0.052527
v 0.951480 0.916122 -0.006698
v 0.895064 1.049232 -0.096482
v 0.884619 1.047551 -0.050401
v 0.897912 1.047931 -0.004982
v 0.827583 1.176669 -0.092413
v 0.817465 1.174059 -0.047414
v 0.830495 1.175221 -0.003072
v 0.673258 1.834999 -0.075594
v 0.667810 1.850652 -0.040070
v 0.675417 1.834884 -0.004980
v 0.707081 1.859744 -0.082532
v 0.702649 1.877223 -0.041046
v 0.709506 1.860031 0.000050
v 0.751326 1.852742 -0.087125
v 0.748777 1.869122 -0.042412
v 0.753859 1.853399 0.002023
v 0.707704 1.445724 -0.081635
v 0.698906 1.442761 -0.042065
v 0.710392 1.444304 -0.003081
v 0.671550 1.579307 -0.076032
v 0.663528 1.578162 -0.040514
v 0.673959 1.578086 -0.005534
v 0.653749 1.693555 -0.071376
v 0.646454 1.696887 -0.039711
v 0.655854 1.692662 -0.008549
v 0.901389 1.491795 -0.211269
v 0.842518 1.478460 -0.198602
v 0.784391 1.464784 -0.165223
v 0.842235 1.621441 -0.188804
v 0.789745 1.610606 -0.177959
v 0.738838 1.596577 -0.149300
v 0.795882 1.728172 -0.160731
v 0.750092 1.722961 -0.152296
v 0.708156 1.707183 -0.130465
v 0.987347 1.513525 0.031616
v 0.995122 1.515100 -0.050600
v 0.982877 1.511357 -0.132239
v 0.917625 1.640953 0.023941
v 0.923844 1.643819 -0.048036
v 0.913725 1.639123 -0.119546
v 0.856898 1.743566 0.013363
v 0.860176 1.749693 -0.045894
v 0.853671 1.742147 -0.104887
v -0.910162 -0.197155 0.119723
v -0.852879 -0.129074 0.102963
v -0.794357 -0.062288 0.055761
v -0.989569 -0.025854 0.062281
v -0.936055 0.032889 0.046995
v -0.881447 0.090248 0.004524
v -1.071988 0.158644 -0.006139
v -1.023518 0.208314 -0.020143
v -0.974125 0.256442 -0.057909
v -0.475962 -0.563164 0.284534
v -0.424297 -0.459078 0.244446
v -0.374234 -0.362258 0.180177
v -0.604813 -0.512134 0.243130
v -0.549137 -0.420276 0.216773
v -0.493190 -0.331618 0.158134
v -0.721287 -0.441418 0.205986
v -0.663136 -0.357973 0.185677
v -0.603752 -0.276121 0.131047
v -0.323727 -0.242753 0.035045
v -0.321742 -0.230790 -0.034172
v -0.323075 -0.247191 -0.102050
v -0.422256 -0.217496 0.015894
v -0.414087 -0.204776 -0.051953
v -0.420196 -0.221669 -0.119011
v -0.523706 -0.168137 -0.006733
v -0.512983 -0.155563 -0.072595
v -0.521020 -0.171811 -0.138006
v -0.364812 -0.379861 -0.240600
v -0.407790 -0.484555 -0.296734
v -0.454251 -0.594387 -0.321761
v -0.481033 -0.347762 -0.256126
v -0.530137 -0.442921 -0.309847
v -0.581426 -0.538539 -0.329339
v -0.590418 -0.290630 -0.272392
v -0.643188 -0.378289 -0.324357
v -0.697429 -0.464814 -0.341757
v -1.200445 0.554842 -0.430788
v -1.235837 0.513248 -0.455359
v -1.271414 0.473256 -0.461592
v -1.330737 0.683655 -0.495691
v -1.362668 0.647539 -0.516467
v -1.391646 0.610646 -0.519409
v -1.446188 0.783166 -0.551846
v -1.477163 0.755004 -0.569576
v -1.497254 0.719432 -0.567601
v -0.968232 -0.307321 -0.238703
v -0.983657 -0.313373 -0.118515
v -0.980009 -0.295587 0.001434
v -1.044864 -0.124454 -0.257361
v -1.058966 -0.128596 -0.149979
v -1.055215 -0.112102 -0.042921
v -1.123067 0.070479 -0.284630
v -1.135543 0.068444 -0.190668
v -1.131820 0.083941 -0.097214
v -0.781957 -0.075786 -0.297698
v -0.834695 -0.148052 -0.343503
v -0.888673 -0.219025 -0.358867
v -0.870490 0.075605 -0.311146
v -0.920027 0.012585 -0.351720
v -0.970658 -0.049050 -0.365110
v -0.964885 0.239841 -0.333836
v -1.009985 0.185703 -0.368640
v -1.056008 0.133105 -0.379683
v -0.714797 0.026009 -0.064403
v -0.703917 0.036246 -0.122026
v -0.712110 0.022646 -0.179409
v -0.807241 0.165652 -0.103225
v -0.797116 0.174070 -0.154747
v -0.804844 0.161853 -0.205944
v -0.907065 0.319069 -0.152962
v -0.897960 0.325572 -0.198115
v -0.905053 0.314545 -0.242760
v -1.584477 0.913702 -0.525674
v -1.599731 0.923759 -0.569791
v -1.582980 0.902366 -0.591629
v -1.624667 0.899938 -0.526371
v -1.641977 0.908758 -0.576670
v -1.622636 0.886468 -0.603414
v -1.631225 0.856846 -0.508719
v -1.647572 0.862647 -0.559994
v -1.628768 0.842900 -0.590395
v -1.154880 0.620374 -0.295564
v -1.148215 0.623906 -0.330511
v -1.153656 0.613945 -0.364117
v -1.291766 0.744901 -0.377835
v -1.287753 0.748561 -0.410205
v -1.290799 0.737626 -0.439014
v -1.415209 0.837794 -0.450429
v -1.416450 0.843526 -0.482656
v -1.414317 0.829907 -0.506156
v -1.282180 0.505032 -0.177499
v -1.244853 0.541996 -0.190160
v -1.206484 0.576629 -0.220607
v -1.400342 0.643914 -0.272467
v -1.369908 0.678136 -0.285026
v -1.335561 0.707308 -0.311009
v -1.503971 0.750691 -0.362844
v -1.482775 0.784517 -0.375855
v -1.450020 0.806703 -0.394147
v -1.323017 0.429511 -0.386636
v -1.332476 0.431337 -0.315008
v -1.328969 0.445928 -0.244170
v -1.435442 0.573053 -0.452583
v -1.444823 0.577114 -0.391289
v -1.440279 0.589944 -0.329143
v -1.532066 0.688341 -0.511319
v -1.543488 0.695994 -0.462775
v -1.535842 0.703950 -0.408534
vn -0.6718 -0.0993 0.7340
vn -0.5582 0.5709 0.6021
vn -0.7395 -0.0696 -0.6695
vn -0.6065 0.6093 -0.5108
vn 0.7180 -0.2644 0.6439
vn 0.6038 0.6014 0.5233
vn 0.6669 -0.1856 -0.7217
vn 0.5635 0.5758 -0.5924
vn -0.0096 0.6910 -0.7227
vn -0.1499 0.7283 0.6687
vn -0.1007 0.7366 -0.6687
vn -0.0606 0.7566 0.6511
vn -0.4228 -0.2139 -0.8806
vn -0.6757 0.2306 0.7001
vn 0.4830 -0.1225 -0.8670
vn 0.6681 0.2185 0.7112
vn -0.4945 0.4130 -0.7648
vn -0.6445 0.0073 0.7646
vn 0.5007 0.3773 -0.7791
vn 0.6483 -0.0277 0.7609
vn 0.0886 -0.8977 -0.4316
vn 0.0878 -0.9110 0.4029
vn -0.0886 -0.8976 -0.4317
vn -0.0878 -0.9110 0.4030
vn -0.7064 -0.0385 -0.7068
vn -0.7064 -0.0387 0.7068
vn 0.7064 -0.0385 -0.7068
vn 0.7064 -0.0387 0.7068
vn -0.7019 0.6012 -0.3820
vn -0.7097 0.5933 0.3799
vn 0.7100 0.5929 0.3800
vn 0.7022 0.6007 -0.3821
vn 0.4997 -0.7964 -0.3407
vn 0.4993 -0.7968 0.3403
vn -0.4993 -0.7968 0.3403
vn -0.4997 -0.7964 -0.3407
vn -0.7007 -0.1346 -0.7007
vn -0.7007 -0.1346 0.7007
vn 0.7007 -0.1346 -0.7007
vn 0.7007 -0.1346 0.7007
vn -0.9728 0.0529 -0.2255
vn -0.9729 0.0524 0.2253
vn 0.9729 0.0524 0.2253
vn 0.9728 0.0529 -0.2255
vn -0.0532 -0.9707 -0.2345
vn -0.0533 -0.9707 0.2344
vn 0.0533 -0.9707 0.2344
vn 0.0532 -0.9707 -0.2345
vn -0.5003 -0.7067 -0.5003
vn -0.5003 -0.7067 0.5003
vn 0.5003 -0.7067 -0.5003
vn 0.5003 -0.7067 0.5003
vn -0.4614 0.7000 0.5450
vn 0.4629 0.6870 0.5601
vn -0.2641 -0.3516 0.8981
vn 0.2737 -0.3621 0.8911
vn -0.5279 0.4854 0.6969
vn -0.5766 0.4509 -0.6813
vn 0.6256 -0.3390 0.7026
vn 0.5743 -0.3747 -0.7279
vn -0.7087 -0.0196 0.7053
vn -0.7478 -0.0289 -0.6633
vn 0.7256 0.0017 0.6881
vn 0.6838 -0.0117 -0.7296
vn -0.6476 -0.2842 0.7070
vn -0.6910 -0.2761 -0.6681
vn 0.6119 0.3716 0.6982
vn 0.5668 0.3770 -0.7325
vn -0.7093 0.0649 0.7019
vn -0.7493 0.0694 -0.6586
vn 0.5112 0.5788 0.6354
vn 0.4734 0.5764 -0.6661
vn 0.5779 0.4395 -0.6877
vn 0.3898 0.6052 0.6941
vn -0.5252 -0.4554 -0.7188
vn -0.6816 -0.2972 0.6686
vn 0.6724 0.2930 -0.6797
vn 0.4031 0.6374 0.6567
vn -0.5126 -0.4759 -0.7147
vn -0.7386 -0.1089 0.6653
vn 0.5556 0.3620 -0.7485
vn 0.1627 0.8296 0.5342
vn -0.4576 -0.6038 -0.6527
vn -0.7747 -0.0678 0.6286
vn -0.9614 -0.0232 -0.2740
vn -0.9955 -0.0098 0.0941
vn -0.9035 -0.0357 0.4270
vn -0.6788 0.0043 0.7343
vn -0.6719 0.1519 0.7249
vn -0.6364 0.3503 0.6872
vn -0.6519 0.6612 0.3713
vn -0.7013 0.7084 0.0799
vn -0.6851 0.6904 -0.2322
vn -0.7014 0.3852 -0.5997
vn -0.7446 0.1748 -0.6442
vn -0.7508 0.0217 -0.6602
vn 0.3424 -0.1733 -0.9234
vn 0.0019 -0.1543 -0.9880
vn -0.3643 -0.1205 -0.9234
vn -0.3326 0.7025 -0.6292
vn -0.0038 0.7274 -0.6862
vn 0.3130 0.6759 -0.6672
vn 0.6434 0.3457 -0.6830
vn 0.6779 0.1312 -0.7233
vn 0.6814 -0.0410 -0.7308
vn 0.9332 -0.2437 0.2642
vn 0.9723 -0.2155 -0.0904
vn 0.8882 -0.1966 -0.4153
vn 0.6569 0.6647 -0.3558
vn 0.7035 0.7081 -0.0610
vn 0.6839 0.6856 0.2496
vn 0.7026 0.3686 0.6087
vn 0.7491 0.1314 0.6493
vn 0.7506 -0.0740 0.6566
vn -0.3408 -0.1697 0.9247
vn -0.0008 -0.2218 0.9751
vn 0.3576 -0.2551 0.8984
vn 0.3295 0.6929 0.6414
vn 0.0040 0.7171 0.6970
vn -0.3093 0.6675 0.6773
vn 0.0091 0.9274 -0.3739
vn 0.0199 0.9995 -0.0245
vn -0.0807 0.9445 0.3185
vn 0.0447 0.5303 -0.8466
vn 0.0154 0.4362 -0.8997
vn -0.0444 0.4974 -0.8664
vn -0.2780 0.9180 0.2830
vn -0.3758 0.9267 0.0034
vn -0.2955 0.9112 -0.2869
vn -0.1307 0.5179 0.8454
vn -0.0205 0.4431 0.8962
vn 0.0595 0.5317 0.8448
vn 0.6661 -0.4020 0.6283
vn 0.6615 -0.2047 0.7215
vn 0.4102 0.5136 0.7536
vn 0.3030 0.6354 -0.7102
vn 0.6225 0.0593 -0.7804
vn 0.6493 -0.2509 -0.7180
vn -0.6631 -0.1127 0.7400
vn -0.6334 0.1582 0.7575
vn -0.4205 0.5935 0.6862
vn -0.3324 0.6355 -0.6969
vn -0.6313 0.2739 -0.7256
vn -0.7210 -0.0393 -0.6919
vn -0.7512 -0.5203 -0.4062
vn -0.8506 -0.5253 -0.0251
vn -0.8624 -0.3870 0.3264
vn 0.1825 0.1163 -0.9763
vn -0.0025 0.1768 -0.9842
vn -0.1756 0.0921 -0.9801
vn 0.9001 -0.3212 0.2943
vn 0.9053 -0.4215 -0.0522
vn 0.8172 -0.3957 -0.4191
vn -0.2472 0.7370 0.6290
vn -0.0291 0.8156 0.5779
vn 0.1843 0.7342 0.6534
vn -0.0725 0.5895 0.8045
vn -0.0265 0.5109 0.8592
vn 0.1484 0.4145 0.8979
vn 0.1028 0.1663 -0.9807
vn -0.0652 0.3787 -0.9232
vn -0.1135 0.5266 -0.8425
vn 0.0805 0.5028 -0.8607
vn 0.0686 0.3470 -0.9353
vn -0.0611 0.1079 -0.9923
vn -0.2275 0.4273 0.8750
vn -0.0829 0.5335 0.8417
vn -0.0672 0.6063 0.7924
vn -0.8102 0.4918 -0.3188
vn -0.9038 0.4238 -0.0594
vn -0.9093 0.3657 0.1988
vn 0.1823 0.0652 -0.9811
vn -0.0024 -0.0430 -0.9991
vn -0.1879 0.0817 -0.9788
vn 0.9298 0.3080 0.2014
vn 0.9297 0.3630 -0.0624
vn 0.8357 0.4378 -0.3317
vn -0.1455 -0.4563 0.8779
vn 0.0010 -0.5405 0.8413
vn 0.1479 -0.4592 0.8759
vn -0.9253 0.0865 0.3692
vn -0.9552 0.0374 0.2935
vn -0.9175 -0.0152 0.3974
vn 0.9180 -0.0732 0.3897
vn 0.9565 -0.0227 0.2907
vn 0.9261 0.0403 0.3752
vn 0.6139 -0.0790 -0.7854
vn 0.6579 0.0120 -0.7530
vn 0.6361 0.1483 -0.7572
vn -0.6348 0.1993 -0.7466
vn -0.6640 0.0469 -0.7463
vn -0.6151 -0.0930 -0.7830
vn 0.0748 -0.9854 -0.1526
vn 0.0877 -0.9961 -0.0037
vn 0.0779 -0.9870 0.1403
vn 0.0243 -0.7515 -0.6592
vn -0.0000 -0.6732 -0.7394
vn -0.0243 -0.7516 -0.6591
vn -0.0779 -0.9870 0.1403
vn -0.0877 -0.9961 -0.0037
vn -0.0748 -0.9854 -0.1526
vn -0.0230 -0.7819 0.6230
vn -0.0000 -0.7092 0.7050
vn 0.0231 -0.7818 0.6231
vn -0.0771 0.1453 -0.9864
vn 0.1719 -0.3591 -0.9174
vn 0.2082 -0.7200 -0.6619
vn 0.1994 -0.7613 0.6170
vn 0.1660 -0.4895 0.8561
vn -0.0845 -0.1475 0.9854
vn -0.1993 -0.7602 0.6183
vn -0.1655 -0.4863 0.8580
vn 0.0849 -0.1506 0.9849
vn 0.0763 0.1352 -0.9879
vn -0.1718 -0.3578 -0.9179
vn -0.2081 -0.7191 -0.6630
vn -0.9347 -0.0374 -0.3536
vn -0.9993 -0.0362 -0.0000
vn -0.9347 -0.0376 0.3535
vn 0.3532 -0.0362 -0.9348
vn -0.0000 -0.0345 -0.9994
vn -0.3532 -0.0362 -0.9348
vn 0.9347 -0.0376 0.3535
vn 0.9993 -0.0362 -0.0000
vn 0.9347 -0.0374 -0.3536
vn -0.3532 -0.0363 0.9348
vn -0.0000 -0.0345 0.9994
vn 0.3532 -0.0363 0.9348
vn -0.3050 -0.8222 0.4806
vn -0.5688 -0.5487 0.6127
vn -0.6801 -0.2561 0.6869
vn 0.6801 -0.2561 0.6869
vn 0.5688 -0.5487 0.6127
vn 0.3050 -0.8222 0.4806
vn 0.3129 -0.8086 -0.4983
vn 0.5719 -0.5398 -0.6177
vn 0.6805 -0.2537 -0.6874
vn -0.6805 -0.2537 -0.6874
vn -0.5719 -0.5398 -0.6177
vn -0.3129 -0.8086 -0.4983
vn -0.7187 0.6833 -0.1287
vn -0.7207 0.6933 -0.0015
vn -0.7229 0.6794 0.1258
vn 0.7234 0.6789 0.1258
vn 0.7212 0.6927 -0.0015
vn 0.7193 0.6827 -0.1287
vn 0.5515 -0.8207 -0.1494
vn 0.5644 -0.8255 -0.0000
vn 0.5514 -0.8208 0.1494
vn -0.5514 -0.8208 0.1494
vn -0.5644 -0.8255 -0.0000
vn -0.5515 -0.8207 -0.1494
vn -0.4955 0.2288 -0.8379
vn 0.0074 -0.3823 -0.9240
vn 0.3642 -0.7088 -0.6041
vn 0.3628 -0.7107 0.6027
vn 0.0032 -0.3896 0.9210
vn -0.5038 0.2170 0.8361
vn -0.3628 -0.7107 0.6027
vn -0.0032 -0.3896 0.9210
vn 0.5038 0.2168 0.8362
vn 0.4956 0.2285 -0.8380
vn -0.0074 -0.3824 -0.9240
vn -0.3642 -0.7088 -0.6041
vn -0.9266 -0.1330 -0.3518
vn -0.9913 -0.1318 -0.0000
vn -0.9266 -0.1330 0.3518
vn 0.3518 -0.1330 -0.9266
vn -0.0000 -0.1318 -0.9913
vn -0.3518 -0.1330 -0.9266
vn 0.9266 -0.1330 0.3518
vn 0.9913 -0.1318 -0.0000
vn 0.9266 -0.1330 -0.3518
vn -0.3518 -0.1330 0.9266
vn -0.0000 -0.1318 0.9913
vn 0.3518 -0.1330 0.9266
vn -0.7052 0.0729 -0.7052
vn -0.7046 0.0843 -0.7046
vn -0.7071 0.0109 -0.7071
vn -0.7071 0.0109 0.7071
vn -0.7046 0.0843 0.7046
vn -0.7052 0.0729 0.7052
vn -0.5953 0.5709 0.5654
vn -0.5570 0.7114 0.4286
vn -0.5995 0.6985 0.3907
vn 0.5830 -0.7373 0.3413
vn 0.5647 -0.7559 0.3313
vn 0.4159 -0.8517 0.3188
vn -0.4218 -0.8446 -0.3298
vn -0.5670 -0.7537 -0.3324
vn -0.5831 -0.7376 -0.3406
vn -0.5830 -0.7373 0.3413
vn -0.5647 -0.7558 0.3313
vn -0.4160 -0.8516 0.3190
vn 0.7052 0.0729 -0.7052
vn 0.7046 0.0843 -0.7046
vn 0.7071 0.0109 -0.7071
vn -0.4924 0.6874 -0.5339
vn -0.5121 0.7485 -0.4213
vn -0.5827 0.7124 -0.3911
vn 0.6019 0.6960 0.3914
vn 0.5639 0.7039 0.4318
vn 0.6071 0.5516 0.5719
vn 0.7052 0.0729 0.7052
vn 0.7046 0.0843 0.7046
vn 0.7071 0.0109 0.7071
vn 0.5831 -0.7376 -0.3406
vn 0.5670 -0.7537 -0.3323
vn 0.4217 -0.8447 -0.3296
vn 0.5045 0.6697 -0.5450
vn 0.5196 0.7410 -0.4254
vn 0.5853 0.7098 -0.3920
vn -0.9875 0.1093 -0.1140
vn -0.9897 0.1433 -0.0000
vn -0.9875 0.1090 0.1140
vn 0.9875 0.1090 0.1140
vn 0.9897 0.1433 -0.0000
vn 0.9875 0.1093 -0.1140
vn -0.0360 -0.9912 -0.1273
vn -0.0241 -0.9997 -0.0000
vn -0.0360 -0.9912 0.1273
vn 0.0360 -0.9912 0.1273
vn 0.0241 -0.9997 -0.0000
vn 0.0360 -0.9912 -0.1273
vn -0.8936 -0.2948 -0.3386
vn -0.6379 -0.6707 -0.3786
vn -0.3046 -0.8954 -0.3248
vn -0.3047 -0.8954 0.3246
vn -0.6379 -0.6708 0.3782
vn -0.8936 -0.2951 0.3382
vn 0.3047 -0.8954 0.3246
vn 0.6379 -0.6708 0.3782
vn 0.8936 -0.2951 0.3382
vn 0.8936 -0.2948 -0.3386
vn 0.6379 -0.6707 -0.3786
vn 0.3046 -0.8954 -0.3248
vn -0.5912 -0.7581 -0.2753
vn -0.6305 -0.7762 -0.0000
vn -0.5912 -0.7580 0.2753
vn 0.2753 -0.7581 -0.5912
vn -0.0000 -0.7762 -0.6305
vn -0.2753 -0.7580 -0.5912
vn 0.5912 -0.7581 0.2753
vn 0.6305 -0.7762 -0.0000
vn 0.5912 -0.7580 -0.2753
vn -0.2753 -0.7581 0.5912
vn -0.0000 -0.7762 0.6305
vn 0.2753 -0.7580 0.5912
vn 0.3642 -0.8722 0.3265
vn 0.2258 -0.9246 0.3068
vn 0.0806 -0.9565 0.2804
vn 0.0811 -0.9563 -0.2808
vn 0.2268 -0.9241 -0.3077
vn 0.3653 -0.8713 -0.3277
vn 0.6741 -0.3022 -0.6741
vn 0.6309 -0.4516 -0.6309
vn 0.5718 -0.5882 -0.5718
vn -0.5718 -0.5882 -0.5718
vn -0.6309 -0.4516 -0.6309
vn -0.6741 -0.3022 -0.6741
vn -0.3642 -0.8722 0.3265
vn -0.2258 -0.9246 0.3068
vn -0.0806 -0.9565 0.2804
vn 0.9457 0.1634 0.2810
vn 0.8961 0.3063 0.3212
vn 0.8207 0.4481 0.3544
vn -0.3653 -0.8713 -0.3277
vn -0.2268 -0.9241 -0.3077
vn -0.0811 -0.9563 -0.2808
vn 0.6741 -0.3022 0.6741
vn 0.6309 -0.4516 0.6309
vn 0.5718 -0.5882 0.5718
vn -0.8154 0.4553 -0.3575
vn -0.8935 0.3113 -0.3236
vn -0.9450 0.1655 -0.2822
vn -0.9457 0.1634 0.2810
vn -0.8961 0.3063 0.3212
vn -0.8207 0.4481 0.3544
vn 0.8154 0.4553 -0.3575
vn 0.8935 0.3113 -0.3236
vn 0.9450 0.1655 -0.2822
vn -0.6741 -0.3022 0.6741
vn -0.6309 -0.4516 0.6309
vn -0.5718 -0.5882 0.5718
vn -0.2621 0.8015 0.5376
vn -0.0051 0.8452 0.5344
vn 0.2557 0.7967 0.5476
vn -0.1300 -0.3828 0.9146
vn 0.0025 -0.3980 0.9174
vn 0.1364 -0.3886 0.9113
vn -0.5202 0.3686 0.7704
vn -0.4635 0.0334 0.8855
vn -0.3597 -0.2050 0.9103
vn 0.3701 -0.2187 0.9029
vn 0.4724 0.0159 0.8813
vn 0.5257 0.3486 0.7759
vn 0.5013 -0.4013 0.7666
vn 0.3997 -0.4385 0.8050
vn 0.3303 -0.4132 0.8486
vn -0.3203 -0.3988 0.8593
vn -0.3912 -0.4205 0.8186
vn -0.4979 -0.3772 0.7809
vn -0.6247 0.6299 0.4615
vn -0.5842 0.7291 0.3566
vn -0.5471 0.7387 0.3936
vn 0.5477 0.7236 0.4200
vn 0.5831 0.7103 0.3942
vn 0.6156 0.6026 0.5078
vn -0.6750 0.5883 0.4453
vn -0.7689 0.6392 0.0119
vn -0.7065 0.5663 -0.4244
vn 0.8190 -0.5070 0.2686
vn 0.8413 -0.5402 -0.0194
vn 0.7971 -0.5210 -0.3052
vn -0.3924 0.3878 0.8341
vn -0.2026 0.2558 0.9453
vn 0.1709 -0.0018 0.9853
vn 0.1054 -0.0523 -0.9931
vn -0.2651 0.2083 -0.9415
vn -0.4492 0.3465 -0.8235
vn 0.4986 -0.3173 -0.8067
vn 0.5189 -0.3942 -0.7585
vn 0.5428 -0.4054 -0.7355
vn 0.6018 -0.3603 0.7127
vn 0.5921 -0.3282 0.7360
vn 0.5989 -0.1977 0.7760
vn -0.2634 0.7190 0.6431
vn -0.3565 0.6458 0.6752
vn -0.4421 0.5710 0.6918
vn -0.4943 0.5332 -0.6866
vn -0.4106 0.6076 -0.6799
vn -0.3153 0.6855 -0.6563
vn -0.8893 -0.0350 0.4561
vn -0.9986 -0.0464 0.0266
vn -0.9127 -0.0414 -0.4064
vn 0.9674 -0.0091 0.2531
vn 0.9994 -0.0143 -0.0322
vn 0.9493 -0.0156 -0.3139
vn -0.5392 -0.0069 0.8421
vn -0.3012 0.0037 0.9535
vn 0.1651 0.0098 0.9862
vn 0.1114 -0.0044 -0.9938
vn -0.3535 -0.0079 -0.9354
vn -0.5866 -0.0172 -0.8097
vn 0.6545 -0.2908 0.6979
vn 0.6830 -0.2265 0.6944
vn 0.7097 -0.1345 0.6915
vn -0.6959 0.1518 0.7019
vn -0.6583 0.2834 0.6974
vn -0.6025 0.3897 0.6964
vn -0.7359 0.1338 -0.6638
vn -0.7004 0.2589 -0.6652
vn -0.6476 0.3600 -0.6716
vn 0.6669 -0.1550 -0.7288
vn 0.6383 -0.2525 -0.7272
vn 0.6071 -0.3214 -0.7267
vn -0.8141 -0.3627 0.4535
vn -0.9152 -0.4023 0.0240
vn -0.8401 -0.3569 -0.4084
vn 0.8395 0.4792 0.2563
vn 0.8690 0.4938 -0.0309
vn 0.8196 0.4798 -0.3131
vn -0.4949 -0.2052 0.8444
vn -0.2881 -0.0946 0.9529
vn 0.1106 0.1161 0.9871
vn 0.0523 0.1276 -0.9904
vn -0.3459 -0.0835 -0.9346
vn -0.5475 -0.1960 -0.8135
vn -0.7287 -0.1941 -0.6568
vn -0.6963 -0.2994 -0.6524
vn -0.6807 -0.3227 -0.6576
vn 0.5872 0.3554 -0.7272
vn 0.6261 0.2834 -0.7265
vn 0.6674 0.1531 -0.7288
vn 0.6320 0.3506 0.6911
vn 0.6696 0.2824 0.6869
vn 0.7096 0.1587 0.6865
vn -0.6374 -0.3314 0.6956
vn -0.6542 -0.3057 0.6917
vn -0.6886 -0.1941 0.6987
vn -0.8660 0.1344 0.4816
vn -0.9821 0.1857 0.0319
vn -0.8939 0.1383 -0.4265
vn 0.6493 0.6845 0.3314
vn 0.7011 0.7126 -0.0262
vn 0.6276 0.6813 -0.3767
vn -0.5553 0.2079 0.8053
vn -0.2498 0.4007 0.8815
vn 0.1635 0.5506 0.8186
vn 0.1197 0.5496 -0.8268
vn -0.2943 0.4044 -0.8659
vn -0.5983 0.2137 -0.7723
vn 0.6032 0.3824 0.6999
vn 0.5872 0.4183 0.6930
vn 0.5562 0.4881 0.6726
vn -0.7010 -0.0377 0.7122
vn -0.6856 -0.1267 0.7169
vn -0.6676 -0.2059 0.7155
vn -0.7421 -0.0336 -0.6694
vn -0.7276 -0.1220 -0.6751
vn -0.7103 -0.1998 -0.6750
vn 0.5151 0.4878 -0.7048
vn 0.5440 0.4201 -0.7263
vn 0.5588 0.3863 -0.7339
vn 0.6827 0.5840 -0.4392
vn 0.7050 0.7092 -0.0030
vn 0.5657 0.6971 0.4405
vn -0.7533 -0.5871 -0.2963
vn -0.8113 -0.5845 -0.0139
vn -0.8125 -0.5199 0.2637
vn 0.4643 0.3213 -0.8253
vn 0.2905 0.1674 -0.9421
vn -0.0698 -0.1194 -0.9904
vn -0.3129 0.0928 0.9452
vn 0.0392 0.3724 0.9273
vn 0.2389 0.5093 0.8268
vn -0.5545 -0.2854 0.7817
vn -0.5240 -0.4204 0.7408
vn -0.5842 -0.4033 0.7043
vn -0.4016 -0.5625 -0.7227
vn -0.3207 -0.5913 -0.7399
vn -0.3332 -0.5038 -0.7969
vn 0.0067 0.7745 0.6325
vn 0.1297 0.7462 0.6530
vn 0.2629 0.6854 0.6790
vn 0.1991 0.6866 -0.6992
vn 0.3421 0.6193 -0.7067
vn 0.4708 0.5329 -0.7031
vn 0.7694 0.4616 -0.4417
vn 0.7699 0.6377 -0.0220
vn 0.6030 0.6862 0.4068
vn -0.8054 -0.5246 -0.2759
vn -0.8807 -0.4737 0.0072
vn -0.8873 -0.3675 0.2787
vn 0.5630 0.1710 -0.8086
vn 0.3958 0.0274 -0.9179
vn 0.0298 -0.2204 -0.9750
vn -0.3337 0.2448 0.9104
vn 0.0289 0.4666 0.8840
vn 0.2377 0.5697 0.7867
vn 0.4709 0.5435 0.6949
vn 0.4897 0.5327 0.6903
vn 0.4623 0.5696 0.6795
vn -0.7579 -0.0998 0.6447
vn -0.7639 -0.1194 0.6342
vn -0.7450 -0.1823 0.6417
vn -0.5887 -0.3698 -0.7188
vn -0.6226 -0.3216 -0.7134
vn -0.6070 -0.3505 -0.7132
vn 0.6825 0.2962 -0.6682
vn 0.6775 0.3165 -0.6639
vn 0.6474 0.3627 -0.6703
vn 0.5266 0.6164 -0.5855
vn 0.4007 0.9048 -0.1439
vn 0.2518 0.9151 0.3150
vn -0.7268 -0.5888 -0.3536
vn -0.8824 -0.4681 0.0473
vn -0.8810 -0.2667 0.3908
vn 0.4196 0.2449 -0.8741
vn 0.1191 -0.0280 -0.9925
vn -0.2394 -0.3819 -0.8927
vn -0.6339 0.2666 0.7260
vn -0.3520 0.5927 0.7244
vn -0.0438 0.7762 0.6290
vn -0.4342 -0.5774 -0.6914
vn -0.3991 -0.6288 -0.6673
vn -0.4118 -0.6353 -0.6533
vn 0.6008 0.3324 -0.7271
vn 0.6326 0.3084 -0.7105
vn 0.6548 0.2971 -0.6950
vn 0.2211 0.7965 0.5628
vn 0.2795 0.7558 0.5922
vn 0.3368 0.7046 0.6246
vn -0.7429 -0.1003 0.6619
vn -0.7235 -0.1229 0.6793
vn -0.7228 -0.1252 0.6796
vn -0.9042 0.0303 0.4260
vn -0.8915 0.1621 0.4231
vn -0.8373 0.3710 0.4016
vn -0.9943 0.0413 0.0987
vn -0.9802 0.1702 0.1009
vn -0.9122 0.3980 0.0974
vn -0.9638 0.0386 -0.2637
vn -0.9507 0.1757 -0.2556
vn -0.8889 0.3931 -0.2354
vn -0.3768 -0.0025 -0.9263
vn -0.3793 0.1638 -0.9107
vn -0.3575 0.4006 -0.8437
vn -0.0005 -0.0214 -0.9998
vn -0.0026 0.1505 -0.9886
vn -0.0040 0.4073 -0.9133
vn 0.3509 -0.0331 -0.9358
vn 0.3507 0.1391 -0.9261
vn 0.3315 0.3751 -0.8657
vn 0.9050 -0.0479 -0.4227
vn 0.8985 0.1275 -0.4200
vn 0.8450 0.3619 -0.3938
vn 0.9937 -0.0563 -0.0969
vn 0.9871 0.1276 -0.0967
vn 0.9185 0.3857 -0.0871
vn 0.9625 -0.0670 0.2631
vn 0.9568 0.1289 0.2605
vn 0.8929 0.3774 0.2456
vn 0.3789 -0.0686 0.9229
vn 0.3818 0.1338 0.9145
vn 0.3570 0.3876 0.8499
vn 0.0036 -0.0526 0.9986
vn 0.0052 0.1368 0.9906
vn 0.0053 0.3990 0.9169
vn -0.3477 -0.0275 0.9372
vn -0.3467 0.1420 0.9272
vn -0.3272 0.3728 0.8683
vn 0.8745 -0.2620 -0.4082
vn 0.9501 -0.3019 -0.0781
vn 0.8934 -0.3587 0.2706
vn 0.8507 0.2624 -0.4554
vn 0.9470 0.3162 -0.0566
vn 0.9269 0.0612 0.3703
vn 0.2065 0.9205 -0.3318
vn 0.1141 0.9933 -0.0199
vn 0.2874 0.9065 0.3093
vn 0.3329 0.8782 -0.3435
vn -0.0017 0.9429 -0.3331
vn -0.3444 0.8951 -0.2833
vn 0.3558 0.9343 -0.0232
vn 0.0001 0.9999 0.0135
vn -0.3554 0.9335 0.0483
vn 0.3424 0.8886 0.3051
vn 0.0018 0.9347 0.3553
vn -0.3303 0.8708 0.3642
vn 0.7972 -0.5170 0.3117
vn 0.8153 -0.5785 -0.0251
vn 0.7490 -0.5505 -0.3687
vn 0.7644 -0.5755 0.2907
vn 0.7796 -0.6261 -0.0170
vn 0.7317 -0.5982 -0.3268
vn 0.7784 -0.5632 0.2773
vn 0.7967 -0.6041 -0.0167
vn 0.7531 -0.5803 -0.3100
vn 0.3203 -0.3964 0.8604
vn -0.0117 -0.3482 0.9373
vn -0.3339 -0.2572 0.9069
vn 0.3022 -0.2985 0.9053
vn -0.0207 -0.2628 0.9646
vn -0.3313 -0.1185 0.9361
vn 0.2195 0.1837 0.9582
vn -0.0263 0.1235 0.9920
vn -0.2650 0.2764 0.9238
vn -0.3454 -0.1572 -0.9252
vn 0.0039 -0.2238 -0.9746
vn 0.3279 -0.2474 -0.9117
vn -0.3040 0.0251 -0.9523
vn 0.0118 -0.0902 -0.9959
vn 0.3112 -0.0762 -0.9473
vn -0.1808 0.3506 -0.9189
vn 0.0207 0.2277 -0.9735
vn 0.2053 0.3275 -0.9223
vn -0.9005 0.0377 0.4331
vn -0.9908 0.1027 0.0876
vn -0.9533 0.0727 -0.2932
vn -0.7925 0.4526 0.4088
vn -0.8152 0.5767 0.0532
vn -0.7977 0.5106 -0.3209
vn -0.4017 0.8558 0.3259
vn -0.3160 0.9487 -0.0040
vn -0.3469 0.8750 -0.3377
vn -0.1629 -0.5386 0.8267
vn 0.0018 -0.5677 0.8233
vn 0.1680 -0.5454 0.8212
vn -0.1499 -0.5268 0.8367
vn 0.0023 -0.5518 0.8340
vn 0.1563 -0.5339 0.8310
vn -0.1319 -0.4812 0.8666
vn 0.0025 -0.4985 0.8669
vn 0.1385 -0.4877 0.8619
vn -0.5651 -0.7523 -0.3386
vn -0.6475 -0.7620 0.0097
vn -0.6552 -0.6716 0.3460
vn -0.5218 -0.7991 -0.2987
vn -0.5865 -0.8099 0.0125
vn -0.6021 -0.7327 0.3172
vn -0.6122 -0.7340 -0.2940
vn -0.6736 -0.7391 0.0013
vn -0.6840 -0.6685 0.2920
vn -0.0108 0.5712 0.8207
vn -0.0230 0.5460 0.8375
vn -0.0626 0.5664 0.8218
vn -0.0063 0.5626 0.8267
vn -0.0252 0.5790 0.8149
vn -0.0621 0.5656 0.8224
vn 0.0756 0.5816 0.8100
vn -0.0265 0.6502 0.7593
vn -0.1374 0.5825 0.8011
vn 0.0149 0.4777 -0.8784
vn 0.0029 0.4659 -0.8848
vn -0.0238 0.5003 -0.8655
vn 0.0138 0.3844 -0.9231
vn -0.0044 0.4034 -0.9150
vn -0.0217 0.4034 -0.9148
vn -0.0584 0.2382 -0.9695
vn -0.0050 0.2966 -0.9550
vn 0.0595 0.2624 -0.9631
vn -0.4433 -0.8886 0.1177
vn -0.4675 -0.8840 -0.0015
vn -0.4455 -0.8868 -0.1230
vn -0.5916 -0.7945 0.1370
vn -0.6040 -0.7970 -0.0001
vn -0.5926 -0.7936 -0.1376
vn -0.6153 -0.7744 0.1477
vn -0.6243 -0.7812 0.0002
vn -0.6153 -0.7744 -0.1472
vn -0.2666 0.0354 -0.9632
vn -0.0019 0.0867 -0.9962
vn 0.2664 0.0431 -0.9629
vn -0.3029 0.0500 -0.9517
vn -0.0034 0.0460 -0.9989
vn 0.2963 0.0377 -0.9544
vn -0.2741 0.0828 -0.9581
vn -0.0036 0.0207 -0.9998
vn 0.2668 0.0624 -0.9617
vn 0.8848 -0.1931 -0.4240
vn 0.9733 -0.2098 -0.0934
vn 0.9773 -0.1181 0.1759
vn 0.9119 -0.0251 -0.4097
vn 0.9923 -0.0430 -0.1159
vn 0.9940 -0.0366 0.1028
vn 0.9063 0.1631 -0.3899
vn 0.9876 0.1203 -0.1011
vn 0.9893 0.0414 0.1397
vn -0.9804 -0.0826 0.1791
vn -0.9773 -0.1955 -0.0819
vn -0.8882 -0.1976 -0.4148
vn -0.9941 0.0297 0.1044
vn -0.9935 0.0233 -0.1111
vn -0.9153 0.0316 -0.4015
vn -0.9835 0.1118 0.1420
vn -0.9756 0.1966 -0.0974
vn -0.8949 0.2350 -0.3795
vn 0.1522 -0.6836 0.7138
vn -0.0000 -0.6102 0.7922
vn -0.1522 -0.6836 0.7138
vn 0.2730 -0.4741 0.8371
vn -0.0000 -0.4319 0.9019
vn -0.2730 -0.4741 0.8371
vn 0.3350 -0.2338 0.9127
vn -0.0000 -0.2192 0.9757
vn -0.3350 -0.2338 0.9127
vn 0.0350 -0.4290 0.9026
vn 0.0005 -0.5323 0.8466
vn -0.0347 -0.4277 0.9032
vn -0.0549 -0.5907 0.8050
vn 0.0004 -0.6167 0.7872
vn 0.0557 -0.5920 0.8040
vn -0.0505 -0.7423 0.6681
vn 0.0002 -0.7082 0.7060
vn 0.0508 -0.7429 0.6674
vn -0.0436 -0.1018 -0.9939
vn -0.0008 -0.2058 -0.9786
vn 0.0410 -0.1081 -0.9933
vn 0.0590 -0.4366 -0.8977
vn 0.0001 -0.4539 -0.8910
vn -0.0588 -0.4361 -0.8980
vn 0.0544 -0.6808 -0.7304
vn 0.0001 -0.6368 -0.7711
vn -0.0541 -0.6802 -0.7310
vn 0.4020 -0.6873 0.6051
vn 0.2792 -0.3164 0.9066
vn -0.1356 0.2066 0.9690
vn 0.5124 -0.6045 0.6100
vn 0.3011 -0.1999 0.9324
vn -0.1938 0.4168 0.8881
vn 0.4956 -0.6137 0.6146
vn 0.2045 -0.2324 0.9509
vn -0.3130 0.3861 0.8677
vn -0.9326 0.0717 0.3537
vn -0.9975 0.0708 -0.0000
vn -0.9326 0.0717 -0.3537
vn -0.9317 0.0830 0.3536
vn -0.9966 0.0820 -0.0000
vn -0.9317 0.0830 -0.3536
vn -0.9348 0.0108 0.3550
vn -0.9999 0.0106 -0.0000
vn -0.9348 0.0108 -0.3550
vn -0.1550 -0.6654 -0.7302
vn -0.0000 -0.5909 -0.8067
vn 0.1550 -0.6654 -0.7302
vn -0.2745 -0.4658 -0.8412
vn -0.0000 -0.4243 -0.9055
vn 0.2745 -0.4658 -0.8412
vn -0.3353 -0.2319 -0.9131
vn -0.0000 -0.2177 -0.9760
vn 0.3353 -0.2319 -0.9131
vn 0.4390 -0.8698 -0.2252
vn 0.4755 -0.8797 -0.0042
vn 0.4318 -0.8764 0.2134
vn 0.7802 -0.5511 -0.2960
vn 0.8407 -0.5414 -0.0021
vn 0.7777 -0.5570 0.2915
vn 0.9068 -0.2497 -0.3397
vn 0.9702 -0.2424 -0.0005
vn 0.9066 -0.2515 0.3389
vn -0.4318 -0.8764 0.2134
vn -0.4755 -0.8797 -0.0042
vn -0.4390 -0.8698 -0.2252
vn -0.7777 -0.5570 0.2915
vn -0.8407 -0.5414 -0.0021
vn -0.7802 -0.5511 -0.2960
vn -0.9066 -0.2515 0.3389
vn -0.9702 -0.2424 -0.0005
vn -0.9068 -0.2497 -0.3397
vn 0.6781 0.0253 0.7345
vn 0.2110 -0.5453 0.8112
vn -0.1795 -0.8090 0.5597
vn 0.7793 -0.1215 0.6148
vn 0.3728 -0.6315 0.6798
vn -0.0081 -0.8639 0.5036
vn 0.8387 -0.2336 0.4919
vn 0.5085 -0.6697 0.5413
vn 0.1566 -0.8872 0.4340
vn -0.3376 -0.2996 -0.8923
vn -0.0000 -0.2979 -0.9546
vn 0.3376 -0.2996 -0.8923
vn -0.3141 -0.4506 -0.8356
vn -0.0000 -0.4507 -0.8927
vn 0.3141 -0.4506 -0.8356
vn -0.2819 -0.5958 -0.7520
vn -0.0000 -0.6050 -0.7962
vn 0.2819 -0.5958 -0.7520
vn 0.4416 -0.8854 -0.1453
vn 0.4604 -0.8877 -0.0001
vn 0.4412 -0.8856 0.1448
vn 0.3224 -0.9366 -0.1374
vn 0.3444 -0.9388 -0.0001
vn 0.3220 -0.9368 0.1371
vn 0.1840 -0.9749 -0.1251
vn 0.1989 -0.9800 -0.0000
vn 0.1837 -0.9750 0.1250
vn -0.3537 0.0717 -0.9326
vn -0.0000 0.0708 -0.9975
vn 0.3537 0.0717 -0.9326
vn -0.3536 0.0830 -0.9317
vn -0.0000 0.0820 -0.9966
vn 0.3536 0.0830 -0.9317
vn -0.3550 0.0108 -0.9348
vn -0.0000 0.0106 -0.9999
vn 0.3550 0.0108 -0.9348
vn -0.7540 0.6334 0.1740
vn -0.7715 0.6357 -0.0254
vn -0.6915 0.6888 -0.2177
vn -0.6624 0.7360 0.1396
vn -0.6750 0.7377 -0.0085
vn -0.6340 0.7579 -0.1535
vn -0.6570 0.7429 0.1283
vn -0.6630 0.7486 -0.0028
vn -0.6466 0.7511 -0.1332
vn 0.1372 0.2030 0.9695
vn -0.2792 -0.3126 0.9079
vn -0.4022 -0.6860 0.6064
vn 0.1951 0.4143 0.8890
vn -0.3013 -0.1981 0.9327
vn -0.5126 -0.6036 0.6106
vn 0.3134 0.3850 0.8681
vn -0.2046 -0.2321 0.9509
vn -0.4957 -0.6135 0.6148
vn 0.9326 0.0717 -0.3537
vn 0.9975 0.0708 -0.0000
vn 0.9326 0.0717 0.3537
vn 0.9317 0.0830 -0.3536
vn 0.9966 0.0820 -0.0000
vn 0.9317 0.0830 0.3536
vn 0.9348 0.0108 -0.3550
vn 0.9999 0.0106 -0.0000
vn 0.9348 0.0108 0.3550
vn 0.4455 -0.8868 -0.1230
vn 0.4675 -0.8840 -0.0015
vn 0.4433 -0.8886 0.1177
vn 0.5926 -0.7936 -0.1376
vn 0.6040 -0.7970 -0.0001
vn 0.5916 -0.7945 0.1370
vn 0.6153 -0.7744 -0.1472
vn 0.6243 -0.7812 0.0002
vn 0.6153 -0.7744 0.1477
vn -0.4109 -0.6654 -0.6232
vn -0.2848 -0.2333 -0.9298
vn 0.1064 0.3700 -0.9229
vn -0.5158 -0.5992 -0.6123
vn -0.3049 -0.1678 -0.9375
vn 0.1714 0.4642 -0.8690
vn -0.4961 -0.6139 -0.6140
vn -0.2072 -0.2239 -0.9523
vn 0.3016 0.4024 -0.8644
vn -0.1046 0.3784 -0.9197
vn 0.2848 -0.2343 -0.9295
vn 0.4108 -0.6664 -0.6222
vn -0.1696 0.4685 -0.8671
vn 0.3048 -0.1679 -0.9375
vn 0.5156 -0.5999 -0.6118
vn -0.3009 0.4040 -0.8639
vn 0.2071 -0.2238 -0.9524
vn 0.4960 -0.6141 -0.6138
vn 0.3537 0.0717 0.9326
vn -0.0000 0.0708 0.9975
vn -0.3537 0.0717 0.9326
vn 0.3536 0.0830 0.9317
vn -0.0000 0.0820 0.9966
vn -0.3536 0.0830 0.9317
vn 0.3550 0.0108 0.9348
vn -0.0000 0.0106 0.9999
vn -0.3550 0.0108 0.9348
vn 0.7142 0.6626 -0.2255
vn 0.7970 0.6034 -0.0268
vn 0.7760 0.6050 0.1783
vn 0.6464 0.7469 -0.1559
vn 0.6890 0.7247 -0.0089
vn 0.6745 0.7246 0.1412
vn 0.6507 0.7475 -0.1337
vn 0.6676 0.7445 -0.0029
vn 0.6610 0.7393 0.1287
vn -0.9555 -0.2481 0.1594
vn -0.9768 -0.2141 -0.0000
vn -0.9555 -0.2481 -0.1594
vn -0.7306 -0.6552 0.1920
vn -0.7611 -0.6486 -0.0000
vn -0.7306 -0.6552 -0.1920
vn -0.3650 -0.9165 0.1639
vn -0.3697 -0.9292 -0.0000
vn -0.3650 -0.9165 -0.1639
vn 0.9555 -0.2481 -0.1594
vn 0.9768 -0.2141 -0.0000
vn 0.9555 -0.2481 0.1594
vn 0.7306 -0.6552 -0.1920
vn 0.7611 -0.6486 -0.0000
vn 0.7306 -0.6552 0.1920
vn 0.3650 -0.9165 -0.1639
vn 0.3697 -0.9292 -0.0000
vn 0.3650 -0.9165 0.1639
vn -0.3269 -0.8867 -0.3269
vn -0.0000 -0.9331 -0.3597
vn 0.3269 -0.8867 -0.3269
vn -0.3597 -0.9331 -0.0000
vn -0.0000 -1.0000 -0.0000
vn 0.3597 -0.9331 -0.0000
vn -0.3269 -0.8867 0.3269
vn -0.0000 -0.9331 0.3597
vn 0.3269 -0.8867 0.3269
vn -0.4412 -0.8856 0.1448
vn -0.4604 -0.8877 -0.0001
vn -0.4416 -0.8854 -0.1453
vn -0.3220 -0.9368 0.1371
vn -0.3444 -0.9388 -0.0001
vn -0.3224 -0.9366 -0.1374
vn -0.1837 -0.9750 0.1250
vn -0.1989 -0.9800 -0.0000
vn -0.1840 -0.9749 -0.1251
vn 0.8923 -0.2996 -0.3376
vn 0.9546 -0.2979 -0.0000
vn 0.8923 -0.2996 0.3376
vn 0.8356 -0.4506 -0.3141
vn 0.8927 -0.4507 -0.0000
vn 0.8356 -0.4506 0.3141
vn 0.7520 -0.5958 -0.2819
vn 0.7962 -0.6050 -0.0000
vn 0.7520 -0.5958 0.2819
vn -0.8073 0.5776 0.1214
vn -0.7998 0.6002 -0.0011
vn -0.8045 0.5809 -0.1237
vn -0.8768 0.4668 0.1150
vn -0.8685 0.4956 -0.0006
vn -0.8753 0.4693 -0.1164
vn -0.9362 0.3353 0.1055
vn -0.9327 0.3606 -0.0002
vn -0.9357 0.3365 -0.1060
vn -0.1820 -0.8063 -0.5628
vn 0.2066 -0.5379 -0.8173
vn 0.6717 0.0358 -0.7399
vn -0.0099 -0.8624 -0.5061
vn 0.3704 -0.6277 -0.6847
vn 0.7765 -0.1151 -0.6196
vn 0.1558 -0.8868 -0.4351
vn 0.5077 -0.6686 -0.5434
vn 0.8380 -0.2312 -0.4942
vn -0.6717 0.0358 -0.7399
vn -0.2066 -0.5379 -0.8173
vn 0.1820 -0.8063 -0.5628
vn -0.7765 -0.1151 -0.6196
vn -0.3704 -0.6277 -0.6847
vn 0.0099 -0.8624 -0.5061
vn -0.8380 -0.2312 -0.4942
vn -0.5077 -0.6686 -0.5434
vn -0.1558 -0.8868 -0.4351
vn 0.3376 -0.2996 0.8923
vn -0.0000 -0.2979 0.9546
vn -0.3376 -0.2996 0.8923
vn 0.3141 -0.4506 0.8356
vn -0.0000 -0.4507 0.8927
vn -0.3141 -0.4506 0.8356
vn 0.2819 -0.5958 0.7520
vn -0.0000 -0.6050 0.7962
vn -0.2819 -0.5958 0.7520
vn 0.8045 0.5809 -0.1237
vn 0.7998 0.6002 -0.0011
vn 0.8073 0.5776 0.1214
vn 0.8753 0.4693 -0.1164
vn 0.8685 0.4956 -0.0006
vn 0.8768 0.4668 0.1150
vn 0.9357 0.3365 -0.1060
vn 0.9327 0.3606 -0.0002
vn 0.9362 0.3353 0.1055
vn -0.8923 -0.2996 0.3376
vn -0.9546 -0.2979 -0.0000
vn -0.8923 -0.2996 -0.3376
vn -0.8356 -0.4506 0.3141
vn -0.8927 -0.4507 -0.0000
vn -0.8356 -0.4506 -0.3141
vn -0.7520 -0.5958 0.2819
vn -0.7962 -0.6050 -0.0000
vn -0.7520 -0.5958 -0.2819
vn 0.1795 -0.8090 0.5597
vn -0.2110 -0.5453 0.8112
vn -0.6781 0.0253 0.7345
vn 0.0081 -0.8639 0.5036
vn -0.3728 -0.6315 0.6798
vn -0.7793 -0.1215 0.6148
vn -0.1566 -0.8872 0.4340
vn -0.5085 -0.6697 0.5413
vn -0.8387 -0.2336 0.4919
vn 0.2645 0.3995 0.8778
vn 0.0001 0.4421 0.8970
vn -0.2621 0.4065 0.8753
vn 0.2387 0.0225 0.9708
vn 0.0024 0.0285 0.9996
vn -0.2323 0.0291 0.9722
vn 0.1799 -0.2263 0.9573
vn 0.0026 -0.2346 0.9721
vn -0.1731 -0.2208 0.9598
vn 0.2289 0.8936 0.3862
vn -0.0269 0.9499 0.3113
vn -0.2769 0.8945 0.3511
vn 0.2497 0.9425 0.2222
vn -0.0192 0.9891 0.1463
vn -0.2775 0.9408 0.1946
vn 0.2524 0.9381 0.2372
vn -0.0114 0.9818 0.1896
vn -0.2684 0.9382 0.2185
vn -0.8520 0.2414 0.4645
vn -0.8826 0.0384 0.4685
vn -0.7894 -0.1398 0.5977
vn -0.7833 0.3549 0.5103
vn -0.7875 0.0389 0.6151
vn -0.6521 -0.2103 0.7284
vn -0.6920 0.3807 0.6133
vn -0.6577 0.0397 0.7523
vn -0.5241 -0.2157 0.8239
vn 0.7910 -0.1838 0.5836
vn 0.8870 -0.0129 0.4616
vn 0.8598 0.1941 0.4723
vn 0.6592 -0.2425 0.7118
vn 0.7949 -0.0032 0.6067
vn 0.7929 0.3117 0.5236
vn 0.5348 -0.2388 0.8106
vn 0.6668 0.0085 0.7452
vn 0.7004 0.3475 0.6234
vn -0.4551 0.3116 0.8341
vn -0.2480 0.2030 0.9473
vn 0.1597 -0.0122 0.9871
vn -0.5007 0.2276 0.8352
vn -0.2794 0.1477 0.9487
vn 0.1557 -0.0152 0.9877
vn -0.5298 0.1249 0.8389
vn -0.2972 0.0828 0.9512
vn 0.1589 -0.0099 0.9873
vn -0.4302 0.8312 -0.3522
vn -0.4750 0.8800 0.0016
vn -0.3997 0.8472 0.3499
vn -0.5197 0.7517 -0.4061
vn -0.5633 0.8263 0.0025
vn -0.4853 0.7736 0.4075
vn -0.6115 0.6669 -0.4258
vn -0.6639 0.7478 0.0064
vn -0.5776 0.6903 0.4357
vn 0.1124 0.0715 -0.9911
vn -0.1188 0.3388 -0.9333
vn -0.2214 0.5067 -0.8332
vn 0.1172 0.0017 -0.9931
vn -0.1678 0.2961 -0.9403
vn -0.3051 0.4638 -0.8317
vn 0.1132 -0.0371 -0.9929
vn -0.2164 0.2527 -0.9430
vn -0.3791 0.4099 -0.8296
vn -0.1648 0.5653 0.8083
vn -0.0647 0.4418 0.8948
vn 0.1739 0.2386 0.9554
vn -0.2442 0.5170 0.8204
vn -0.1045 0.3733 0.9218
vn 0.1891 0.1000 0.9768
vn -0.3189 0.4571 0.8303
vn -0.1510 0.3111 0.9383
vn 0.1837 0.0284 0.9826
vn 0.1053 0.0389 -0.9937
vn -0.3501 -0.0732 -0.9339
vn -0.5759 -0.1406 -0.8053
vn 0.0882 0.0762 -0.9932
vn -0.3430 -0.1137 -0.9324
vn -0.5548 -0.2202 -0.8023
vn 0.0689 0.1036 -0.9922
vn -0.3400 -0.1167 -0.9331
vn -0.5426 -0.2363 -0.8061
vn -0.7899 0.4516 -0.4148
vn -0.8601 0.5098 0.0177
vn -0.7610 0.4707 0.4464
vn -0.8536 0.3240 -0.4079
vn -0.9303 0.3662 0.0225
vn -0.8267 0.3399 0.4484
vn -0.8985 0.1659 -0.4063
vn -0.9817 0.1884 0.0259
vn -0.8734 0.1780 0.4534
vn 0.0988 -0.0549 -0.9936
vn -0.3061 0.1628 -0.9380
vn -0.5078 0.2764 -0.8159
vn 0.0985 -0.0505 -0.9939
vn -0.3340 0.1148 -0.9355
vn -0.5502 0.1989 -0.8110
vn 0.1041 -0.0361 -0.9939
vn -0.3496 0.0591 -0.9350
vn -0.5772 0.1041 -0.8099
vn 0.8656 -0.4267 0.2621
vn 0.8910 -0.4534 -0.0228
vn 0.8453 -0.4388 -0.3049
vn 0.9084 -0.3292 0.2578
vn 0.9364 -0.3500 -0.0258
vn 0.8892 -0.3398 -0.3064
vn 0.9465 -0.1974 0.2553
vn 0.9770 -0.2114 -0.0290
vn 0.9281 -0.2062 -0.3100
vn -0.5079 -0.1366 0.8505
vn -0.2977 -0.0360 0.9540
vn 0.0998 0.1552 0.9828
vn -0.5173 -0.0614 0.8536
vn -0.3018 0.0396 0.9525
vn 0.0916 0.2190 0.9714
vn -0.5187 0.0385 0.8541
vn -0.2892 0.1630 0.9433
vn 0.0872 0.3257 0.9414
vn 0.9466 0.2035 0.2502
vn 0.9775 0.2080 -0.0340
vn 0.9282 0.1998 -0.3138
vn 0.8954 0.3695 0.2483
vn 0.9240 0.3810 -0.0336
vn 0.8764 0.3681 -0.3105
vn 0.8526 0.4587 0.2503
vn 0.8802 0.4734 -0.0321
vn 0.8330 0.4587 -0.3094
vn -0.5263 -0.1409 0.8385
vn -0.2958 -0.0738 0.9524
vn 0.1598 0.0402 0.9863
vn -0.5026 -0.2275 0.8341
vn -0.2859 -0.1228 0.9504
vn 0.1448 0.0680 0.9871
vn -0.4892 -0.2462 0.8367
vn -0.2815 -0.1289 0.9508
vn 0.1272 0.0913 0.9877
vn -0.8814 -0.2502 -0.4006
vn -0.9592 -0.2818 0.0244
vn -0.8584 -0.2504 0.4478
vn -0.8356 -0.3801 -0.3966
vn -0.9045 -0.4259 0.0219
vn -0.8116 -0.3849 0.4395
vn -0.8194 -0.4100 -0.4007
vn -0.8880 -0.4594 0.0216
vn -0.7942 -0.4164 0.4426
vn -0.7199 0.4446 -0.5331
vn -0.7991 0.6007 0.0243
vn -0.6895 0.4398 0.5754
vn -0.2602 0.7555 -0.6013
vn -0.2619 0.9651 0.0056
vn -0.2298 0.7555 0.6135
vn 0.2815 0.8015 -0.5277
vn 0.3661 0.9304 -0.0157
vn 0.3090 0.8057 0.5053
vn -0.8712 -0.2673 -0.4118
vn -0.9522 -0.3041 0.0272
vn -0.8446 -0.2715 0.4614
vn -0.8968 -0.1742 -0.4066
vn -0.9797 -0.1983 0.0299
vn -0.8701 -0.1772 0.4600
vn -0.9174 -0.0610 -0.3932
vn -0.9977 -0.0592 0.0320
vn -0.8910 -0.0636 0.4496
vn 0.0429 0.1636 -0.9856
vn -0.3534 -0.0274 -0.9351
vn -0.5587 -0.1294 -0.8192
vn 0.0369 0.2248 -0.9737
vn -0.3551 0.0464 -0.9337
vn -0.5665 -0.0556 -0.8222
vn 0.0360 0.3291 -0.9436
vn -0.3394 0.1686 -0.9254
vn -0.5660 0.0438 -0.8232
vn 0.8404 0.4748 0.2615
vn 0.8731 0.4866 -0.0302
vn 0.8207 0.4753 -0.3171
vn 0.8290 0.4929 0.2643
vn 0.8649 0.5010 -0.0298
vn 0.8095 0.4928 -0.3192
vn 0.7907 0.5523 0.2642
vn 0.8255 0.5637 -0.0291
vn 0.7716 0.5512 -0.3175
vn -0.3279 0.1385 0.9345
vn 0.0723 0.3632 0.9289
vn 0.3004 0.4706 0.8296
vn -0.3305 0.1759 0.9273
vn 0.0795 0.3761 0.9232
vn 0.3135 0.4702 0.8250
vn -0.3298 0.2097 0.9205
vn 0.0636 0.4123 0.9088
vn 0.2890 0.5072 0.8120
vn -0.2570 0.2511 0.9332
vn -0.0765 0.4901 0.8683
vn -0.0218 0.6232 0.7818
vn -0.2631 0.1101 0.9585
vn -0.0467 0.4420 0.8958
vn 0.0541 0.6066 0.7932
vn -0.2818 0.0681 0.9571
vn -0.0044 0.3996 0.9167
vn 0.1465 0.5638 0.8128
vn 0.0904 0.9320 0.3509
vn 0.1891 0.9816 -0.0280
vn 0.2142 0.8858 -0.4117
vn 0.2414 0.8874 0.3929
vn 0.3546 0.9347 -0.0229
vn 0.3806 0.8115 -0.4434
vn 0.4088 0.8071 0.4259
vn 0.5395 0.8419 -0.0131
vn 0.5440 0.7075 -0.4511
vn 0.1890 0.4898 -0.8511
vn 0.1456 0.2931 -0.9449
vn -0.0149 -0.0327 -0.9994
vn 0.2941 0.4445 -0.8461
vn 0.2121 0.2386 -0.9477
vn 0.0056 -0.1264 -0.9920
vn 0.3875 0.3842 -0.8380
vn 0.2592 0.1954 -0.9458
vn -0.0186 -0.1496 -0.9886
vn 0.5573 0.1531 -0.8161
vn 0.4058 -0.0142 -0.9138
vn 0.0727 -0.2945 -0.9529
vn 0.5405 0.1449 -0.8288
vn 0.3913 -0.0426 -0.9193
vn 0.0720 -0.3411 -0.9373
vn 0.5002 0.1479 -0.8532
vn 0.3258 -0.0580 -0.9437
vn 0.0171 -0.3581 -0.9335
vn -0.8464 -0.4451 -0.2925
vn -0.9002 -0.4349 -0.0228
vn -0.8954 -0.3741 0.2416
vn -0.8733 -0.3922 -0.2891
vn -0.9276 -0.3730 -0.0224
vn -0.9214 -0.3072 0.2378
vn -0.8584 -0.4258 -0.2860
vn -0.9195 -0.3929 -0.0127
vn -0.9163 -0.3116 0.2516
vn 0.5184 0.2669 -0.8124
vn 0.3194 0.1433 -0.9367
vn -0.0942 -0.0870 -0.9917
vn 0.5476 0.2255 -0.8058
vn 0.3466 0.1118 -0.9313
vn -0.0785 -0.0953 -0.9923
vn 0.5601 0.1948 -0.8052
vn 0.3723 0.0725 -0.9253
vn -0.0330 -0.1436 -0.9891
vn 0.6619 0.6073 0.4394
vn 0.8011 0.5986 0.0040
vn 0.7665 0.4842 -0.4220
vn 0.6868 0.5824 0.4350
vn 0.8296 0.5584 0.0039
vn 0.7969 0.4369 -0.4172
vn 0.6624 0.6161 0.4263
vn 0.8153 0.5790 -0.0041
vn 0.7942 0.4345 -0.4249
vn -0.0684 0.9141 0.3997
vn -0.0356 0.9741 -0.2231
vn 0.2520 0.5734 -0.7795
vn -0.6085 0.6287 0.4842
vn -0.7419 0.6161 -0.2646
vn -0.3617 0.2302 -0.9034
vn -0.8667 0.1001 0.4887
vn -0.9940 -0.0965 -0.0507
vn -0.6704 -0.3299 -0.6646
vn 0.5346 0.7572 0.3755
vn 0.7128 0.6997 -0.0493
vn 0.7348 0.4956 -0.4631
vn 0.4745 0.8126 0.3385
vn 0.6541 0.7523 -0.0787
vn 0.6969 0.5308 -0.4822
vn 0.4081 0.8627 0.2986
vn 0.5722 0.8130 -0.1080
vn 0.6438 0.5790 -0.5003
vn -0.3520 0.2770 0.8941
vn -0.0179 0.5206 0.8536
vn 0.1776 0.6315 0.7548
vn -0.3885 0.3042 0.8698
vn -0.0765 0.5603 0.8247
vn 0.1173 0.6772 0.7263
vn -0.4546 0.3239 0.8297
vn -0.1743 0.5831 0.7935
vn 0.0403 0.7114 0.7017
vn -0.7360 -0.6259 -0.2580
vn -0.8277 -0.5603 0.0313
vn -0.8493 -0.4298 0.3066
vn -0.6929 -0.6787 -0.2434
vn -0.7951 -0.6043 0.0515
vn -0.8283 -0.4543 0.3281
vn -0.6934 -0.6789 -0.2413
vn -0.8036 -0.5921 0.0609
vn -0.8358 -0.4334 0.3372
vt 0.446845 0.062500
vt 0.502496 0.062500
vt 0.504340 0.125000
vt 0.452583 0.125000
vt 0.562812 0.062500
vt 0.563043 0.125000
vt 0.505100 0.187500
vt 0.454766 0.187500
vt 0.563138 0.187500
vt 0.375000 0.000000
vt 0.437500 0.000000
vt 0.404080 0.062500
vt 0.500000 0.000000
vt 0.562500 0.000000
vt 0.625000 0.000000
vt 0.625000 0.062500
vt 0.625000 0.125000
vt 0.625000 0.187500
vt 0.625000 0.250000
vt 0.563151 0.250000
vt 0.505208 0.250000
vt 0.455078 0.250000
vt 0.416233 0.187500
vt 0.416667 0.250000
vt 0.413194 0.125000
vt 0.455078 0.312500
vt 0.505208 0.312500
vt 0.505208 0.375000
vt 0.455078 0.375000
vt 0.563151 0.312500
vt 0.563151 0.375000
vt 0.505208 0.437500
vt 0.455078 0.437500
vt 0.563151 0.437500
vt 0.416667 0.312500
vt 0.625000 0.312500
vt 0.625000 0.375000
vt 0.625000 0.437500
vt 0.625000 0.500000
vt 0.563151 0.500000
vt 0.505208 0.500000
vt 0.455078 0.500000
vt 0.416667 0.437500
vt 0.416667 0.500000
vt 0.416667 0.375000
vt 0.455078 0.562500
vt 0.505208 0.562500
vt 0.505208 0.625000
vt 0.455078 0.625000
vt 0.563151 0.562500
vt 0.563151 0.625000
vt 0.505208 0.687500
vt 0.455078 0.687500
vt 0.563151 0.687500
vt 0.416667 0.562500
vt 0.625000 0.562500
vt 0.625000 0.625000
vt 0.625000 0.687500
vt 0.625000 0.750000
vt 0.563151 0.750000
vt 0.505208 0.750000
vt 0.455078 0.750000
vt 0.416667 0.687500
vt 0.416667 0.750000
vt 0.416667 0.625000
vt 0.454766 0.812500
vt 0.505100 0.812500
vt 0.504340 0.875000
vt 0.452582 0.875000
vt 0.563138 0.812500
vt 0.563043 0.875000
vt 0.502496 0.937500
vt 0.446845 0.937500
vt 0.562812 0.937500
vt 0.416233 0.812500
vt 0.625000 0.812500
vt 0.625000 0.875000
vt 0.625000 0.937500
vt 0.625000 1.000000
vt 0.562500 1.000000
vt 0.500000 1.000000
vt 0.437500 1.000000
vt 0.404080 0.937500
vt 0.375000 1.000000
vt 0.413194 0.875000
vt 0.392578 0.562500
vt 0.392578 0.625000
vt 0.380208 0.625000
vt 0.380208 0.562500
vt 0.392578 0.687500
vt 0.380208 0.687500
vt 0.375651 0.625000
vt 0.375651 0.562717
vt 0.375651 0.687283
vt 0.416667 0.500000
vt 0.392578 0.500000
vt 0.416667 0.625000
vt 0.416667 0.687500
vt 0.416667 0.750000
vt 0.392578 0.750000
vt 0.380208 0.750000
vt 0.375651 0.750000
vt 0.375000 0.750000
vt 0.375000 0.685059
vt 0.375000 0.625000
vt 0.375000 0.564942
vt 0.375651 0.500000
vt 0.375000 0.500000
vt 0.380208 0.500000
vt 0.687500 0.562500
vt 0.750000 0.562500
vt 0.750000 0.625000
vt 0.687500 0.625000
vt 0.812500 0.562500
vt 0.812500 0.625000
vt 0.750000 0.687500
vt 0.687500 0.687500
vt 0.812500 0.687500
vt 0.687500 0.500000
vt 0.750000 0.500000
vt 0.812500 0.500000
vt 0.875000 0.500000
vt 0.875000 0.562500
vt 0.875000 0.625000
vt 0.875000 0.687500
vt 0.875000 0.750000
vt 0.812500 0.750000
vt 0.750000 0.750000
vt 0.687500 0.750000
vt 0.375000 0.678250
vt 0.375000 0.624892
vt 0.375000 0.625000
vt 0.375000 0.673069
vt 0.375000 0.571506
vt 0.375000 0.576931
vt 0.375000 0.625000
vt 0.375000 0.670885
vt 0.375000 0.579115
vt 0.375000 0.750000
vt 0.375000 0.682509
vt 0.375000 0.723362
vt 0.375000 0.624132
vt 0.375000 0.564833
vt 0.375000 0.500000
vt 0.375000 0.526584
vt 0.375000 0.537326
vt 0.375000 0.541124
vt 0.375000 0.541667
vt 0.375000 0.579427
vt 0.375000 0.670573
vt 0.375000 0.708876
vt 0.375000 0.708333
vt 0.375000 0.712674
vt 0.392266 0.812500
vt 0.390082 0.875000
vt 0.379340 0.875000
vt 0.380100 0.812500
vt 0.384345 0.937500
vt 0.377496 0.937500
vt 0.375543 0.875000
vt 0.375638 0.812717
vt 0.375312 0.937283
vt 0.413194 0.875000
vt 0.404080 0.937500
vt 0.375000 1.000000
vt 0.375000 0.935004
vt 0.375000 0.875000
vt 0.375000 0.814942
vt 0.392578 0.312500
vt 0.392578 0.375000
vt 0.380208 0.375000
vt 0.380208 0.312500
vt 0.392578 0.437500
vt 0.380208 0.437500
vt 0.375651 0.375000
vt 0.375651 0.312717
vt 0.375651 0.437283
vt 0.416667 0.250000
vt 0.416667 0.312500
vt 0.392578 0.250000
vt 0.416667 0.375000
vt 0.416667 0.437500
vt 0.375000 0.435059
vt 0.375000 0.375000
vt 0.375000 0.314941
vt 0.375651 0.250000
vt 0.375000 0.250000
vt 0.380208 0.250000
vt 0.384345 0.062500
vt 0.390083 0.125000
vt 0.379340 0.125000
vt 0.377496 0.062500
vt 0.392266 0.187500
vt 0.380100 0.187500
vt 0.375543 0.124892
vt 0.375312 0.062486
vt 0.375638 0.187269
vt 0.404080 0.062500
vt 0.375000 0.000000
vt 0.413194 0.125000
vt 0.416233 0.187500
vt 0.375000 0.184950
vt 0.375000 0.124132
vt 0.375000 0.062392
vt 0.375000 0.937619
vt 0.375000 0.877689
vt 0.375000 0.880015
vt 0.375000 0.938127
vt 0.375000 0.822318
vt 0.375000 0.829524
vt 0.375000 0.882041
vt 0.375000 0.938380
vt 0.375000 0.835803
vt 0.375000 0.935113
vt 0.375000 0.875868
vt 0.375000 0.817491
vt 0.375000 0.750000
vt 0.375000 0.777085
vt 0.375000 0.790895
vt 0.375000 0.802395
vt 0.375000 0.812500
vt 0.375000 0.838907
vt 0.375000 0.882909
vt 0.375000 0.938489
vt 0.375000 0.178168
vt 0.375000 0.122504
vt 0.375000 0.120660
vt 0.375000 0.172526
vt 0.375000 0.062405
vt 0.375000 0.061957
vt 0.375000 0.119900
vt 0.375000 0.170247
vt 0.375000 0.061863
vt 0.375000 0.185059
vt 0.375000 0.223416
vt 0.375000 0.125000
vt 0.375000 0.064996
vt 0.375000 0.061849
vt 0.375000 0.119792
vt 0.375000 0.169922
vt 0.375000 0.208876
vt 0.375000 0.208333
vt 0.375000 0.212674
vt 0.375000 0.821208
vt 0.375000 0.875000
vt 0.375000 0.824436
vt 0.375000 0.928548
vt 0.375000 0.925347
vt 0.375000 0.875108
vt 0.375000 0.821438
vt 0.375000 0.928562
vt 0.375000 0.776042
vt 0.375000 0.971300
vt 0.375000 0.965278
vt 0.375000 0.971300
vt 0.375000 0.935113
vt 0.375000 0.875868
vt 0.375000 0.817491
vt 0.375000 0.776096
vt 0.375000 0.782986
vt 0.375000 0.321208
vt 0.375000 0.375000
vt 0.375000 0.324436
vt 0.375000 0.428792
vt 0.375000 0.425564
vt 0.375000 0.321208
vt 0.375000 0.428792
vt 0.375000 0.276042
vt 0.375000 0.473958
vt 0.375000 0.467014
vt 0.375000 0.473958
vt 0.375000 0.314941
vt 0.375000 0.282986
vt 0.375000 0.678480
vt 0.375000 0.625000
vt 0.375000 0.673069
vt 0.375000 0.571520
vt 0.375000 0.685059
vt 0.375000 0.723416
vt 0.375000 0.564941
vt 0.375000 0.312717
vt 0.375000 0.312500
vt 0.375000 0.437283
vt 0.375000 0.437500
vt 0.375000 0.375000
vt 0.375000 0.312717
vt 0.375000 0.437283
vt 0.375000 0.250000
vt 0.375000 0.500000
vt 0.375000 0.500000
vt 0.375000 0.562405
vt 0.375000 0.622504
vt 0.375000 0.621528
vt 0.375000 0.562066
vt 0.375000 0.678263
vt 0.375000 0.675130
vt 0.375000 0.622504
vt 0.375000 0.562405
vt 0.375000 0.678263
vt 0.375000 0.624132
vt 0.375000 0.723904
vt 0.375000 0.717014
vt 0.375000 0.723904
vt 0.375000 0.682509
vt 0.375000 0.624132
vt 0.375000 0.071750
vt 0.375000 0.127387
vt 0.375000 0.128472
vt 0.375000 0.075087
vt 0.375000 0.187581
vt 0.375000 0.187934
vt 0.375000 0.187581
vt 0.375000 0.028700
vt 0.375000 0.185059
vt 0.375000 0.125000
vt 0.375000 0.034722
vt 0.375000 0.812717
vt 0.375000 0.875000
vt 0.375000 0.875000
vt 0.375000 0.812500
vt 0.375000 0.937283
vt 0.375000 0.937500
vt 0.375000 0.875000
vt 0.375000 0.937500
vt 0.375000 0.814941
vt 0.375000 0.935004
vt 0.375000 0.750000
vt 0.375000 0.750000
vt 0.375000 0.875000
vt 0.375000 0.824436
vt 0.375000 0.925347
vt 0.375000 0.875000
vt 0.375000 0.821208
vt 0.375000 0.928548
vt 0.375000 0.817491
vt 0.375000 0.776096
vt 0.375000 0.776042
vt 0.375000 0.782986
vt 0.375000 0.990967
vt 0.375000 0.987413
vt 0.375000 0.996528
vt 0.375000 0.997613
vt 0.375000 0.997613
vt 0.375000 0.999566
vt 0.375000 0.999702
vt 0.375000 0.965278
vt 0.375000 1.000000
vt 0.375000 0.062500
vt 0.375000 0.125000
vt 0.375000 0.125000
vt 0.375000 0.187500
vt 0.375000 0.187500
vt 0.375000 0.250000
vt 0.375000 0.250000
vt 0.375000 0.375000
vt 0.375000 0.312500
vt 0.375000 0.437500
vt 0.375000 0.375000
vt 0.375000 0.312500
vt 0.375000 0.437500
vt 0.375000 0.500000
vt 0.375000 0.562717
vt 0.375000 0.625000
vt 0.375000 0.625000
vt 0.375000 0.562500
vt 0.375000 0.687283
vt 0.375000 0.687500
vt 0.375000 0.625000
vt 0.375000 0.562500
vt 0.375000 0.687500
vt 0.375000 0.062486
vt 0.375000 0.124892
vt 0.375000 0.187269
vt 0.375000 0.124132
vt 0.375000 0.731206
vt 0.375000 0.738981
vt 0.375000 0.734761
vt 0.375000 0.727250
vt 0.375000 0.731206
vt 0.375000 0.727250
vt 0.375000 0.723331
vt 0.375000 0.716689
vt 0.375000 0.716689
vt 0.375000 0.731771
vt 0.375000 0.707887
vt 0.375000 0.739583
vt 0.375000 0.704765
vt 0.375000 0.697063
vt 0.375000 0.687500
vt 0.375000 0.696617
vt 0.375000 0.701196
vt 0.375000 0.696617
vt 0.375000 0.312500
vt 0.374986 0.437500
vt 0.374892 0.437500
vt 0.374769 0.437500
vt 0.374892 0.500000
vt 0.374132 0.500000
vt 0.372396 0.500000
vt 0.375000 0.250000
vt 0.375000 0.169666
vt 0.375000 0.119707
vt 0.375000 0.119117
vt 0.375000 0.167872
vt 0.375000 0.061838
vt 0.375000 0.061765
vt 0.375000 0.117851
vt 0.375000 0.163872
vt 0.375000 0.061606
vt 0.375000 0.207887
vt 0.375000 0.061511
vt 0.375000 0.117091
vt 0.375000 0.161093
vt 0.375000 0.197063
vt 0.375000 0.187500
vt 0.375000 0.204765
vt 0.375000 0.312500
vt 0.375000 0.375000
vt 0.375000 0.375000
vt 0.375000 0.437500
vt 0.375000 0.437500
vt 0.375000 0.437500
vt 0.375000 0.250000
vt 0.375000 0.500000
vt 0.375000 0.120660
vt 0.375000 0.061957
vt 0.375000 0.178168
vt 0.375000 0.119900
vt 0.375000 0.170247
vt 0.375000 0.208876
vt 0.375000 0.208333
vt 0.375000 0.169922
vt 0.375000 0.119792
vt 0.375000 0.061849
vt 0.375000 0.749363
vt 0.375000 0.757379
vt 0.375000 0.744792
vt 0.375000 0.736871
vt 0.375000 0.749363
vt 0.375000 0.736871
vt 0.375000 0.740234
vt 0.375000 0.732408
vt 0.375000 0.732408
vt 0.375000 0.562500
vt 0.375000 0.625000
vt 0.375000 0.687500
vt 0.375000 0.687500
vt 0.375000 0.562500
vt 0.375000 0.687500
vt 0.375000 0.562500
vt 0.375000 0.687500
vt 0.375000 0.750000
vt 0.375000 0.178155
vt 0.375000 0.122396
vt 0.375000 0.120660
vt 0.375000 0.062174
vt 0.375000 0.184950
vt 0.375000 0.124132
vt 0.375000 0.500638
vt 0.375000 0.492622
vt 0.375000 0.505208
vt 0.375000 0.513129
vt 0.375000 0.500638
vt 0.375000 0.513129
vt 0.375000 0.509766
vt 0.375000 0.517592
vt 0.375000 0.517592
vt 0.375000 0.473958
vt 0.375000 0.473958
vt 0.375000 0.526584
vt 0.375000 0.518229
vt 0.375000 0.510417
vt 0.375000 0.518229
vt 0.375000 0.249363
vt 0.375000 0.257378
vt 0.375000 0.244792
vt 0.375000 0.236871
vt 0.375000 0.249363
vt 0.375000 0.236871
vt 0.375000 0.240234
vt 0.375000 0.232408
vt 0.375000 0.232408
vt 0.375000 0.276042
vt 0.375000 0.276042
vt 0.375000 0.231771
vt 0.375000 0.239583
vt 0.375000 0.571506
vt 0.375000 0.624892
vt 0.375000 0.576931
vt 0.375000 0.678250
vt 0.375000 0.061596
vt 0.375000 0.117766
vt 0.375000 0.118441
vt 0.375000 0.061680
vt 0.375000 0.163615
vt 0.375000 0.165823
vt 0.375000 0.117766
vt 0.375000 0.061596
vt 0.375000 0.163615
vt 0.375000 0.061511
vt 0.375000 0.117091
vt 0.375000 0.161093
vt 0.375000 0.196617
vt 0.375000 0.201196
vt 0.375000 0.196617
vt 0.375000 0.585480
vt 0.375000 0.625000
vt 0.375000 0.583357
vt 0.375000 0.664520
vt 0.375000 0.666643
vt 0.375000 0.585480
vt 0.375000 0.664520
vt 0.375000 0.587919
vt 0.375000 0.553383
vt 0.375000 0.662081
vt 0.375000 0.696617
vt 0.375000 0.662081
vt 0.375000 0.548804
vt 0.187202 0.562500
vt 0.247613 0.562500
vt 0.246528 0.625000
vt 0.187066 0.625000
vt 0.303467 0.562500
vt 0.299913 0.625000
vt 0.247613 0.687500
vt 0.187202 0.687500
vt 0.303467 0.687500
vt 0.125000 0.500000
vt 0.187500 0.500000
vt 0.125000 0.562500
vt 0.250000 0.500000
vt 0.312500 0.500000
vt 0.346300 0.562500
vt 0.340278 0.625000
vt 0.346300 0.687500
vt 0.312500 0.750000
vt 0.250000 0.750000
vt 0.187500 0.750000
vt 0.125000 0.687500
vt 0.125000 0.750000
vt 0.125000 0.625000
vt 0.375000 0.670327
vt 0.375000 0.668608
vt 0.375000 0.579673
vt 0.375000 0.581392
vt 0.375000 0.664765
vt 0.375000 0.585235
vt 0.375000 0.542113
vt 0.375000 0.545235
vt 0.375000 0.552937
vt 0.375000 0.587919
vt 0.375000 0.625000
vt 0.374688 0.562500
vt 0.374566 0.625000
vt 0.371528 0.625000
vt 0.372504 0.562500
vt 0.374688 0.687500
vt 0.372504 0.687500
vt 0.362413 0.625000
vt 0.365736 0.562500
vt 0.365736 0.687500
vt 0.374892 0.750000
vt 0.374132 0.750000
vt 0.372396 0.750000
vt 0.375000 0.119707
vt 0.375000 0.169666
vt 0.375000 0.167872
vt 0.375000 0.117851
vt 0.375000 0.061606
vt 0.375000 0.163872
vt 0.375000 0.207887
vt 0.375000 0.197063
vt 0.375000 0.518794
vt 0.375000 0.511020
vt 0.375000 0.515239
vt 0.375000 0.522750
vt 0.375000 0.518794
vt 0.375000 0.522750
vt 0.375000 0.526669
vt 0.375000 0.533311
vt 0.375000 0.545235
vt 0.375000 0.552937
vt 0.375000 0.548804
vt 0.375000 0.231206
vt 0.375000 0.238981
vt 0.375000 0.234761
vt 0.375000 0.227250
vt 0.375000 0.231206
vt 0.375000 0.227250
vt 0.375000 0.223331
vt 0.375000 0.216689
vt 0.375000 0.216689
vt 0.375000 0.196617
vt 0.375000 0.196617
vt 0.374986 0.812500
vt 0.374891 0.812500
vt 0.374769 0.812500
vt 0.375000 1.000000
vt 0.375000 0.625000
vt 0.375000 0.581392
vt 0.375000 0.668608
vt 0.375000 0.062500
vt 0.375000 0.000000
vt 0.375000 0.836385
vt 0.375000 0.882234
vt 0.375000 0.881559
vt 0.375000 0.834177
vt 0.375000 0.938404
vt 0.375000 0.938320
vt 0.375000 0.938404
vt 0.375000 0.812500
vt 0.375000 0.803384
vt 0.375000 0.882909
vt 0.375000 0.803383
vt 0.375000 0.798804
vt 0.375000 0.822318
vt 0.375000 0.880015
vt 0.375000 0.829524
vt 0.375000 0.938127
vt 0.375000 0.882041
vt 0.375000 0.938380
vt 0.375000 0.777085
vt 0.375000 0.802395
vt 0.375000 0.790895
vt 0.375000 0.009033
vt 0.375000 0.012587
vt 0.375000 0.003472
vt 0.375000 0.002387
vt 0.375000 0.000434
vt 0.375000 0.000298
vt 0.375000 0.034722
vt 0.375000 0.751203
vt 0.375000 0.743224
vt 0.375000 0.760031
vt 0.375000 0.767650
vt 0.375000 0.767651
vt 0.375000 0.776018
vt 0.375000 0.782674
vt 0.375000 0.723904
vt 0.375000 0.803383
vt 0.375000 0.798804
vt 0.375000 0.731771
vt 0.375000 0.739583
vt 0.375000 0.731771
vt 0.375000 0.731771
vt 0.375000 0.731771
vt 0.375000 0.731771
vt 0.375000 0.708333
vt 0.375000 0.708333
vt 0.375000 0.739583
vt 0.375000 0.708333
vt 0.375000 0.708333
vt 0.375000 0.708333
vt 0.375000 0.571520
vt 0.375000 0.678480
vt 0.375000 0.749363
vt 0.375000 0.757379
vt 0.375000 0.518229
vt 0.375000 0.510417
vt 0.375000 0.510417
vt 0.375000 0.518229
vt 0.375000 0.518229
vt 0.375000 0.510417
vt 0.375000 0.541667
vt 0.375000 0.518229
vt 0.375000 0.541667
vt 0.375000 0.510417
vt 0.375000 0.541667
vt 0.375000 0.541667
vt 0.375000 0.579427
vt 0.375000 0.625000
vt 0.375000 0.670573
vt 0.375000 0.670573
vt 0.375000 0.579427
vt 0.375000 0.670573
vt 0.375000 0.579427
vt 0.375000 0.670573
vt 0.375000 0.579427
vt 0.375000 0.579427
vt 0.375000 0.581392
vt 0.375000 0.585235
vt 0.375000 0.522750
vt 0.375000 0.533311
vt 0.375000 0.625000
vt 0.375000 0.178155
vt 0.375000 0.227250
vt 0.375000 0.216689
vt 0.375000 0.169922
vt 0.375000 0.061849
vt 0.375000 0.208333
vt 0.375000 0.231771
vt 0.375000 0.239583
vt 0.375000 0.231771
vt 0.375000 0.231771
vt 0.375000 0.239583
vt 0.375000 0.231771
vt 0.375000 0.231771
vt 0.375000 0.231771
vt 0.375000 0.208333
vt 0.375000 0.239583
vt 0.375000 0.208333
vt 0.375000 0.208333
vt 0.375000 0.119792
vt 0.375000 0.169922
vt 0.375000 0.119117
vt 0.375000 0.163872
vt 0.375000 0.061606
s 1
f 577/1/577 578/2/578 581/3/581 580/4/580
f 578/2/578 579/5/579 582/6/582 581/3/581
f 580/4/580 581/3/581 584/7/584 583/8/583
f 581/3/581 582/6/582 585/9/585 584/7/584
f 1/10/1 88/11/88 577/1/577 87/12/87
f 88/11/88 89/13/89 578/2/578 577/1/577
f 89/13/89 90/14/90 579/5/579 578/2/578
f 90/14/90 2/15/2 91/16/91 579/5/579
f 579/5/579 91/16/91 92/17/92 582/6/582
f 582/6/582 92/17/92 93/18/93 585/9/585
f 585/9/585 93/18/93 4/19/4 94/20/94
f 584/7/584 585/9/585 94/20/94 95/21/95
f 583/8/583 584/7/584 95/21/95 96/22/96
f 85/23/85 583/8/583 96/22/96 3/24/3
f 86/25/86 580/4/580 583/8/583 85/23/85
f 87/12/87 577/1/577 580/4/580 86/25/86
f 586/26/586 587/27/587 590/28/590 589/29/589
f 587/27/587 588/30/588 591/31/591 590/28/590
f 589/29/589 590/28/590 593/32/593 592/33/592
f 590/28/590 591/31/591 594/34/594 593/32/593
f 3/24/3 96/22/96 586/26/586 99/35/99
f 96/22/96 95/21/95 587/27/587 586/26/586
f 95/21/95 94/20/94 588/30/588 587/27/587
f 94/20/94 4/19/4 100/36/100 588/30/588
f 588/30/588 100/36/100 101/37/101 591/31/591
f 591/31/591 101/37/101 102/38/102 594/34/594
f 594/34/594 102/38/102 8/39/8 103/40/103
f 593/32/593 594/34/594 103/40/103 104/41/104
f 592/33/592 593/32/593 104/41/104 105/42/105
f 97/43/97 592/33/592 105/42/105 7/44/7
f 98/45/98 589/29/589 592/33/592 97/43/97
f 99/35/99 586/26/586 589/29/589 98/45/98
f 595/46/595 596/47/596 599/48/599 598/49/598
f 596/47/596 597/50/597 600/51/600 599/48/599
f 598/49/598 599/48/599 602/52/602 601/53/601
f 599/48/599 600/51/600 603/54/603 602/52/602
f 7/44/7 105/42/105 595/46/595 108/55/108
f 105/42/105 104/41/104 596/47/596 595/46/595
f 104/41/104 103/40/103 597/50/597 596/47/596
f 103/40/103 8/39/8 109/56/109 597/50/597
f 597/50/597 109/56/109 110/57/110 600/51/600
f 600/51/600 110/57/110 111/58/111 603/54/603
f 603/54/603 111/58/111 6/59/6 112/60/112
f 602/52/602 603/54/603 112/60/112 113/61/113
f 601/53/601 602/52/602 113/61/113 114/62/114
f 106/63/106 601/53/601 114/62/114 5/64/5
f 107/65/107 598/49/598 601/53/601 106/63/106
f 108/55/108 595/46/595 598/49/598 107/65/107
f 604/66/604 605/67/605 608/68/608 607/69/607
f 605/67/605 606/70/606 609/71/609 608/68/608
f 607/69/607 608/68/608 611/72/611 610/73/610
f 608/68/608 609/71/609 612/74/612 611/72/611
f 5/64/5 114/62/114 604/66/604 117/75/117
f 114/62/114 113/61/113 605/67/605 604/66/604
f 113/61/113 112/60/112 606/70/606 605/67/605
f 112/60/112 6/59/6 118/76/118 606/70/606
f 606/70/606 118/76/118 119/77/119 609/71/609
f 609/71/609 119/77/119 120/78/120 612/74/612
f 612/74/612 120/78/120 2/79/2 90/80/90
f 611/72/611 612/74/612 90/80/90 89/81/89
f 610/73/610 611/72/611 89/81/89 88/82/88
f 115/83/115 610/73/610 88/82/88 1/84/1
f 116/85/116 607/69/607 610/73/610 115/83/115
f 117/75/117 604/66/604 607/69/607 116/85/116
f 613/86/613 614/87/614 617/88/617 616/89/616
f 614/87/614 615/90/615 618/91/618 617/88/617
f 616/89/616 617/88/617 620/92/620 619/93/619
f 617/88/617 618/91/618 621/94/621 620/92/620
f 7/95/7 108/55/108 613/86/613 138/96/138
f 108/55/108 107/97/107 614/87/614 613/86/613
f 107/97/107 106/98/106 615/90/615 614/87/614
f 106/98/106 5/99/5 133/100/133 615/90/615
f 615/90/615 133/100/133 134/101/134 618/91/618
f 618/91/618 134/101/134 135/102/135 621/94/621
f 621/94/621 135/102/135 12/103/12 127/104/127
f 620/92/620 621/94/621 127/104/127 128/105/128
f 619/93/619 620/92/620 128/105/128 129/106/129
f 136/107/136 619/93/619 129/106/129 11/108/11
f 137/109/137 616/89/616 619/93/619 136/107/136
f 138/96/138 613/86/613 616/89/616 137/109/137
f 622/110/622 623/111/623 626/112/626 625/113/625
f 623/111/623 624/114/624 627/115/627 626/112/626
f 625/113/625 626/112/626 629/116/629 628/117/628
f 626/112/626 627/115/627 630/118/630 629/116/629
f 8/39/8 102/119/102 622/110/622 109/56/109
f 102/119/102 101/120/101 623/111/623 622/110/622
f 101/120/101 100/121/100 624/114/624 623/111/623
f 100/121/100 4/122/4 93/123/93 624/114/624
f 624/114/624 93/123/93 92/124/92 627/115/627
f 627/115/627 92/124/92 91/125/91 630/118/630
f 630/118/630 91/125/91 2/126/2 120/127/120
f 629/116/629 630/118/630 120/127/120 119/128/119
f 628/117/628 629/116/629 119/128/119 118/129/118
f 111/58/111 628/117/628 118/129/118 6/59/6
f 110/57/110 625/113/625 628/117/628 111/58/111
f 109/56/109 622/110/622 625/113/625 110/57/110
f 631/130/631 632/131/632 635/132/635 634/133/634
f 632/131/632 633/134/633 636/135/636 635/132/635
f 634/133/634 635/132/635 638/136/638 637/137/637
f 635/132/635 636/135/636 639/138/639 638/136/638
f 16/139/16 151/140/151 631/130/631 426/141/426
f 151/140/151 152/142/152 632/131/632 631/130/631
f 152/142/152 153/143/153 633/134/633 632/131/632
f 153/143/153 15/144/15 421/145/421 633/134/633
f 633/134/633 421/145/421 422/146/422 636/135/636
f 636/135/636 422/146/422 423/147/423 639/138/639
f 639/138/639 423/147/423 60/148/60 414/149/414
f 638/136/638 639/138/639 414/149/414 413/132/413
f 637/137/637 638/136/638 413/132/413 412/150/412
f 424/151/424 637/137/637 412/150/412 59/152/59
f 425/153/425 634/133/634 637/137/637 424/151/424
f 426/141/426 631/130/631 634/133/634 425/153/425
f 640/154/640 641/155/641 644/156/644 643/157/643
f 641/155/641 642/158/642 645/159/645 644/156/644
f 643/157/643 644/156/644 647/160/647 646/161/646
f 644/156/644 645/159/645 648/162/648 647/160/647
f 5/99/5 117/75/117 640/154/640 133/100/133
f 117/75/117 116/163/116 641/155/641 640/154/640
f 116/163/116 115/164/115 642/158/642 641/155/641
f 115/164/115 1/84/1 139/165/139 642/158/642
f 642/158/642 139/165/139 140/165/140 645/159/645
f 645/159/645 140/165/140 141/165/141 648/162/648
f 648/162/648 141/165/141 10/84/10 130/166/130
f 647/160/647 648/162/648 130/166/130 131/167/131
f 646/161/646 647/160/647 131/167/131 132/168/132
f 135/102/135 646/161/646 132/168/132 12/103/12
f 134/101/134 643/157/643 646/161/646 135/102/135
f 133/100/133 640/154/640 643/157/643 134/101/134
f 649/169/649 650/170/650 653/171/653 652/172/652
f 650/170/650 651/173/651 654/174/654 653/171/653
f 652/172/652 653/171/653 656/175/656 655/176/655
f 653/171/653 654/174/654 657/177/657 656/175/656
f 3/178/3 99/179/99 649/169/649 144/180/144
f 99/179/99 98/181/98 650/170/650 649/169/649
f 98/181/98 97/182/97 651/173/651 650/170/650
f 97/182/97 7/95/7 138/96/138 651/173/651
f 651/173/651 138/96/138 137/109/137 654/174/654
f 654/174/654 137/109/137 136/107/136 657/177/657
f 657/177/657 136/107/136 11/108/11 124/183/124
f 656/175/656 657/177/657 124/183/124 125/184/125
f 655/176/655 656/175/656 125/184/125 126/185/126
f 142/186/142 655/176/655 126/185/126 9/187/9
f 143/188/143 652/172/652 655/176/655 142/186/142
f 144/180/144 649/169/649 652/172/652 143/188/143
f 658/189/658 659/190/659 662/191/662 661/192/661
f 659/190/659 660/193/660 663/194/663 662/191/662
f 661/192/661 662/191/662 665/195/665 664/196/664
f 662/191/662 663/194/663 666/197/666 665/195/665
f 1/10/1 87/198/87 658/189/658 139/199/139
f 87/198/87 86/200/86 659/190/659 658/189/658
f 86/200/86 85/201/85 660/193/660 659/190/659
f 85/201/85 3/178/3 144/180/144 660/193/660
f 660/193/660 144/180/144 143/188/143 663/194/663
f 663/194/663 143/188/143 142/186/142 666/197/666
f 666/197/666 142/186/142 9/187/9 121/202/121
f 665/195/665 666/197/666 121/202/121 122/203/122
f 664/196/664 665/195/665 122/203/122 123/204/123
f 141/199/141 664/196/664 123/204/123 10/10/10
f 140/199/140 661/192/661 664/196/664 141/199/141
f 139/199/139 658/189/658 661/192/661 140/199/140
f 667/205/667 668/206/668 671/207/671 670/208/670
f 668/206/668 669/209/669 672/210/672 671/207/671
f 670/208/670 671/207/671 674/211/674 673/212/673
f 671/207/671 672/210/672 675/213/675 674/211/674
f 18/84/18 178/214/178 667/205/667 402/165/402
f 178/214/178 179/215/179 668/206/668 667/205/667
f 179/215/179 180/216/180 669/209/669 668/206/668
f 180/216/180 20/217/20 397/218/397 669/209/669
f 669/209/669 397/218/397 398/219/398 672/210/672
f 672/210/672 398/219/398 399/220/399 675/213/675
f 675/213/675 399/220/399 56/221/56 390/222/390
f 674/211/674 675/213/675 390/222/390 389/223/389
f 673/212/673 674/211/674 389/223/389 388/224/388
f 400/165/400 673/212/673 388/224/388 55/84/55
f 401/165/401 670/208/670 673/212/673 400/165/400
f 402/165/402 667/205/667 670/208/670 401/165/401
f 676/225/676 677/226/677 680/227/680 679/228/679
f 677/226/677 678/229/678 681/230/681 680/227/680
f 679/228/679 680/227/680 683/231/683 682/232/682
f 680/227/680 681/230/681 684/233/684 683/231/683
f 13/187/13 145/234/145 676/225/676 522/235/522
f 145/234/145 146/236/146 677/226/677 676/225/676
f 146/236/146 147/237/147 678/229/678 677/226/677
f 147/237/147 14/10/14 517/199/517 678/229/678
f 678/229/678 517/199/517 518/199/518 681/230/681
f 681/230/681 518/199/518 519/199/519 684/233/684
f 684/233/684 519/199/519 76/10/76 510/238/510
f 683/231/683 684/233/684 510/238/510 509/239/509
f 682/232/682 683/231/683 509/239/509 508/240/508
f 520/241/520 682/232/682 508/240/508 75/242/75
f 521/243/521 679/228/679 682/232/682 520/241/520
f 522/235/522 676/225/676 679/228/679 521/243/521
f 685/244/685 686/245/686 689/245/689 688/246/688
f 686/245/686 687/247/687 690/248/690 689/245/689
f 688/246/688 689/245/689 692/249/692 691/250/691
f 689/245/689 690/248/690 693/251/693 692/249/692
f 12/103/12 132/168/132 685/244/685 157/252/157
f 132/168/132 131/167/131 686/245/686 685/244/685
f 131/167/131 130/166/130 687/247/687 686/245/686
f 130/166/130 10/84/10 168/253/168 687/247/687
f 687/247/687 168/253/168 167/254/167 690/248/690
f 690/248/690 167/254/167 166/255/166 693/251/693
f 693/251/693 166/255/166 14/84/14 154/256/154
f 692/249/692 693/251/693 154/256/154 155/257/155
f 691/250/691 692/249/692 155/257/155 156/258/156
f 159/259/159 691/250/691 156/258/156 16/139/16
f 158/260/158 688/246/688 691/250/691 159/259/159
f 157/252/157 685/244/685 688/246/688 158/260/158
f 694/261/694 695/262/695 698/184/698 697/263/697
f 695/262/695 696/264/696 699/265/699 698/184/698
f 697/263/697 698/184/698 701/262/701 700/266/700
f 698/184/698 699/265/699 702/267/702 701/262/701
f 9/187/9 126/185/126 694/261/694 163/268/163
f 126/185/126 125/184/125 695/262/695 694/261/694
f 125/184/125 124/183/124 696/264/696 695/262/695
f 124/183/124 11/108/11 162/269/162 696/264/696
f 696/264/696 162/269/162 161/270/161 699/265/699
f 699/265/699 161/270/161 160/271/160 702/267/702
f 702/267/702 160/271/160 15/144/15 148/183/148
f 701/262/701 702/267/702 148/183/148 149/184/149
f 700/266/700 701/262/701 149/184/149 150/272/150
f 165/268/165 700/266/700 150/272/150 13/187/13
f 164/273/164 697/263/697 700/266/700 165/268/165
f 163/268/163 694/261/694 697/263/697 164/273/164
f 703/274/703 704/275/704 707/132/707 706/276/706
f 704/275/704 705/277/705 708/135/708 707/132/707
f 706/276/706 707/132/707 710/136/710 709/137/709
f 707/132/707 708/135/708 711/138/711 710/136/710
f 24/103/24 199/278/199 703/274/703 294/279/294
f 199/278/199 200/105/200 704/275/704 703/274/703
f 200/105/200 201/280/201 705/277/705 704/275/704
f 201/280/201 23/144/23 289/145/289 705/277/705
f 705/277/705 289/145/289 290/146/290 708/135/708
f 708/135/708 290/146/290 291/147/291 711/138/711
f 711/138/711 291/147/291 36/148/36 252/149/252
f 710/136/710 711/138/711 252/149/252 251/132/251
f 709/137/709 710/136/710 251/132/251 250/150/250
f 292/151/292 709/137/709 250/150/250 35/152/35
f 293/153/293 706/276/706 709/137/709 292/151/292
f 294/279/294 703/274/703 706/276/706 293/153/293
f 712/281/712 713/262/713 716/184/716 715/282/715
f 713/262/713 714/283/714 717/284/717 716/184/716
f 715/282/715 716/184/716 719/285/719 718/286/718
f 716/184/716 717/284/717 720/287/720 719/285/719
f 13/187/13 150/272/150 712/281/712 192/288/192
f 150/272/150 149/184/149 713/262/713 712/281/712
f 149/184/149 148/183/148 714/283/714 713/262/713
f 148/183/148 15/144/15 187/289/187 714/283/714
f 714/283/714 187/289/187 188/290/188 717/284/717
f 717/284/717 188/290/188 189/144/189 720/287/720
f 720/287/720 189/144/189 19/108/19 172/183/172
f 719/285/719 720/287/720 172/183/172 173/184/173
f 718/286/718 719/285/719 173/184/173 174/185/174
f 190/288/190 718/286/718 174/185/174 17/187/17
f 191/187/191 715/282/715 718/286/718 190/288/190
f 192/288/192 712/281/712 715/282/715 191/187/191
f 721/291/721 722/292/722 725/293/725 724/294/724
f 722/292/722 723/295/723 726/296/726 725/293/725
f 724/294/724 725/293/725 728/297/728 727/298/727
f 725/293/725 726/296/726 729/299/729 728/297/728
f 15/144/15 153/143/153 721/291/721 187/289/187
f 153/143/153 152/300/152 722/292/722 721/291/721
f 152/300/152 151/140/151 723/295/723 722/292/722
f 151/140/151 16/139/16 186/301/186 723/295/723
f 723/295/723 186/301/186 185/302/185 726/296/726
f 726/296/726 185/302/185 184/303/184 729/299/729
f 729/299/729 184/303/184 20/217/20 175/304/175
f 728/297/728 729/299/729 175/304/175 176/305/176
f 727/298/727 728/297/728 176/305/176 177/143/177
f 189/144/189 727/298/727 177/143/177 19/108/19
f 188/290/188 724/294/724 727/298/727 189/144/189
f 187/289/187 721/291/721 724/294/724 188/290/188
f 730/306/730 731/307/731 734/308/734 733/309/733
f 731/307/731 732/310/732 735/311/735 734/308/734
f 733/309/733 734/308/734 737/307/737 736/306/736
f 734/308/734 735/311/735 738/312/738 737/307/737
f 14/10/14 147/237/147 730/306/730 181/313/181
f 147/237/147 146/236/146 731/307/731 730/306/730
f 146/236/146 145/234/145 732/310/732 731/307/731
f 145/234/145 13/187/13 192/288/192 732/310/732
f 732/310/732 192/288/192 191/187/191 735/311/735
f 735/311/735 191/187/191 190/288/190 738/312/738
f 738/312/738 190/288/190 17/187/17 169/314/169
f 737/307/737 738/312/738 169/314/169 170/315/170
f 736/306/736 737/307/737 170/315/170 171/237/171
f 183/313/183 736/306/736 171/237/171 18/10/18
f 182/316/182 733/309/733 736/306/736 183/313/183
f 181/313/181 730/306/730 733/309/733 182/316/182
f 739/317/739 740/318/740 743/319/743 742/320/742
f 740/318/740 741/321/741 744/322/744 743/319/743
f 742/320/742 743/319/743 746/323/746 745/221/745
f 743/319/743 744/322/744 747/324/747 746/323/746
f 24/103/24 204/325/204 739/317/739 234/139/234
f 204/325/204 203/245/203 740/318/740 739/317/739
f 203/245/203 202/326/202 741/321/741 740/318/740
f 202/326/202 22/84/22 229/165/229 741/321/741
f 741/321/741 229/165/229 230/165/230 744/322/744
f 744/322/744 230/165/230 231/165/231 747/324/747
f 747/324/747 231/165/231 26/84/26 226/324/226
f 746/323/746 747/324/747 226/324/226 227/323/227
f 745/221/745 746/323/746 227/323/227 228/320/228
f 232/327/232 745/221/745 228/320/228 28/328/28
f 233/328/233 742/320/742 745/221/745 232/327/232
f 234/139/234 739/317/739 742/320/742 233/328/233
f 748/250/748 749/249/749 752/329/752 751/330/751
f 749/249/749 750/251/750 753/331/753 752/329/752
f 751/330/751 752/329/752 755/332/755 754/333/754
f 752/329/752 753/331/753 756/334/756 755/332/755
f 20/217/20 180/335/180 748/250/748 213/336/213
f 180/335/180 179/215/179 749/249/749 748/250/748
f 179/215/179 178/214/178 750/251/750 749/249/749
f 178/214/178 18/84/18 210/253/210 750/251/750
f 750/251/750 210/253/210 209/254/209 753/331/753
f 753/331/753 209/254/209 208/255/208 756/334/756
f 756/334/756 208/255/208 22/84/22 202/326/202
f 755/332/755 756/334/756 202/326/202 203/245/203
f 754/333/754 755/332/755 203/245/203 204/325/204
f 211/337/211 754/333/754 204/325/204 24/103/24
f 212/338/212 751/330/751 754/333/754 211/337/211
f 213/336/213 748/250/748 751/330/751 212/338/212
f 757/261/757 758/262/758 761/184/761 760/263/760
f 758/262/758 759/264/759 762/265/762 761/184/761
f 760/263/760 761/184/761 764/262/764 763/266/763
f 761/184/761 762/265/762 765/267/765 764/262/764
f 17/187/17 174/185/174 757/261/757 205/268/205
f 174/185/174 173/184/173 758/262/758 757/261/757
f 173/184/173 172/183/172 759/264/759 758/262/758
f 172/183/172 19/108/19 214/269/214 759/264/759
f 759/264/759 214/269/214 215/270/215 762/265/762
f 762/265/762 215/270/215 216/271/216 765/267/765
f 765/267/765 216/271/216 23/144/23 196/183/196
f 764/262/764 765/267/765 196/183/196 197/184/197
f 763/266/763 764/262/764 197/184/197 198/272/198
f 207/268/207 763/266/763 198/272/198 21/187/21
f 206/273/206 760/263/760 763/266/763 207/268/207
f 205/268/205 757/261/757 760/263/760 206/273/206
f 766/339/766 767/340/767 770/341/770 769/342/769
f 767/340/767 768/339/768 771/343/771 770/341/770
f 769/342/769 770/341/770 773/344/773 772/345/772
f 770/341/770 771/343/771 774/345/774 773/344/773
f 22/84/22 208/253/208 766/339/766 288/165/288
f 208/253/208 209/346/209 767/340/767 766/339/766
f 209/346/209 210/255/210 768/339/768 767/340/767
f 210/255/210 18/84/18 283/165/283 768/339/768
f 768/339/768 283/165/283 284/165/284 771/343/771
f 771/343/771 284/165/284 285/165/285 774/345/774
f 774/345/774 285/165/285 30/84/30 258/347/258
f 773/344/773 774/345/774 258/347/258 257/347/257
f 772/345/772 773/344/773 257/347/257 256/347/256
f 286/165/286 772/345/772 256/347/256 34/84/34
f 287/165/287 769/342/769 772/345/772 286/165/286
f 288/165/288 766/339/766 769/342/769 287/165/287
f 775/348/775 776/349/776 779/350/779 778/348/778
f 776/349/776 777/351/777 780/352/780 779/350/779
f 778/348/778 779/350/779 782/349/782 781/348/781
f 779/350/779 780/352/780 783/351/783 782/349/782
f 26/10/26 219/348/219 775/348/775 282/199/282
f 219/348/219 218/350/218 776/349/776 775/348/775
f 218/350/218 217/352/217 777/351/777 776/349/776
f 217/352/217 25/353/25 277/354/277 777/351/777
f 777/351/777 277/354/277 278/353/278 780/352/780
f 780/352/780 278/353/278 279/354/279 783/351/783
f 783/351/783 279/354/279 37/353/37 265/352/265
f 782/349/782 783/351/783 265/352/265 266/350/266
f 781/348/781 782/349/782 266/350/266 267/348/267
f 280/199/280 781/348/781 267/348/267 38/10/38
f 281/199/281 778/348/778 781/348/781 280/199/280
f 282/199/282 775/348/775 778/348/778 281/199/281
f 784/281/784 785/262/785 788/355/788 787/356/787
f 785/262/785 786/283/786 789/357/789 788/355/788
f 787/356/787 788/355/788 791/358/791 790/359/790
f 788/355/788 789/357/789 792/360/792 791/358/791
f 21/187/21 198/272/198 784/281/784 240/288/240
f 198/272/198 197/184/197 785/262/785 784/281/784
f 197/184/197 196/183/196 786/283/786 785/262/785
f 196/183/196 23/144/23 235/144/235 786/283/786
f 786/283/786 235/144/235 236/144/236 789/357/789
f 789/357/789 236/144/236 237/361/237 792/360/792
f 792/360/792 237/361/237 27/144/27 220/357/220
f 791/358/791 792/360/792 220/357/220 221/355/221
f 790/359/790 791/358/791 221/355/221 222/356/222
f 238/354/238 790/359/790 222/356/222 25/353/25
f 239/353/239 787/356/787 790/359/790 238/354/238
f 240/288/240 784/281/784 787/356/787 239/353/239
f 793/362/793 794/363/794 797/364/797 796/365/796
f 794/363/794 795/366/795 798/367/798 797/364/797
f 796/365/796 797/364/797 800/368/800 799/369/799
f 797/364/797 798/367/798 801/370/801 800/368/800
f 23/144/23 201/106/201 793/362/793 235/144/235
f 201/106/201 200/363/200 794/363/794 793/362/793
f 200/363/200 199/104/199 795/366/795 794/363/794
f 199/104/199 24/103/24 234/139/234 795/366/795
f 795/366/795 234/139/234 233/328/233 798/367/798
f 798/367/798 233/328/233 232/327/232 801/370/801
f 801/370/801 232/327/232 28/328/28 223/367/223
f 800/368/800 801/370/801 223/367/223 224/364/224
f 799/369/799 800/368/800 224/364/224 225/365/225
f 237/361/237 799/369/799 225/365/225 27/144/27
f 236/144/236 796/365/796 799/369/799 237/361/237
f 235/144/235 793/362/793 796/365/796 236/144/236
f 802/371/802 803/372/803 806/350/806 805/348/805
f 803/372/803 804/373/804 807/352/807 806/350/806
f 805/348/805 806/350/806 809/349/809 808/348/808
f 806/350/806 807/352/807 810/351/810 809/349/809
f 22/10/22 195/204/195 802/371/802 229/199/229
f 195/204/195 194/374/194 803/372/803 802/371/802
f 194/374/194 193/202/193 804/373/804 803/372/803
f 193/202/193 21/187/21 240/288/240 804/373/804
f 804/373/804 240/288/240 239/353/239 807/352/807
f 807/352/807 239/353/239 238/354/238 810/351/810
f 810/351/810 238/354/238 25/353/25 217/352/217
f 809/349/809 810/351/810 217/352/217 218/350/218
f 808/348/808 809/349/809 218/350/218 219/348/219
f 231/199/231 808/348/808 219/348/219 26/10/26
f 230/199/230 805/348/805 808/348/808 231/199/231
f 229/199/229 802/371/802 805/348/805 230/199/230
f 811/375/811 812/376/812 815/377/815 814/378/814
f 812/376/812 813/379/813 816/380/816 815/377/815
f 814/378/814 815/377/815 818/381/818 817/382/817
f 815/377/815 816/380/816 819/383/819 818/381/818
f 31/152/31 261/384/261 811/375/811 366/385/366
f 261/384/261 260/386/260 812/376/812 811/375/811
f 260/386/260 259/384/259 813/379/813 812/376/812
f 259/384/259 35/152/35 361/385/361 813/379/813
f 813/379/813 361/385/361 362/387/362 816/380/816
f 816/380/816 362/387/362 363/388/363 819/383/819
f 819/383/819 363/388/363 47/389/47 331/390/331
f 818/381/818 819/383/819 331/390/331 332/391/332
f 817/382/817 818/381/818 332/391/332 333/392/333
f 364/388/364 817/382/817 333/392/333 43/389/43
f 365/387/365 814/378/814 817/382/817 364/388/364
f 366/385/366 811/375/811 814/378/814 365/387/365
f 820/359/820 821/358/821 824/355/824 823/393/823
f 821/358/821 822/394/822 825/395/825 824/355/824
f 823/393/823 824/355/824 827/355/827 826/393/826
f 824/355/824 825/395/825 828/396/828 827/355/827
f 37/353/37 270/356/270 820/359/820 360/354/360
f 270/356/270 269/355/269 821/358/821 820/359/820
f 269/355/269 268/357/268 822/394/822 821/358/821
f 268/357/268 39/144/39 355/397/355 822/394/822
f 822/394/822 355/397/355 356/398/356 825/395/825
f 825/395/825 356/398/356 357/399/357 828/396/828
f 828/396/828 357/399/357 51/108/51 340/360/340
f 827/355/827 828/396/828 340/360/340 341/355/341
f 826/393/826 827/355/827 341/355/341 342/393/342
f 358/353/358 826/393/826 342/393/342 49/400/49
f 359/288/359 823/393/823 826/393/826 358/353/358
f 360/354/360 820/359/820 823/393/823 359/288/359
f 829/401/829 830/402/830 833/403/833 832/404/832
f 830/402/830 831/405/831 834/406/834 833/403/833
f 832/404/832 833/403/833 836/407/836 835/408/835
f 833/403/833 834/406/834 837/409/837 836/407/836
f 33/242/33 247/240/247 829/401/829 354/410/354
f 247/240/247 248/239/248 830/402/830 829/401/829
f 248/239/248 249/238/249 831/405/831 830/402/830
f 249/238/249 34/10/34 349/199/349 831/405/831
f 831/405/831 349/199/349 350/199/350 834/406/834
f 834/406/834 350/199/350 351/199/351 837/409/837
f 837/409/837 351/199/351 46/10/46 321/411/321
f 836/407/836 837/409/837 321/411/321 320/412/320
f 835/408/835 836/407/836 320/412/320 319/413/319
f 352/414/352 835/408/835 319/413/319 45/415/45
f 353/416/353 832/404/832 835/408/835 352/414/352
f 354/410/354 829/401/829 832/404/832 353/416/353
f 838/417/838 839/418/839 842/419/842 841/356/841
f 839/418/839 840/420/840 843/421/843 842/419/842
f 841/356/841 842/419/842 845/419/845 844/393/844
f 842/419/842 843/421/843 846/422/846 845/419/845
f 25/288/25 222/282/222 838/417/838 277/423/277
f 222/282/222 221/358/221 839/418/839 838/417/838
f 221/358/221 220/420/220 840/420/840 839/418/839
f 220/420/220 27/289/27 295/424/295 840/420/840
f 840/420/840 295/424/295 296/361/296 843/421/843
f 843/421/843 296/361/296 297/144/297 846/422/846
f 846/422/846 297/144/297 39/289/39 268/420/268
f 845/419/845 846/422/846 268/420/268 269/358/269
f 844/393/844 845/419/845 269/358/269 270/282/270
f 279/353/279 844/393/844 270/282/270 37/288/37
f 278/354/278 841/356/841 844/393/844 279/353/279
f 277/423/277 838/417/838 841/356/841 278/354/278
f 847/229/847 848/226/848 851/425/851 850/426/850
f 848/226/848 849/427/849 852/228/852 851/425/851
f 850/426/850 851/425/851 854/428/854 853/233/853
f 851/425/851 852/228/852 855/429/855 854/428/854
f 18/10/18 171/237/171 847/229/847 283/199/283
f 171/237/171 170/315/170 848/226/848 847/229/847
f 170/315/170 169/314/169 849/427/849 848/226/848
f 169/314/169 17/187/17 298/235/298 849/427/849
f 849/427/849 298/235/298 299/243/299 852/228/852
f 852/228/852 299/243/299 300/430/300 855/429/855
f 855/429/855 300/430/300 29/431/29 241/432/241
f 854/428/854 855/429/855 241/432/241 242/433/242
f 853/233/853 854/428/854 242/433/242 243/434/243
f 285/199/285 853/233/853 243/434/243 30/10/30
f 284/199/284 850/426/850 853/233/853 285/199/285
f 283/199/283 847/229/847 850/426/850 284/199/284
f 856/435/856 857/436/857 860/437/860 859/438/859
f 857/436/857 858/439/858 861/440/861 860/437/860
f 859/438/859 860/437/860 863/441/863 862/442/862
f 860/437/860 861/440/861 864/443/864 863/441/863
f 20/217/20 213/259/213 856/435/856 303/141/303
f 213/259/213 212/260/212 857/436/857 856/435/856
f 212/260/212 211/337/211 858/439/858 857/436/857
f 211/337/211 24/103/24 294/279/294 858/439/858
f 858/439/858 294/279/294 293/153/293 861/440/861
f 861/440/861 293/153/293 292/151/292 864/443/864
f 864/443/864 292/151/292 35/152/35 259/384/259
f 863/441/863 864/443/864 259/384/259 260/386/260
f 862/442/862 863/441/863 260/386/260 261/384/261
f 301/151/301 862/442/862 261/384/261 31/152/31
f 302/153/302 859/438/859 862/442/862 301/151/301
f 303/141/303 856/435/856 859/438/859 302/153/302
f 865/444/865 866/445/866 869/132/869 868/365/868
f 866/445/866 867/446/867 870/447/870 869/132/869
f 868/365/868 869/132/869 872/132/872 871/448/871
f 869/132/869 870/447/870 873/449/873 872/132/872
f 27/289/27 225/450/225 865/444/865 295/424/295
f 225/450/225 224/368/224 866/445/866 865/444/865
f 224/368/224 223/451/223 867/446/867 866/445/866
f 223/451/223 28/328/28 304/452/304 867/446/867
f 867/446/867 304/452/304 305/327/305 870/447/870
f 870/447/870 305/327/305 306/139/306 873/449/873
f 873/449/873 306/139/306 40/328/40 271/451/271
f 872/132/872 873/449/873 271/451/271 272/368/272
f 871/448/871 872/132/872 272/368/272 273/450/273
f 297/144/297 871/448/871 273/450/273 39/289/39
f 296/361/296 868/365/868 871/448/871 297/144/297
f 295/424/295 865/444/865 868/365/868 296/361/296
f 874/453/874 875/454/875 878/455/878 877/228/877
f 875/454/875 876/456/876 879/230/879 878/455/878
f 877/228/877 878/455/878 881/231/881 880/232/880
f 878/455/878 879/230/879 882/233/882 881/231/881
f 21/187/21 193/457/193 874/453/874 309/235/309
f 193/457/193 194/458/194 875/454/875 874/453/874
f 194/458/194 195/204/195 876/456/876 875/454/875
f 195/204/195 22/10/22 288/199/288 876/456/876
f 876/456/876 288/199/288 287/199/287 879/230/879
f 879/230/879 287/199/287 286/199/286 882/233/882
f 882/233/882 286/199/286 34/10/34 249/238/249
f 881/231/881 882/233/882 249/238/249 248/239/248
f 880/232/880 881/231/881 248/239/248 247/240/247
f 307/241/307 880/232/880 247/240/247 33/242/33
f 308/243/308 877/228/877 880/232/880 307/241/307
f 309/235/309 874/453/874 877/228/877 308/243/308
f 883/459/883 884/460/884 887/461/887 886/462/886
f 884/460/884 885/463/885 888/464/888 887/461/887
f 886/462/886 887/461/887 890/465/890 889/466/889
f 887/461/887 888/464/888 891/467/891 890/465/890
f 23/144/23 216/468/216 883/459/883 289/145/289
f 216/468/216 215/270/215 884/460/884 883/459/883
f 215/270/215 214/469/214 885/463/885 884/460/884
f 214/469/214 19/108/19 310/470/310 885/463/885
f 885/463/885 310/470/310 311/146/311 888/464/888
f 888/464/888 311/146/311 312/147/312 891/467/891
f 891/467/891 312/147/312 32/148/32 262/471/262
f 890/465/890 891/467/891 262/471/262 263/472/263
f 889/466/889 890/465/890 263/472/263 264/473/264
f 291/147/291 889/466/889 264/473/264 36/148/36
f 290/146/290 886/462/886 889/466/889 291/147/291
f 289/145/289 883/459/883 886/462/886 290/146/290
f 892/474/892 893/475/893 896/476/896 895/477/895
f 893/475/893 894/478/894 897/479/897 896/476/896
f 895/477/895 896/476/896 899/480/899 898/481/898
f 896/476/896 897/479/897 900/482/900 899/480/899
f 17/187/17 205/483/205 892/474/892 298/235/298
f 205/483/205 206/273/206 893/475/893 892/474/892
f 206/273/206 207/484/207 894/478/894 893/475/893
f 207/484/207 21/187/21 309/235/309 894/478/894
f 894/478/894 309/235/309 308/243/308 897/479/897
f 897/479/897 308/243/308 307/241/307 900/482/900
f 900/482/900 307/241/307 33/242/33 255/485/255
f 899/480/899 900/482/900 255/485/255 254/486/254
f 898/481/898 899/480/899 254/486/254 253/485/253
f 300/430/300 898/481/898 253/485/253 29/431/29
f 299/243/299 895/477/895 898/481/898 300/430/300
f 298/235/298 892/474/892 895/477/895 299/243/299
f 901/221/901 902/323/902 905/323/905 904/320/904
f 902/323/902 903/322/903 906/322/906 905/323/905
f 904/320/904 905/323/905 908/323/908 907/221/907
f 905/323/905 906/322/906 909/324/909 908/323/908
f 28/328/28 228/320/228 901/221/901 304/327/304
f 228/320/228 227/323/227 902/323/902 901/221/901
f 227/323/227 226/324/226 903/322/903 902/323/902
f 226/324/226 26/84/26 282/165/282 903/322/903
f 903/322/903 282/165/282 281/165/281 906/322/906
f 906/322/906 281/165/281 280/165/280 909/324/909
f 909/324/909 280/165/280 38/84/38 274/324/274
f 908/323/908 909/324/909 274/324/274 275/323/275
f 907/221/907 908/323/908 275/323/275 276/320/276
f 306/327/306 907/221/907 276/320/276 40/328/40
f 305/328/305 904/320/904 907/221/907 306/327/306
f 304/327/304 901/221/901 904/320/904 305/328/305
f 910/487/910 911/488/911 914/132/914 913/489/913
f 911/488/911 912/490/912 915/133/915 914/132/914
f 913/489/913 914/132/914 917/368/917 916/138/916
f 914/132/914 915/133/915 918/137/918 917/368/917
f 19/108/19 177/143/177 910/487/910 310/470/310
f 177/143/177 176/305/176 911/488/911 910/487/910
f 176/305/176 175/304/175 912/490/912 911/488/911
f 175/304/175 20/217/20 303/141/303 912/490/912
f 912/490/912 303/141/303 302/153/302 915/133/915
f 915/133/915 302/153/302 301/151/301 918/137/918
f 918/137/918 301/151/301 31/152/31 244/150/244
f 917/368/917 918/137/918 244/150/244 245/132/245
f 916/138/916 917/368/917 245/132/245 246/149/246
f 312/147/312 916/138/916 246/149/246 32/148/32
f 311/146/311 913/489/913 916/138/916 312/147/312
f 310/470/310 910/487/910 913/489/913 311/146/311
f 919/491/919 920/492/920 923/493/923 922/494/922
f 920/492/920 921/495/921 924/496/924 923/493/923
f 922/494/922 923/493/923 926/497/926 925/498/925
f 923/493/923 924/496/924 927/499/927 926/497/926
f 42/10/42 315/500/315 919/491/919 330/199/330
f 315/500/315 314/501/314 920/492/920 919/491/919
f 314/501/314 313/502/313 921/495/921 920/492/920
f 313/502/313 41/415/41 325/503/325 921/495/921
f 921/495/921 325/503/325 326/504/326 924/496/924
f 924/496/924 326/504/326 327/505/327 927/499/927
f 927/499/927 327/505/327 45/415/45 319/413/319
f 926/497/926 927/499/927 319/413/319 320/501/320
f 925/498/925 926/497/926 320/501/320 321/500/321
f 328/199/328 925/498/925 321/500/321 46/10/46
f 329/199/329 922/494/922 925/498/925 328/199/328
f 330/199/330 919/491/919 922/494/922 329/199/329
f 928/506/928 929/507/929 932/275/932 931/508/931
f 929/507/929 930/509/930 933/510/933 932/275/932
f 931/508/931 932/275/932 935/275/935 934/511/934
f 932/275/932 933/510/933 936/512/936 935/275/935
f 44/369/44 318/513/318 928/506/928 334/514/334
f 318/513/318 317/364/317 929/507/929 928/506/928
f 317/364/317 316/515/316 930/509/930 929/507/929
f 316/515/316 43/389/43 333/516/333 930/509/930
f 930/509/930 333/516/333 332/391/332 933/510/933
f 933/510/933 332/391/332 331/392/331 936/512/936
f 936/512/936 331/392/331 47/389/47 322/517/322
f 935/275/935 936/512/936 322/517/322 323/364/323
f 934/511/934 935/275/935 323/364/323 324/513/324
f 336/514/336 934/511/934 324/513/324 48/448/48
f 335/518/335 931/508/931 934/511/934 336/514/336
f 334/514/334 928/506/928 931/508/931 335/518/335
f 937/519/937 938/520/938 941/521/941 940/522/940
f 938/520/938 939/523/939 942/524/942 941/521/941
f 940/522/940 941/521/941 944/525/944 943/526/943
f 941/521/941 942/524/942 945/527/945 944/525/944
f 49/528/49 342/529/342 937/519/937 337/530/337
f 342/529/342 341/531/341 938/520/938 937/519/937
f 341/531/341 340/532/340 939/523/939 938/520/938
f 340/532/340 51/108/51 345/533/345 939/523/939
f 939/523/939 345/533/345 344/534/344 942/524/942
f 942/524/942 344/534/344 343/535/343 945/527/945
f 945/527/945 343/535/343 52/103/52 348/536/348
f 944/525/944 945/527/945 348/536/348 347/537/347
f 943/526/943 944/525/944 347/537/347 346/538/346
f 339/539/339 943/526/943 346/538/346 50/540/50
f 338/541/338 940/522/940 943/526/943 339/539/339
f 337/530/337 937/519/937 940/522/940 338/541/338
f 946/542/946 947/368/947 950/507/950 949/543/949
f 947/368/947 948/544/948 951/545/951 950/507/950
f 949/543/949 950/507/950 953/507/953 952/546/952
f 950/507/950 951/545/951 954/547/954 953/507/953
f 35/152/35 250/150/250 946/542/946 361/385/361
f 250/150/250 251/132/251 947/368/947 946/542/946
f 251/132/251 252/149/252 948/544/948 947/368/947
f 252/149/252 36/148/36 367/548/367 948/544/948
f 948/544/948 367/548/367 368/549/368 951/545/951
f 951/545/951 368/549/368 369/550/369 954/547/954
f 954/547/954 369/550/369 48/448/48 324/551/324
f 953/507/953 954/547/954 324/551/324 323/552/323
f 952/546/952 953/507/953 323/552/323 322/517/322
f 363/388/363 952/546/952 322/517/322 47/389/47
f 362/387/362 949/543/949 952/546/952 363/388/363
f 361/385/361 946/542/946 949/543/949 362/387/362
f 955/553/955 956/554/956 959/555/959 958/556/958
f 956/554/956 957/557/957 960/558/960 959/555/959
f 958/556/958 959/555/959 962/559/962 961/560/961
f 959/555/959 960/558/960 963/561/963 962/559/962
f 39/144/39 273/365/273 955/553/955 355/397/355
f 273/365/273 272/364/272 956/554/956 955/553/955
f 272/364/272 271/367/271 957/557/957 956/554/956
f 271/367/271 40/328/40 370/562/370 957/557/957
f 957/557/957 370/562/370 371/563/371 960/558/960
f 960/558/960 371/563/371 372/564/372 963/561/963
f 963/561/963 372/564/372 52/103/52 343/535/343
f 962/559/962 963/561/963 343/535/343 344/534/344
f 961/560/961 962/559/962 344/534/344 345/533/345
f 357/399/357 961/560/961 345/533/345 51/108/51
f 356/398/356 958/556/958 961/560/961 357/399/357
f 355/397/355 955/553/955 958/556/958 356/398/356
f 964/405/964 965/565/965 968/403/968 967/406/967
f 965/565/965 966/566/966 969/567/969 968/403/968
f 967/406/967 968/403/968 971/568/971 970/569/970
f 968/403/968 969/567/969 972/570/972 971/568/971
f 30/10/30 243/434/243 964/405/964 378/199/378
f 243/434/243 242/433/242 965/565/965 964/405/964
f 242/433/242 241/432/241 966/566/966 965/565/965
f 241/432/241 29/431/29 373/571/373 966/566/966
f 966/566/966 373/571/373 374/416/374 969/567/969
f 969/567/969 374/416/374 375/572/375 972/570/972
f 972/570/972 375/572/375 41/415/41 313/502/313
f 971/568/971 972/570/972 313/502/313 314/501/314
f 970/569/970 971/568/971 314/501/314 315/500/315
f 376/199/376 970/569/970 315/500/315 42/10/42
f 377/199/377 967/406/967 970/569/970 376/199/376
f 378/199/378 964/405/964 967/406/967 377/199/377
f 973/573/973 974/574/974 977/575/977 976/576/976
f 974/574/974 975/577/975 978/578/978 977/575/977
f 976/576/976 977/575/977 980/579/980 979/580/979
f 977/575/977 978/578/978 981/580/981 980/579/980
f 36/148/36 264/473/264 973/573/973 367/548/367
f 264/473/264 263/472/263 974/574/974 973/573/973
f 263/472/263 262/471/262 975/577/975 974/574/974
f 262/471/262 32/148/32 379/548/379 975/577/975
f 975/577/975 379/548/379 380/581/380 978/578/978
f 978/578/978 380/581/380 381/582/381 981/580/981
f 981/580/981 381/582/381 44/369/44 334/514/334
f 980/579/980 981/580/981 334/514/334 335/583/335
f 979/580/979 980/579/980 335/583/335 336/514/336
f 369/550/369 979/580/979 336/514/336 48/448/48
f 368/549/368 976/576/976 979/580/979 369/550/369
f 367/548/367 973/573/973 976/576/976 368/549/368
f 982/584/982 983/585/983 986/586/986 985/587/985
f 983/585/983 984/588/984 987/589/987 986/586/986
f 985/587/985 986/586/986 989/590/989 988/591/988
f 986/586/986 987/589/987 990/592/990 989/590/989
f 29/431/29 253/485/253 982/584/982 373/571/373
f 253/485/253 254/486/254 983/585/983 982/584/982
f 254/486/254 255/485/255 984/588/984 983/585/983
f 255/485/255 33/242/33 354/410/354 984/588/984
f 984/588/984 354/410/354 353/416/353 987/589/987
f 987/589/987 353/416/353 352/414/352 990/592/990
f 990/592/990 352/414/352 45/415/45 327/593/327
f 989/590/989 990/592/990 327/593/327 326/504/326
f 988/591/988 989/590/989 326/504/326 325/594/325
f 375/572/375 988/591/988 325/594/325 41/415/41
f 374/416/374 985/587/985 988/591/988 375/572/375
f 373/571/373 982/584/982 985/587/985 374/416/374
f 991/595/991 992/323/992 995/323/995 994/596/994
f 992/323/992 993/322/993 996/322/996 995/323/995
f 994/596/994 995/323/995 998/323/998 997/597/997
f 995/323/995 996/322/996 999/324/999 998/323/998
f 40/328/40 276/320/276 991/595/991 370/562/370
f 276/320/276 275/323/275 992/323/992 991/595/991
f 275/323/275 274/324/274 993/322/993 992/323/992
f 274/324/274 38/84/38 382/165/382 993/322/993
f 993/322/993 382/165/382 383/165/383 996/322/996
f 996/322/996 383/165/383 384/165/384 999/324/999
f 999/324/999 384/165/384 50/598/50 346/322/346
f 998/323/998 999/324/999 346/322/346 347/323/347
f 997/597/997 998/323/998 347/323/347 348/221/348
f 372/564/372 997/597/997 348/221/348 52/103/52
f 371/563/371 994/596/994 997/597/997 372/564/372
f 370/562/370 991/595/991 994/596/994 371/563/371
f 1000/544/1000 1001/599/1001 1004/275/1004 1003/600/1003
f 1001/599/1001 1002/542/1002 1005/601/1005 1004/275/1004
f 1003/600/1003 1004/275/1004 1007/275/1007 1006/547/1006
f 1004/275/1004 1005/601/1005 1008/546/1008 1007/275/1007
f 32/148/32 246/149/246 1000/544/1000 379/548/379
f 246/149/246 245/132/245 1001/599/1001 1000/544/1000
f 245/132/245 244/150/244 1002/542/1002 1001/599/1001
f 244/150/244 31/152/31 366/385/366 1002/542/1002
f 1002/542/1002 366/385/366 365/387/365 1005/601/1005
f 1005/601/1005 365/387/365 364/388/364 1008/546/1008
f 1008/546/1008 364/388/364 43/389/43 316/515/316
f 1007/275/1007 1008/546/1008 316/515/316 317/364/317
f 1006/547/1006 1007/275/1007 317/364/317 318/513/318
f 381/582/381 1006/547/1006 318/513/318 44/369/44
f 380/581/380 1003/600/1003 1006/547/1006 381/582/381
f 379/548/379 1000/544/1000 1003/600/1003 380/581/380
f 1009/348/1009 1010/349/1010 1013/315/1013 1012/348/1012
f 1010/349/1010 1011/351/1011 1014/415/1014 1013/315/1013
f 1012/348/1012 1013/315/1013 1016/315/1016 1015/348/1015
f 1013/315/1013 1014/415/1014 1017/415/1017 1016/315/1016
f 38/10/38 267/348/267 1009/348/1009 382/199/382
f 267/348/267 266/350/266 1010/349/1010 1009/348/1009
f 266/350/266 265/352/265 1011/351/1011 1010/349/1010
f 265/352/265 37/353/37 360/354/360 1011/351/1011
f 1011/351/1011 360/354/360 359/288/359 1014/415/1014
f 1014/415/1014 359/288/359 358/353/358 1017/415/1017
f 1017/415/1017 358/353/358 49/400/49 337/415/337
f 1016/315/1016 1017/415/1017 337/415/337 338/315/338
f 1015/348/1015 1016/315/1016 338/315/338 339/602/339
f 384/199/384 1015/348/1015 339/602/339 50/603/50
f 383/199/383 1012/348/1012 1015/348/1015 384/199/384
f 382/199/382 1009/348/1009 1012/348/1012 383/199/383
f 1018/347/1018 1019/347/1019 1022/347/1022 1021/347/1021
f 1019/347/1019 1020/347/1020 1023/347/1023 1022/347/1022
f 1021/347/1021 1022/347/1022 1025/347/1025 1024/347/1024
f 1022/347/1022 1023/347/1023 1026/347/1026 1025/347/1025
f 34/84/34 256/347/256 1018/347/1018 349/165/349
f 256/347/256 257/347/257 1019/347/1019 1018/347/1018
f 257/347/257 258/347/258 1020/347/1020 1019/347/1019
f 258/347/258 30/84/30 378/165/378 1020/347/1020
f 1020/347/1020 378/165/378 377/165/377 1023/347/1023
f 1023/347/1023 377/165/377 376/165/376 1026/347/1026
f 1026/347/1026 376/165/376 42/598/42 330/165/330
f 1025/347/1025 1026/347/1026 330/165/330 329/165/329
f 1024/347/1024 1025/347/1025 329/165/329 328/165/328
f 351/165/351 1024/347/1024 328/165/328 46/598/46
f 350/165/350 1021/347/1021 1024/347/1024 351/165/351
f 349/165/349 1018/347/1018 1021/347/1021 350/165/350
f 1027/604/1027 1028/605/1028 1031/606/1031 1030/607/1030
f 1028/605/1028 1029/608/1029 1032/609/1032 1031/606/1031
f 1030/607/1030 1031/606/1031 1034/605/1034 1033/604/1033
f 1031/606/1031 1032/609/1032 1035/610/1035 1034/605/1034
f 54/611/54 387/222/387 1027/604/1027 396/612/396
f 387/222/387 386/613/386 1028/605/1028 1027/604/1027
f 386/613/386 385/224/385 1029/608/1029 1028/605/1028
f 385/224/385 53/84/53 391/165/391 1029/608/1029
f 1029/608/1029 391/165/391 392/165/392 1032/609/1032
f 1032/609/1032 392/165/392 393/165/393 1035/610/1035
f 1035/610/1035 393/165/393 55/84/55 388/224/388
f 1034/605/1034 1035/610/1035 388/224/388 389/613/389
f 1033/604/1033 1034/605/1034 389/613/389 390/222/390
f 394/614/394 1033/604/1033 390/222/390 56/221/56
f 395/615/395 1030/607/1030 1033/604/1033 394/614/394
f 396/612/396 1027/604/1027 1030/607/1030 395/615/395
f 1036/616/1036 1037/206/1037 1040/617/1040 1039/618/1039
f 1037/206/1037 1038/205/1038 1041/619/1041 1040/617/1040
f 1039/618/1039 1040/617/1040 1043/620/1043 1042/213/1042
f 1040/617/1040 1041/619/1041 1044/621/1044 1043/620/1043
f 16/139/16 156/258/156 1036/616/1036 408/622/408
f 156/258/156 155/257/155 1037/206/1037 1036/616/1036
f 155/257/155 154/256/154 1038/205/1038 1037/206/1037
f 154/256/154 14/84/14 403/165/403 1038/205/1038
f 1038/205/1038 403/165/403 404/165/404 1041/619/1041
f 1041/619/1041 404/165/404 405/165/405 1044/621/1044
f 1044/621/1044 405/165/405 53/84/53 385/224/385
f 1043/620/1043 1044/621/1044 385/224/385 386/613/386
f 1042/213/1042 1043/620/1043 386/613/386 387/222/387
f 406/623/406 1042/213/1042 387/222/387 54/611/54
f 407/624/407 1039/618/1039 1042/213/1042 406/623/406
f 408/622/408 1036/616/1036 1039/618/1039 407/624/407
f 1045/625/1045 1046/626/1046 1049/627/1049 1048/628/1048
f 1046/626/1046 1047/625/1047 1050/628/1050 1049/627/1049
f 1048/628/1048 1049/627/1049 1052/629/1052 1051/630/1051
f 1049/627/1049 1050/628/1050 1053/630/1053 1052/629/1052
f 14/10/14 181/313/181 1045/625/1045 403/199/403
f 181/313/181 182/631/182 1046/626/1046 1045/625/1045
f 182/631/182 183/313/183 1047/625/1047 1046/626/1046
f 183/313/183 18/10/18 402/199/402 1047/625/1047
f 1047/625/1047 402/199/402 401/199/401 1050/628/1050
f 1050/628/1050 401/199/401 400/199/400 1053/630/1053
f 1053/630/1053 400/199/400 55/603/55 393/199/393
f 1052/629/1052 1053/630/1053 393/199/393 392/199/392
f 1051/630/1051 1052/629/1052 392/199/392 391/199/391
f 405/199/405 1051/630/1051 391/199/391 53/603/53
f 404/199/404 1048/628/1048 1051/630/1051 405/199/405
f 403/199/403 1045/625/1045 1048/628/1048 404/199/404
f 1054/632/1054 1055/633/1055 1058/634/1058 1057/635/1057
f 1055/633/1055 1056/632/1056 1059/636/1059 1058/634/1058
f 1057/635/1057 1058/634/1058 1061/637/1061 1060/638/1060
f 1058/634/1058 1059/636/1059 1062/638/1062 1061/637/1061
f 20/217/20 184/301/184 1054/632/1054 397/218/397
f 184/301/184 185/302/185 1055/633/1055 1054/632/1054
f 185/302/185 186/639/186 1056/632/1056 1055/633/1055
f 186/639/186 16/139/16 408/622/408 1056/632/1056
f 1056/632/1056 408/622/408 407/624/407 1059/636/1059
f 1059/636/1059 407/624/407 406/623/406 1062/638/1062
f 1062/638/1062 406/623/406 54/611/54 396/640/396
f 1061/637/1061 1062/638/1062 396/640/396 395/641/395
f 1060/638/1060 1061/637/1061 395/641/395 394/614/394
f 399/220/399 1060/638/1060 394/614/394 56/221/56
f 398/219/398 1057/635/1057 1060/638/1060 399/220/399
f 397/218/397 1054/632/1054 1057/635/1057 398/219/398
f 1063/642/1063 1064/643/1064 1067/386/1067 1066/644/1066
f 1064/643/1064 1065/645/1065 1068/646/1068 1067/386/1067
f 1066/644/1066 1067/386/1067 1070/386/1070 1069/646/1069
f 1067/386/1067 1068/646/1068 1071/647/1071 1070/386/1070
f 57/648/57 415/645/415 1063/642/1063 450/649/450
f 415/645/415 416/650/416 1064/643/1064 1063/642/1063
f 416/650/416 417/645/417 1065/645/1065 1064/643/1064
f 417/645/417 59/648/59 445/651/445 1065/645/1065
f 1065/645/1065 445/651/445 446/652/446 1068/646/1068
f 1068/646/1068 446/652/446 447/653/447 1071/647/1071
f 1071/647/1071 447/653/447 63/648/63 441/645/441
f 1070/386/1070 1071/647/1071 441/645/441 440/650/440
f 1069/646/1069 1070/386/1070 440/650/440 439/645/439
f 448/152/448 1069/646/1069 439/645/439 61/648/61
f 449/652/449 1066/644/1066 1069/646/1069 448/152/448
f 450/649/450 1063/642/1063 1066/644/1066 449/652/449
f 1072/654/1072 1073/105/1073 1076/132/1076 1075/489/1075
f 1073/105/1073 1074/655/1074 1077/276/1077 1076/132/1076
f 1075/489/1075 1076/132/1076 1079/368/1079 1078/138/1078
f 1076/132/1076 1077/276/1077 1080/137/1080 1079/368/1079
f 11/108/11 129/106/129 1072/654/1072 432/470/432
f 129/106/129 128/105/128 1073/105/1073 1072/654/1072
f 128/105/128 127/104/127 1074/655/1074 1073/105/1073
f 127/104/127 12/103/12 427/279/427 1074/655/1074
f 1074/655/1074 427/279/427 428/153/428 1077/276/1077
f 1077/276/1077 428/153/428 429/151/429 1080/137/1080
f 1080/137/1080 429/151/429 57/152/57 409/150/409
f 1079/368/1079 1080/137/1080 409/150/409 410/132/410
f 1078/138/1078 1079/368/1079 410/132/410 411/149/411
f 430/147/430 1078/138/1078 411/149/411 58/148/58
f 431/146/431 1075/489/1075 1078/138/1078 430/147/430
f 432/470/432 1072/654/1072 1075/489/1075 431/146/431
f 1081/459/1081 1082/460/1082 1085/461/1085 1084/462/1084
f 1082/460/1082 1083/463/1083 1086/464/1086 1085/461/1085
f 1084/462/1084 1085/461/1085 1088/465/1088 1087/466/1087
f 1085/461/1085 1086/464/1086 1089/467/1089 1088/465/1088
f 15/144/15 160/468/160 1081/459/1081 421/145/421
f 160/468/160 161/270/161 1082/460/1082 1081/459/1081
f 161/270/161 162/469/162 1083/463/1083 1082/460/1082
f 162/469/162 11/108/11 432/470/432 1083/463/1083
f 1083/463/1083 432/470/432 431/146/431 1086/464/1086
f 1086/464/1086 431/146/431 430/147/430 1089/467/1089
f 1089/467/1089 430/147/430 58/148/58 420/471/420
f 1088/465/1088 1089/467/1089 420/471/420 419/472/419
f 1087/466/1087 1088/465/1088 419/472/419 418/473/418
f 423/147/423 1087/466/1087 418/473/418 60/148/60
f 422/146/422 1084/462/1084 1087/466/1087 423/147/423
f 421/145/421 1081/459/1081 1084/462/1084 422/146/422
f 1090/656/1090 1091/657/1091 1094/437/1094 1093/440/1093
f 1091/657/1091 1092/435/1092 1095/438/1095 1094/437/1094
f 1093/440/1093 1094/437/1094 1097/441/1097 1096/442/1096
f 1094/437/1094 1095/438/1095 1098/443/1098 1097/441/1097
f 12/103/12 157/252/157 1090/656/1090 427/279/427
f 157/252/157 158/260/158 1091/657/1091 1090/656/1090
f 158/260/158 159/336/159 1092/435/1092 1091/657/1091
f 159/336/159 16/139/16 426/141/426 1092/435/1092
f 1092/435/1092 426/141/426 425/153/425 1095/438/1095
f 1095/438/1095 425/153/425 424/151/424 1098/443/1098
f 1098/443/1098 424/151/424 59/152/59 417/384/417
f 1097/441/1097 1098/443/1098 417/384/417 416/386/416
f 1096/442/1096 1097/441/1097 416/386/416 415/384/415
f 429/151/429 1096/442/1096 415/384/415 57/152/57
f 428/153/428 1093/440/1093 1096/442/1096 429/151/429
f 427/279/427 1090/656/1090 1093/440/1093 428/153/428
f 1099/658/1099 1100/659/1100 1103/660/1103 1102/471/1102
f 1100/659/1100 1101/661/1101 1104/662/1104 1103/660/1103
f 1102/471/1102 1103/660/1103 1106/663/1106 1105/662/1105
f 1103/660/1103 1104/662/1104 1107/658/1107 1106/663/1106
f 64/664/64 442/665/442 1099/658/1099 474/666/474
f 442/665/442 443/667/443 1100/659/1100 1099/658/1099
f 443/667/443 444/665/444 1101/661/1101 1100/659/1100
f 444/665/444 62/148/62 469/668/469 1101/661/1101
f 1101/661/1101 469/668/469 470/669/470 1104/662/1104
f 1104/662/1104 470/669/470 471/148/471 1107/658/1107
f 1107/658/1107 471/148/471 66/148/66 468/665/468
f 1106/663/1106 1107/658/1107 468/665/468 467/667/467
f 1105/662/1105 1106/663/1106 467/667/467 466/665/466
f 472/148/472 1105/662/1105 466/665/466 68/664/68
f 473/669/473 1102/471/1102 1105/662/1105 472/148/472
f 474/666/474 1099/658/1099 1102/471/1102 473/669/473
f 1108/670/1108 1109/671/1109 1112/364/1112 1111/149/1111
f 1109/671/1109 1110/672/1110 1113/673/1113 1112/364/1112
f 1111/149/1111 1112/364/1112 1115/364/1115 1114/674/1114
f 1112/364/1112 1113/673/1113 1116/675/1116 1115/364/1115
f 58/148/58 411/676/411 1108/670/1108 453/668/453
f 411/676/411 410/136/410 1109/671/1109 1108/670/1108
f 410/136/410 409/677/409 1110/672/1110 1109/671/1109
f 409/677/409 57/648/57 450/649/450 1110/672/1110
f 1110/672/1110 450/649/450 449/652/449 1113/673/1113
f 1113/673/1113 449/652/449 448/152/448 1116/675/1116
f 1116/675/1116 448/152/448 61/648/61 433/677/433
f 1115/364/1115 1116/675/1116 433/677/433 434/136/434
f 1114/674/1114 1115/364/1115 434/136/434 435/676/435
f 451/148/451 1114/674/1114 435/676/435 62/148/62
f 452/669/452 1111/149/1111 1114/674/1114 451/148/451
f 453/668/453 1108/670/1108 1111/149/1111 452/669/452
f 1117/658/1117 1118/659/1118 1121/660/1121 1120/471/1120
f 1118/659/1118 1119/661/1119 1122/662/1122 1121/660/1121
f 1120/471/1120 1121/660/1121 1124/663/1124 1123/662/1123
f 1121/660/1121 1122/662/1122 1125/658/1125 1124/663/1124
f 60/664/60 418/665/418 1117/658/1117 456/666/456
f 418/665/418 419/667/419 1118/659/1118 1117/658/1117
f 419/667/419 420/665/420 1119/661/1119 1118/659/1118
f 420/665/420 58/148/58 453/668/453 1119/661/1119
f 1119/661/1119 453/668/453 452/669/452 1122/662/1122
f 1122/662/1122 452/669/452 451/148/451 1125/658/1125
f 1125/658/1125 451/148/451 62/148/62 444/665/444
f 1124/663/1124 1125/658/1125 444/665/444 443/667/443
f 1123/662/1123 1124/663/1124 443/667/443 442/665/442
f 454/148/454 1123/662/1123 442/665/442 64/664/64
f 455/669/455 1120/471/1120 1123/662/1123 454/148/454
f 456/666/456 1117/658/1117 1120/471/1120 455/669/455
f 1126/675/1126 1127/445/1127 1130/132/1130 1129/150/1129
f 1127/445/1127 1128/678/1128 1131/679/1131 1130/132/1130
f 1129/150/1129 1130/132/1130 1133/364/1133 1132/673/1132
f 1130/132/1130 1131/679/1131 1134/670/1134 1133/364/1133
f 59/648/59 412/672/412 1126/675/1126 445/651/445
f 412/672/412 413/368/413 1127/445/1127 1126/675/1126
f 413/368/413 414/678/414 1128/678/1128 1127/445/1127
f 414/678/414 60/664/60 456/666/456 1128/678/1128
f 1128/678/1128 456/666/456 455/669/455 1131/679/1131
f 1131/679/1131 455/669/455 454/148/454 1134/670/1134
f 1134/670/1134 454/148/454 64/664/64 438/678/438
f 1133/364/1133 1134/670/1134 438/678/438 437/368/437
f 1132/673/1132 1133/364/1133 437/368/437 436/672/436
f 447/653/447 1132/673/1132 436/672/436 63/648/63
f 446/652/446 1129/150/1129 1132/673/1132 447/653/447
f 445/651/445 1126/675/1126 1129/150/1129 446/652/446
f 1135/375/1135 1136/376/1136 1139/377/1139 1138/378/1138
f 1136/376/1136 1137/379/1137 1140/380/1140 1139/377/1139
f 1138/378/1138 1139/377/1139 1142/381/1142 1141/382/1141
f 1139/377/1139 1140/380/1140 1143/383/1143 1142/381/1142
f 65/152/65 463/384/463 1135/375/1135 498/385/498
f 463/384/463 464/386/464 1136/376/1136 1135/375/1135
f 464/386/464 465/384/465 1137/379/1137 1136/376/1136
f 465/384/465 67/152/67 493/385/493 1137/379/1137
f 1137/379/1137 493/385/493 494/387/494 1140/380/1140
f 1140/380/1140 494/387/494 495/388/495 1143/383/1143
f 1143/383/1143 495/388/495 71/389/71 489/390/489
f 1142/381/1142 1143/383/1143 489/390/489 488/391/488
f 1141/382/1141 1142/381/1142 488/391/488 487/392/487
f 496/388/496 1141/382/1141 487/392/487 69/389/69
f 497/387/497 1138/378/1138 1141/382/1141 496/388/496
f 498/385/498 1135/375/1135 1138/378/1138 497/387/497
f 1144/675/1144 1145/445/1145 1148/132/1148 1147/150/1147
f 1145/445/1145 1146/678/1146 1149/679/1149 1148/132/1148
f 1147/150/1147 1148/132/1148 1151/364/1151 1150/673/1150
f 1148/132/1148 1149/679/1149 1152/670/1152 1151/364/1151
f 63/648/63 436/672/436 1144/675/1144 477/651/477
f 436/672/436 437/368/437 1145/445/1145 1144/675/1144
f 437/368/437 438/678/438 1146/678/1146 1145/445/1145
f 438/678/438 64/664/64 474/666/474 1146/678/1146
f 1146/678/1146 474/666/474 473/669/473 1149/679/1149
f 1149/679/1149 473/669/473 472/148/472 1152/670/1152
f 1152/670/1152 472/148/472 68/664/68 462/678/462
f 1151/364/1151 1152/670/1152 462/678/462 461/368/461
f 1150/673/1150 1151/364/1151 461/368/461 460/672/460
f 475/653/475 1150/673/1150 460/672/460 67/648/67
f 476/652/476 1147/150/1147 1150/673/1150 475/653/475
f 477/651/477 1144/675/1144 1147/150/1147 476/652/476
f 1153/642/1153 1154/643/1154 1157/386/1157 1156/644/1156
f 1154/643/1154 1155/645/1155 1158/646/1158 1157/386/1157
f 1156/644/1156 1157/386/1157 1160/386/1160 1159/646/1159
f 1157/386/1157 1158/646/1158 1161/647/1161 1160/386/1160
f 61/648/61 439/645/439 1153/642/1153 480/649/480
f 439/645/439 440/650/440 1154/643/1154 1153/642/1153
f 440/650/440 441/645/441 1155/645/1155 1154/643/1154
f 441/645/441 63/648/63 477/651/477 1155/645/1155
f 1155/645/1155 477/651/477 476/652/476 1158/646/1158
f 1158/646/1158 476/652/476 475/653/475 1161/647/1161
f 1161/647/1161 475/653/475 67/648/67 465/645/465
f 1160/386/1160 1161/647/1161 465/645/465 464/650/464
f 1159/646/1159 1160/386/1160 464/650/464 463/645/463
f 478/152/478 1159/646/1159 463/645/463 65/648/65
f 479/652/479 1156/644/1156 1159/646/1159 478/152/478
f 480/649/480 1153/642/1153 1156/644/1156 479/652/479
f 1162/670/1162 1163/671/1163 1166/364/1166 1165/149/1165
f 1163/671/1163 1164/672/1164 1167/673/1167 1166/364/1166
f 1165/149/1165 1166/364/1166 1169/364/1169 1168/674/1168
f 1166/364/1166 1167/673/1167 1170/675/1170 1169/364/1169
f 62/148/62 435/676/435 1162/670/1162 469/668/469
f 435/676/435 434/136/434 1163/671/1163 1162/670/1162
f 434/136/434 433/677/433 1164/672/1164 1163/671/1163
f 433/677/433 61/648/61 480/649/480 1164/672/1164
f 1164/672/1164 480/649/480 479/652/479 1167/673/1167
f 1167/673/1167 479/652/479 478/152/478 1170/675/1170
f 1170/675/1170 478/152/478 65/648/65 457/677/457
f 1169/364/1169 1170/675/1170 457/677/457 458/136/458
f 1168/674/1168 1169/364/1169 458/136/458 459/676/459
f 471/148/471 1168/674/1168 459/676/459 66/148/66
f 470/669/470 1165/149/1165 1168/674/1168 471/148/471
f 469/668/469 1162/670/1162 1165/149/1165 470/669/470
f 1171/506/1171 1172/507/1172 1175/275/1175 1174/508/1174
f 1172/507/1172 1173/509/1173 1176/510/1176 1175/275/1175
f 1174/508/1174 1175/275/1175 1178/275/1178 1177/511/1177
f 1175/275/1175 1176/510/1176 1179/512/1179 1178/275/1178
f 70/369/70 483/513/483 1171/506/1171 492/514/492
f 483/513/483 482/364/482 1172/507/1172 1171/506/1171
f 482/364/482 481/515/481 1173/509/1173 1172/507/1172
f 481/515/481 69/389/69 487/516/487 1173/509/1173
f 1173/509/1173 487/516/487 488/391/488 1176/510/1176
f 1176/510/1176 488/391/488 489/392/489 1179/512/1179
f 1179/512/1179 489/392/489 71/389/71 484/517/484
f 1178/275/1178 1179/512/1179 484/517/484 485/364/485
f 1177/511/1177 1178/275/1178 485/364/485 486/513/486
f 490/514/490 1177/511/1177 486/513/486 72/448/72
f 491/518/491 1174/508/1174 1177/511/1177 490/514/490
f 492/514/492 1171/506/1171 1174/508/1174 491/518/491
f 1180/544/1180 1181/599/1181 1184/275/1184 1183/680/1183
f 1181/599/1181 1182/542/1182 1185/601/1185 1184/275/1184
f 1183/680/1183 1184/275/1184 1187/275/1187 1186/681/1186
f 1184/275/1184 1185/601/1185 1188/546/1188 1187/275/1187
f 66/148/66 459/149/459 1180/544/1180 501/548/501
f 459/149/459 458/132/458 1181/599/1181 1180/544/1180
f 458/132/458 457/150/457 1182/542/1182 1181/599/1181
f 457/150/457 65/152/65 498/385/498 1182/542/1182
f 1182/542/1182 498/385/498 497/387/497 1185/601/1185
f 1185/601/1185 497/387/497 496/388/496 1188/546/1188
f 1188/546/1188 496/388/496 69/389/69 481/515/481
f 1187/275/1187 1188/546/1188 481/515/481 482/364/482
f 1186/681/1186 1187/275/1187 482/364/482 483/513/483
f 499/582/499 1186/681/1186 483/513/483 70/369/70
f 500/581/500 1183/680/1183 1186/681/1186 499/582/499
f 501/548/501 1180/544/1180 1183/680/1183 500/581/500
f 1189/573/1189 1190/574/1190 1193/575/1193 1192/682/1192
f 1190/574/1190 1191/577/1191 1194/578/1194 1193/575/1193
f 1192/682/1192 1193/575/1193 1196/579/1196 1195/683/1195
f 1193/575/1193 1194/578/1194 1197/580/1197 1196/579/1196
f 68/148/68 466/473/466 1189/573/1189 504/548/504
f 466/473/466 467/472/467 1190/574/1190 1189/573/1189
f 467/472/467 468/471/468 1191/577/1191 1190/574/1190
f 468/471/468 66/148/66 501/548/501 1191/577/1191
f 1191/577/1191 501/548/501 500/581/500 1194/578/1194
f 1194/578/1194 500/581/500 499/582/499 1197/580/1197
f 1197/580/1197 499/582/499 70/369/70 492/514/492
f 1196/579/1196 1197/580/1197 492/514/492 491/583/491
f 1195/683/1195 1196/579/1196 491/583/491 490/514/490
f 502/582/502 1195/683/1195 490/514/490 72/448/72
f 503/549/503 1192/682/1192 1195/683/1195 502/582/502
f 504/548/504 1189/573/1189 1192/682/1192 503/549/503
f 1198/542/1198 1199/368/1199 1202/684/1202 1201/543/1201
f 1199/368/1199 1200/544/1200 1203/545/1203 1202/684/1202
f 1201/543/1201 1202/684/1202 1205/507/1205 1204/546/1204
f 1202/684/1202 1203/545/1203 1206/547/1206 1205/507/1205
f 67/152/67 460/150/460 1198/542/1198 493/385/493
f 460/150/460 461/132/461 1199/368/1199 1198/542/1198
f 461/132/461 462/149/462 1200/544/1200 1199/368/1199
f 462/149/462 68/148/68 504/548/504 1200/544/1200
f 1200/544/1200 504/548/504 503/549/503 1203/545/1203
f 1203/545/1203 503/549/503 502/582/502 1206/547/1206
f 1206/547/1206 502/582/502 72/448/72 486/551/486
f 1205/507/1205 1206/547/1206 486/551/486 485/552/485
f 1204/546/1204 1205/507/1205 485/552/485 484/517/484
f 495/388/495 1204/546/1204 484/517/484 71/389/71
f 494/387/494 1201/543/1201 1204/546/1204 495/388/495
f 493/385/493 1198/542/1198 1201/543/1201 494/387/494
f 1207/347/1207 1208/347/1208 1211/347/1211 1210/347/1210
f 1208/347/1208 1209/347/1209 1212/347/1212 1211/347/1211
f 1210/347/1210 1211/347/1211 1214/347/1214 1213/347/1213
f 1211/347/1211 1212/347/1212 1215/347/1215 1214/347/1214
f 76/84/76 514/347/514 1207/347/1207 546/165/546
f 514/347/514 515/347/515 1208/347/1208 1207/347/1207
f 515/347/515 516/347/516 1209/347/1209 1208/347/1208
f 516/347/516 74/84/74 541/165/541 1209/347/1209
f 1209/347/1209 541/165/541 542/165/542 1212/347/1212
f 1212/347/1212 542/165/542 543/165/543 1215/347/1215
f 1215/347/1215 543/165/543 78/84/78 540/347/540
f 1214/347/1214 1215/347/1215 540/347/540 539/347/539
f 1213/347/1213 1214/347/1214 539/347/539 538/347/538
f 544/165/544 1213/347/1213 538/347/538 80/84/80
f 545/165/545 1210/347/1210 1213/347/1213 544/165/544
f 546/165/546 1207/347/1207 1210/347/1210 545/165/545
f 1216/339/1216 1217/340/1217 1220/341/1220 1219/342/1219
f 1217/340/1217 1218/339/1218 1221/343/1221 1220/341/1220
f 1219/342/1219 1220/341/1220 1223/344/1223 1222/345/1222
f 1220/341/1220 1221/343/1221 1224/345/1224 1223/344/1223
f 14/84/14 166/253/166 1216/339/1216 517/165/517
f 166/253/166 167/346/167 1217/340/1217 1216/339/1216
f 167/346/167 168/255/168 1218/339/1218 1217/340/1217
f 168/255/168 10/84/10 523/165/523 1218/339/1218
f 1218/339/1218 523/165/523 524/165/524 1221/343/1221
f 1221/343/1221 524/165/524 525/165/525 1224/345/1224
f 1224/345/1224 525/165/525 74/84/74 516/347/516
f 1223/344/1223 1224/345/1224 516/347/516 515/347/515
f 1222/345/1222 1223/344/1223 515/347/515 514/347/514
f 519/165/519 1222/345/1222 514/347/514 76/84/76
f 518/165/518 1219/342/1219 1222/345/1222 519/165/519
f 517/165/517 1216/339/1216 1219/342/1219 518/165/518
f 1225/456/1225 1226/454/1226 1229/425/1229 1228/426/1228
f 1226/454/1226 1227/685/1227 1230/228/1230 1229/425/1229
f 1228/426/1228 1229/425/1229 1232/428/1232 1231/233/1231
f 1229/425/1229 1230/228/1230 1233/429/1233 1232/428/1232
f 10/10/10 123/204/123 1225/456/1225 523/199/523
f 123/204/123 122/203/122 1226/454/1226 1225/456/1225
f 122/203/122 121/202/121 1227/685/1227 1226/454/1226
f 121/202/121 9/187/9 526/235/526 1227/685/1227
f 1227/685/1227 526/235/526 527/243/527 1230/228/1230
f 1230/228/1230 527/243/527 528/430/528 1233/429/1233
f 1233/429/1233 528/430/528 73/431/73 505/432/505
f 1232/428/1232 1233/429/1233 505/432/505 506/433/506
f 1231/233/1231 1232/428/1232 506/433/506 507/434/507
f 525/199/525 1231/233/1231 507/434/507 74/10/74
f 524/199/524 1228/426/1228 1231/233/1231 525/199/525
f 523/199/523 1225/456/1225 1228/426/1228 524/199/524
f 1234/474/1234 1235/475/1235 1238/476/1238 1237/477/1237
f 1235/475/1235 1236/478/1236 1239/479/1239 1238/476/1238
f 1237/477/1237 1238/476/1238 1241/480/1241 1240/481/1240
f 1238/476/1238 1239/479/1239 1242/482/1242 1241/480/1241
f 9/187/9 163/483/163 1234/474/1234 526/235/526
f 163/483/163 164/273/164 1235/475/1235 1234/474/1234
f 164/273/164 165/484/165 1236/478/1236 1235/475/1235
f 165/484/165 13/187/13 522/235/522 1236/478/1236
f 1236/478/1236 522/235/522 521/243/521 1239/479/1239
f 1239/479/1239 521/243/521 520/241/520 1242/482/1242
f 1242/482/1242 520/241/520 75/242/75 513/485/513
f 1241/480/1241 1242/482/1242 513/485/513 512/486/512
f 1240/481/1240 1241/480/1241 512/486/512 511/485/511
f 528/430/528 1240/481/1240 511/485/511 73/431/73
f 527/243/527 1237/477/1237 1240/481/1240 528/430/528
f 526/235/526 1234/474/1234 1237/477/1237 527/243/527
f 1243/584/1243 1244/585/1244 1247/586/1247 1246/686/1246
f 1244/585/1244 1245/588/1245 1248/589/1248 1247/586/1247
f 1246/686/1246 1247/586/1247 1250/590/1250 1249/687/1249
f 1247/586/1247 1248/589/1248 1251/592/1251 1250/590/1250
f 77/431/77 535/485/535 1243/584/1243 570/571/570
f 535/485/535 536/486/536 1244/585/1244 1243/584/1243
f 536/486/536 537/485/537 1245/588/1245 1244/585/1244
f 537/485/537 79/242/79 565/410/565 1245/588/1245
f 1245/588/1245 565/410/565 566/416/566 1248/589/1248
f 1248/589/1248 566/416/566 567/414/567 1251/592/1251
f 1251/592/1251 567/414/567 83/351/83 561/593/561
f 1250/590/1250 1251/592/1251 561/593/561 560/504/560
f 1249/687/1249 1250/590/1250 560/504/560 559/594/559
f 568/572/568 1249/687/1249 559/594/559 81/415/81
f 569/416/569 1246/686/1246 1249/687/1249 568/572/568
f 570/571/570 1243/584/1243 1246/686/1246 569/416/569
f 1252/688/1252 1253/239/1253 1256/239/1256 1255/240/1255
f 1253/239/1253 1254/689/1254 1257/689/1257 1256/239/1256
f 1255/240/1255 1256/239/1256 1259/239/1259 1258/688/1258
f 1256/239/1256 1257/689/1257 1260/238/1260 1259/239/1259
f 75/242/75 508/240/508 1252/688/1252 549/690/549
f 508/240/508 509/239/509 1253/239/1253 1252/688/1252
f 509/239/509 510/238/510 1254/689/1254 1253/239/1253
f 510/238/510 76/10/76 546/199/546 1254/689/1254
f 1254/689/1254 546/199/546 545/199/545 1257/689/1257
f 1257/689/1257 545/199/545 544/199/544 1260/238/1260
f 1260/238/1260 544/199/544 80/10/80 534/238/534
f 1259/239/1259 1260/238/1260 534/238/534 533/239/533
f 1258/688/1258 1259/239/1259 533/239/533 532/240/532
f 547/690/547 1258/688/1258 532/240/532 79/242/79
f 548/242/548 1255/240/1255 1258/688/1258 547/690/547
f 549/690/549 1252/688/1252 1255/240/1255 548/242/548
f 1261/691/1261 1262/692/1262 1265/486/1265 1264/485/1264
f 1262/692/1262 1263/693/1263 1266/694/1266 1265/486/1265
f 1264/485/1264 1265/486/1265 1268/695/1268 1267/696/1267
f 1265/486/1265 1266/694/1266 1269/697/1269 1268/695/1268
f 73/431/73 511/698/511 1261/691/1261 552/699/552
f 511/698/511 512/700/512 1262/692/1262 1261/691/1261
f 512/700/512 513/693/513 1263/693/1263 1262/692/1262
f 513/693/513 75/431/75 549/701/549 1263/693/1263
f 1263/693/1263 549/701/549 548/690/548 1266/694/1266
f 1266/694/1266 548/690/548 547/431/547 1269/697/1269
f 1269/697/1269 547/431/547 79/431/79 537/693/537
f 1268/695/1268 1269/697/1269 537/693/537 536/700/536
f 1267/696/1267 1268/695/1268 536/700/536 535/698/535
f 550/431/550 1267/696/1267 535/698/535 77/431/77
f 551/702/551 1264/485/1264 1267/696/1267 550/431/550
f 552/699/552 1261/691/1261 1264/485/1264 551/702/551
f 1270/434/1270 1271/703/1271 1274/433/1274 1273/434/1273
f 1271/703/1271 1272/704/1272 1275/432/1275 1274/433/1274
f 1273/434/1273 1274/433/1274 1277/703/1277 1276/434/1276
f 1274/433/1274 1275/432/1275 1278/704/1278 1277/703/1277
f 74/10/74 507/434/507 1270/434/1270 541/199/541
f 507/434/507 506/433/506 1271/703/1271 1270/434/1270
f 506/433/506 505/432/505 1272/704/1272 1271/703/1271
f 505/432/505 73/431/73 552/702/552 1272/704/1272
f 1272/704/1272 552/702/552 551/431/551 1275/432/1275
f 1275/432/1275 551/431/551 550/702/550 1278/704/1278
f 1278/704/1278 550/702/550 77/431/77 529/432/529
f 1277/703/1277 1278/704/1278 529/432/529 530/433/530
f 1276/434/1276 1277/703/1277 530/433/530 531/434/531
f 543/199/543 1276/434/1276 531/434/531 78/10/78
f 542/199/542 1273/434/1273 1276/434/1276 543/199/543
f 541/199/541 1270/434/1270 1273/434/1273 542/199/542
f 1279/491/1279 1280/492/1280 1283/493/1283 1282/494/1282
f 1280/492/1280 1281/495/1281 1284/496/1284 1283/493/1283
f 1282/494/1282 1283/493/1283 1286/497/1286 1285/498/1285
f 1283/493/1283 1284/496/1284 1287/499/1287 1286/497/1286
f 82/10/82 555/500/555 1279/491/1279 564/199/564
f 555/500/555 554/501/554 1280/492/1280 1279/491/1279
f 554/501/554 553/502/553 1281/495/1281 1280/492/1280
f 553/502/553 81/415/81 559/503/559 1281/495/1281
f 1281/495/1281 559/503/559 560/504/560 1284/496/1284
f 1284/496/1284 560/504/560 561/593/561 1287/499/1287
f 1287/499/1287 561/593/561 83/351/83 556/502/556
f 1286/497/1286 1287/499/1287 556/502/556 557/501/557
f 1285/498/1285 1286/497/1286 557/501/557 558/500/558
f 562/199/562 1285/498/1285 558/500/558 84/10/84
f 563/199/563 1282/494/1282 1285/498/1285 562/199/562
f 564/199/564 1279/491/1279 1282/494/1282 563/199/563
f 1288/405/1288 1289/565/1289 1292/403/1292 1291/406/1291
f 1289/565/1289 1290/566/1290 1293/567/1293 1292/403/1292
f 1291/406/1291 1292/403/1292 1295/568/1295 1294/569/1294
f 1292/403/1292 1293/567/1293 1296/570/1296 1295/568/1295
f 78/10/78 531/434/531 1288/405/1288 573/199/573
f 531/434/531 530/433/530 1289/565/1289 1288/405/1288
f 530/433/530 529/432/529 1290/566/1290 1289/565/1289
f 529/432/529 77/431/77 570/571/570 1290/566/1290
f 1290/566/1290 570/571/570 569/416/569 1293/567/1293
f 1293/567/1293 569/416/569 568/572/568 1296/570/1296
f 1296/570/1296 568/572/568 81/415/81 553/502/553
f 1295/568/1295 1296/570/1296 553/502/553 554/501/554
f 1294/569/1294 1295/568/1295 554/501/554 555/500/555
f 571/199/571 1294/569/1294 555/500/555 82/10/82
f 572/199/572 1291/406/1291 1294/569/1294 571/199/571
f 573/199/573 1288/405/1288 1291/406/1291 572/199/572
f 1297/347/1297 1298/347/1298 1301/347/1301 1300/347/1300
f 1298/347/1298 1299/347/1299 1302/347/1302 1301/347/1301
f 1300/347/1300 1301/347/1301 1304/347/1304 1303/347/1303
f 1301/347/1301 1302/347/1302 1305/347/1305 1304/347/1304
f 80/84/80 538/347/538 1297/347/1297 576/165/576
f 538/347/538 539/347/539 1298/347/1298 1297/347/1297
f 539/347/539 540/347/540 1299/347/1299 1298/347/1298
f 540/347/540 78/84/78 573/165/573 1299/347/1299
f 1299/347/1299 573/165/573 572/165/572 1302/347/1302
f 1302/347/1302 572/165/572 571/165/571 1305/347/1305
f 1305/347/1305 571/165/571 82/598/82 564/165/564
f 1304/347/1304 1305/347/1305 564/165/564 563/165/563
f 1303/347/1303 1304/347/1304 563/165/563 562/165/562
f 574/165/574 1303/347/1303 562/165/562 84/598/84
f 575/165/575 1300/347/1300 1303/347/1303 574/165/574
f 576/165/576 1297/347/1297 1300/347/1300 575/165/575
f 1306/401/1306 1307/402/1307 1310/705/1310 1309/404/1309
f 1307/402/1307 1308/405/1308 1311/406/1311 1310/705/1310
f 1309/404/1309 1310/705/1310 1313/407/1313 1312/706/1312
f 1310/705/1310 1311/406/1311 1314/707/1314 1313/407/1313
f 79/242/79 532/240/532 1306/401/1306 565/410/565
f 532/240/532 533/239/533 1307/402/1307 1306/401/1306
f 533/239/533 534/238/534 1308/405/1308 1307/402/1307
f 534/238/534 80/10/80 576/199/576 1308/405/1308
f 1308/405/1308 576/199/576 575/199/575 1311/406/1311
f 1311/406/1311 575/199/575 574/199/574 1314/707/1314
f 1314/707/1314 574/199/574 84/10/84 558/411/558
f 1313/407/1313 1314/707/1314 558/411/558 557/412/557
f 1312/706/1312 1313/407/1313 557/412/557 556/413/556
f 567/414/567 1312/706/1312 556/413/556 83/351/83
f 566/416/566 1309/404/1309 1312/706/1312 567/414/567
f 565/410/565 1306/401/1306 1309/404/1309 566/416/566
