# 3ds Max Wavefront OBJ Exporter v0.99 - (c)2007 guruware
# File Created: 04.10.2026 18:54:34

#
# object PillDispenser
#

v  7028.2847 751.5820 -5288.2524
v  6958.2852 751.5820 -5254.9448
v  6958.2725 813.3607 -5254.9722
v  7028.2720 812.3521 -5288.2798
v  7060.7471 751.6189 -5220.0293
v  7000.1040 751.6189 -5191.5381
v  6855.1968 818.6115 -5177.2544
v  6886.3936 818.6473 -5111.6904
v  6885.8442 878.4297 -5112.8452
v  6855.1846 877.3101 -5177.2803
v  6958.2593 874.1642 -5254.9990
v  6854.2632 751.5950 -5176.5215
v  6803.2744 751.6010 -5138.4976
v  6802.7881 818.6179 -5138.1758
v  6855.1455 1063.7986 -5177.3623
v  6886.1963 1063.8335 -5112.1060
v  6829.1719 1063.8356 -5080.6646
v  6792.1011 1063.8062 -5130.3765
v  6855.1587 999.0266 -5177.3340
v  6885.7397 1000.6516 -5113.0654
v  6786.5576 1115.9558 -5126.3413
v  6848.1772 1115.6628 -5172.2832
v  6958.2217 1053.5747 -5255.0781
v  6958.2344 994.3325 -5255.0522
v  6958.2100 1111.2433 -5255.1035
v  7028.1094 1586.9932 -5288.6211
v  7028.1230 1520.9468 -5288.5918
v  6958.0205 1520.0684 -5255.2051
v  6957.5562 1581.2710 -5254.8867
v  6999.3398 1581.9366 -5188.2490
v  7062.4390 1586.9932 -5216.4741
v  6641.1885 1332.2925 -4942.0010
v  6641.1768 1391.5537 -4942.0254
v  6624.4629 1392.9700 -4977.1519
v  6624.4629 1335.7120 -4977.1519
v  6982.5366 751.6324 -4789.9316
v  6965.4297 751.6622 -4852.7129
v  7025.0688 751.6583 -4871.1641
v  7043.4863 751.6269 -4807.2051
v  6923.3804 751.6368 -4773.0303
v  6906.5122 751.6663 -4834.5503
v  6641.1533 1504.6245 -4942.0752
v  6679.8936 1513.3176 -4860.6582
v  6679.8311 1550.5309 -4860.7896
v  6654.3711 1550.5309 -4914.2969
v  6624.3999 1550.6345 -4976.9590
v  6624.4629 1514.8445 -4977.1519
v  6624.4629 1451.1967 -4977.1519
v  6641.1646 1449.1226 -4942.0513
v  6626.1348 1063.8306 -4995.3115
v  6668.5229 1063.8485 -4975.0015
v  6624.4629 1063.8380 -4977.1519
v  6624.1582 1063.8370 -4980.3931
v  7257.2324 751.5820 -4807.0947
v  7257.2451 812.3441 -4807.0679
v  7187.2456 813.3477 -4773.7598
v  7187.2329 751.5820 -4773.7871
v  7164.3965 751.6189 -4846.4121
v  7224.5981 751.6194 -4875.6792
v  7061.9219 818.6115 -4742.7993
v  6998.5537 818.6179 -4726.7852
v  6999.2856 751.6010 -4727.0044
v  7060.8828 751.5950 -4742.5669
v  7061.9341 877.2931 -4742.7734
v  7031.2368 878.4213 -4807.2871
v  7030.6807 818.6473 -4808.4565
v  7187.2583 874.1472 -4773.7329
v  7061.9736 1063.7986 -4742.6914
v  7187.2959 1053.5273 -4773.6538
v  7187.3081 1111.1700 -4773.6284
v  7053.9556 1115.6021 -4740.5693
v  7061.9600 999.0106 -4742.7197
v  7187.2837 994.3011 -4773.6797
v  6979.5850 1115.9155 -4721.7695
v  6986.0195 1063.8062 -4723.4780
v  6970.8477 1063.8356 -4783.4336
v  7030.9263 1063.8335 -4807.9404
v  7031.3735 1000.6431 -4807.0000
v  7257.4077 1586.9932 -4806.7261
v  7186.7280 1581.2710 -4773.2583
v  7187.2686 1519.9094 -4773.4185
v  7257.3936 1520.6379 -4806.7554
v  7224.2905 1586.9932 -4876.3252
v  7162.9434 1581.9790 -4845.7788
v  6939.6499 751.6064 -4711.8145
v  6881.9893 751.6119 -4697.0293
v  6866.0054 751.6418 -4756.8184
v  6741.5674 1332.2925 -4731.0444
v  6761.1084 1335.2595 -4689.9771
v  6761.1084 1392.4536 -4689.9771
v  6741.5791 1391.3859 -4731.0200
v  6741.6030 1504.6245 -4730.9697
v  6741.5908 1448.9287 -4730.9946
v  6761.1084 1450.3007 -4689.9771
v  6761.1084 1511.3882 -4689.9771
v  6731.4116 1550.5309 -4752.3877
v  6706.1245 1550.5309 -4805.5317
v  6707.3530 1513.3162 -4802.9497
v  6760.9595 1550.5309 -4690.2900
v  6763.4316 1063.8370 -4687.6963
v  6761.1084 1063.8380 -4689.9771
v  6787.1714 1063.8480 -4725.2490
v  6776.2539 1063.8306 -4679.8198
v  6626.1348 818.6439 -4995.3115
v  6659.8081 818.6349 -5030.8247
v  6660.4614 751.6184 -5031.2358
v  6626.1348 751.6269 -4995.3115
v  6637.3174 751.6493 -4950.1367
v  6637.0811 818.6653 -4950.6333
v  6694.8750 751.6468 -4982.7832
v  6776.2539 818.6439 -4679.8198
v  6748.7510 818.6653 -4715.9473
v  6748.1689 751.6493 -4717.1704
v  6776.2539 751.6269 -4679.8198
v  6825.8179 751.6184 -4683.7969
v  6825.9629 818.6349 -4683.6089
v  6810.8906 751.6463 -4740.8271
v  6624.1714 1551.2515 -4980.2905
v  6664.3965 1552.8496 -4966.9746
v  6625.6479 1551.6143 -4995.0459
v  6626.1348 1523.6577 -4995.3115
v  6624.1582 1515.7236 -4980.3931
v  6781.5562 1553.2461 -4733.3652
v  6778.2578 1551.3726 -4680.7070
v  6790.7651 1552.0432 -4675.7559
v  6804.4683 1554.6240 -4729.0415
v  6797.4941 1556.1464 -4792.1069
v  6765.6006 1553.4714 -4774.0518
v  6778.9111 1556.5525 -4844.0850
v  6741.6567 1553.4789 -4824.6118
v  6753.3999 1556.4489 -4894.4004
v  6715.2993 1553.3877 -4877.1035
v  6722.1460 1555.8809 -4942.0293
v  6688.1260 1553.1853 -4927.7910
v  6684.5620 1554.6235 -4981.0205
v  6763.1074 1559.2390 -4962.7554
v  6718.4575 1557.5422 -5002.6230
v  6632.1343 1552.0432 -5009.1353
v  6632.1382 1523.6782 -5009.1270
v  6636.3696 1517.0928 -5015.4854
v  6636.3188 1451.7916 -5015.4097
v  6632.1382 1451.7229 -5009.1270
v  6626.1348 1451.5750 -4995.3115
v  6632.1382 1393.5596 -5009.1270
v  6626.1348 1393.3323 -4995.3115
v  6624.1582 1393.0851 -4980.3931
v  6624.1582 1451.3228 -4980.3931
v  6626.1348 1336.1775 -4995.3115
v  6624.1582 1335.8621 -4980.3931
v  6938.7739 818.6234 -4711.5566
v  6881.0957 818.6294 -4696.7651
v  6626.1348 1105.9512 -4995.3115
v  6624.1582 1108.9709 -4980.3931
v  6624.4629 1110.2157 -4977.1519
v  6659.0586 751.6737 -4904.4453
v  6658.7646 818.6902 -4905.0625
v  6653.4302 1114.1819 -4916.2744
v  6681.4839 751.6992 -4857.3159
v  6681.3472 818.7161 -4857.6040
v  6680.0308 1115.7679 -4860.3706
v  6680.2954 1328.6543 -4859.8145
v  6719.7407 751.6722 -4934.5186
v  6706.4956 1115.7356 -4804.7510
v  6708.7437 1328.6504 -4800.0269
v  6742.4482 751.6912 -4886.6143
v  6732.7920 1114.1295 -4749.4868
v  6776.2896 751.6702 -4965.1260
v  6742.6846 751.6423 -5015.7446
v  6791.2148 751.6373 -5050.1274
v  6828.2329 751.6667 -4998.0830
v  6761.1084 1110.2157 -4689.9771
v  6763.4316 1108.9744 -4687.6963
v  6763.4316 1335.4236 -4687.6963
v  6776.2539 1105.9631 -4679.8198
v  6776.2539 1335.7664 -4679.8198
v  6776.2539 1392.8159 -4679.8198
v  6763.4316 1392.5679 -4687.6963
v  6776.2539 1450.6953 -4679.8198
v  6763.4316 1450.4268 -4687.6963
v  6776.2539 1523.6577 -4679.8198
v  6763.4316 1513.2135 -4687.6963
v  6763.4355 1550.6130 -4687.6880
v  6790.7612 1450.8772 -4675.7637
v  6790.7612 1523.6782 -4675.7637
v  6798.2720 1450.9664 -4675.0454
v  6798.3652 1517.7262 -4675.0366
v  6798.3887 1552.5242 -4675.0254
v  6843.4731 1555.8699 -4686.6860
v  6896.0239 1508.2179 -4700.2197
v  6909.5112 1560.7678 -4703.6982
v  6903.5933 1562.3684 -4767.0459
v  6841.3125 1557.3807 -4739.2886
v  6892.8545 1563.6216 -4829.4907
v  6839.5342 1559.5090 -4810.7280
v  6877.2974 1564.4897 -4889.7832
v  6823.5063 1560.1818 -4865.8008
v  6850.3740 1564.3477 -4941.8389
v  6798.6655 1560.0990 -4915.3716
v  6811.7012 1563.3521 -4991.4600
v  6905.1782 1568.9211 -4972.1445
v  6864.9971 1567.9226 -5024.8325
v  6823.6533 1566.7605 -5074.7539
v  6768.5762 1561.9473 -5037.4097
v  6781.5537 1565.4902 -5122.8350
v  6721.9526 1560.1633 -5078.6514
v  6637.7993 1552.8964 -5015.7739
v  6779.9683 1508.8682 -5121.6748
v  6713.9287 1507.9363 -5072.7300
v  6778.3638 1451.8618 -5120.4644
v  6709.7891 1450.8094 -5069.6465
v  6776.5220 1395.7576 -5119.0708
v  6707.3184 1394.5651 -5067.7930
v  6636.2739 1393.6985 -5015.3418
v  6706.8975 1337.9559 -5067.4473
v  6636.2310 1336.6538 -5015.2773
v  6632.1382 1336.4709 -5009.1270
v  6636.0415 1094.4415 -5014.9927
v  6632.1382 1094.4355 -5009.1270
v  6803.1460 751.6891 -4915.5273
v  6862.3896 751.6877 -4945.8979
v  6704.1816 751.6992 -4809.6147
v  6704.2554 818.7161 -4809.4595
v  6887.4673 751.6877 -4893.7290
v  6826.4878 751.6891 -4867.1162
v  6765.5864 751.6917 -4838.4604
v  6654.4058 1063.8724 -4914.2241
v  6680.1431 1063.9014 -4860.1343
v  6848.0996 751.6702 -4815.2695
v  6706.0796 1063.9008 -4805.6255
v  6731.5562 1063.8718 -4752.0840
v  6788.9116 751.6722 -4791.1567
v  6726.6216 751.6737 -4762.4551
v  6726.8555 818.6902 -4761.9629
v  6916.4355 751.6857 -4977.8340
v  6879.0483 751.6628 -5032.5015
v  6946.3804 751.6857 -4916.4365
v  6968.1499 751.6847 -5006.8379
v  6931.2695 751.6583 -5067.6274
v  7037.6333 751.6558 -5125.5449
v  7071.8730 751.6867 -5056.8999
v  6790.7612 1094.4355 -4675.7637
v  6797.7749 1094.4415 -4675.0928
v  6798.1152 1336.2852 -4675.0605
v  6790.7612 1336.0852 -4675.7637
v  7001.0928 818.6807 -4870.6382
v  7001.6079 879.0855 -4869.5557
v  6798.1919 1393.2072 -4675.0527
v  6790.7612 1393.0566 -4675.7637
v  6884.9380 1337.7386 -4697.4414
v  6886.4165 1394.3463 -4697.7920
v  6890.2900 1450.5677 -4698.7656
v  6969.7700 1395.7396 -4719.1187
v  6972.5820 1452.2241 -4719.8145
v  6974.7734 1509.2937 -4720.3550
v  7046.7261 1456.0618 -4738.5732
v  7046.3066 1513.6943 -4738.4541
v  7044.7305 1570.7834 -4738.0952
v  6977.0220 1565.7698 -4720.9419
v  7029.5352 1571.8149 -4802.8384
v  6964.7876 1566.9678 -4784.7344
v  7012.7227 1572.7203 -4866.9785
v  6950.7266 1568.0157 -4847.6284
v  6991.8818 1573.4180 -4932.9600
v  6933.0850 1568.8364 -4910.7998
v  6959.1030 1573.3756 -5000.5137
v  7102.3882 1582.3289 -4984.1587
v  7070.0693 1582.3293 -5052.0938
v  7036.1382 1582.2377 -5120.4961
v  6920.4175 1572.6924 -5060.0791
v  6880.3306 1571.7202 -5113.4082
v  6839.2466 1570.6528 -5165.7954
v  6840.3418 1513.5045 -5166.6572
v  6958.1367 1458.7585 -5255.2568
v  6839.1421 1455.8359 -5165.8682
v  6958.1489 1398.9094 -5255.2305
v  6840.1689 1397.6382 -5166.4829
v  6958.1611 1340.2268 -5255.2051
v  6839.5190 1340.0010 -5165.9600
v  6775.4912 1339.0836 -5118.2686
v  6719.8535 1111.6643 -5076.8784
v  6972.7739 879.3760 -4930.1533
v  7001.8638 939.9836 -4869.0181
v  6972.8965 940.3823 -4929.8960
v  7000.7856 751.6847 -4938.7549
v  7104.9209 751.6867 -4987.4810
v  6733.0596 1063.8126 -5086.5669
v  6635.7285 1063.8191 -5013.8589
v  6775.3193 1063.8401 -5045.3564
v  6727.1143 1063.8450 -5010.3501
v  6632.1382 1063.8256 -5009.1270
v  6692.7480 1063.8485 -4985.9336
v  6767.0469 1063.8708 -4969.1509
v  6727.2539 1063.8724 -4947.2432
v  6692.1294 1063.8724 -4930.7109
v  6756.3477 1063.8933 -4896.6621
v  6717.9209 1063.8953 -4878.0806
v  6782.1064 1063.8943 -4842.2979
v  6743.6011 1063.8938 -4823.9150
v  6802.3125 1063.8718 -4787.6206
v  6767.8799 1063.8718 -4770.9995
v  6810.6855 1063.8485 -4736.9326
v  6845.1128 1063.8708 -4805.5356
v  6851.8828 1063.8450 -4748.2725
v  6790.7612 1063.8256 -4675.7637
v  6801.2104 1063.8191 -4677.1548
v  6899.0586 1111.6460 -4701.1948
v  6967.7979 1338.9590 -4718.6475
v  6972.5542 818.7131 -4930.6157
v  6944.2388 879.3766 -4990.1230
v  6944.1738 940.3833 -4990.2603
v  6915.2114 939.9872 -5051.1274
v  6915.4067 879.0880 -5050.7173
v  7044.5859 1339.8860 -4738.0894
v  7045.7148 1397.6033 -4738.3428
v  7187.3564 1340.0024 -4773.5269
v  7187.3687 1398.6726 -4773.5015
v  7187.3813 1458.5348 -4773.4751
v  6914.7686 1063.8126 -4705.2944
v  7133.5391 1582.2357 -4915.7310
v  7191.8486 1586.9932 -4944.5059
v  7159.9780 1586.9932 -5011.4849
v  7128.3862 1586.9932 -5077.8784
v  7095.9912 1586.9932 -5145.9604
v  7257.3682 1397.9028 -4806.8096
v  7257.3809 1458.1047 -4806.7827
v  7257.3560 1339.0767 -4806.8350
v  6944.4023 818.7126 -4989.7793
v  7257.3076 1109.0547 -4806.9365
v  7028.1611 1339.3835 -5288.5122
v  7028.2100 1109.1329 -5288.4102
v  6915.8433 818.6807 -5049.7998
v  7028.1489 1398.2595 -5288.5381
v  7028.1367 1458.4965 -5288.5640
v  7136.6577 751.6558 -4917.4956
v  7028.2222 1051.0427 -5288.3843
v  7028.2344 992.2375 -5288.3589
v  7028.2466 932.7690 -5288.3325
v  6958.2466 934.4329 -5255.0254
v  6920.8213 1063.8938 -4905.8994
v  6871.2949 1063.8928 -4883.1973
v  6844.0234 1063.8928 -4940.4331
v  6892.8218 1063.8933 -4964.6362
v  6972.8364 1063.8993 -4930.0215
v  6944.3452 1063.8998 -4989.8994
v  6855.1719 937.8016 -5177.3066
v  6885.6074 939.1241 -5113.3433
v  6915.2935 1001.5560 -5050.9546
v  6944.2173 1001.9158 -4990.1689
v  6915.6001 1063.8669 -5050.3101
v  6862.7217 1063.8674 -5023.3101
v  6812.9028 1063.8689 -4996.2534
v  6798.3418 1063.8938 -4917.5039
v  6824.7378 1063.8928 -4862.0498
v  6894.8242 1063.8684 -4823.9648
v  6947.3486 1063.8674 -4845.5518
v  6909.4019 1063.8401 -4763.6670
v  7001.5840 1063.8669 -4869.6064
v  6972.9092 1001.9149 -4929.8691
v  7001.8345 1001.5526 -4869.0796
v  7031.4897 939.1121 -4806.7559
v  7061.9473 937.7861 -4742.7466
v  7187.2715 934.4105 -4773.7061
v  7257.2705 932.7466 -4807.0146
v  7257.2827 992.2037 -4806.9883
v  7257.2954 1050.9910 -4806.9624
v  7257.2578 872.7748 -4807.0410
v  7191.9897 751.6562 -4944.2090
v  6705.9609 751.6119 -5066.3384
v  6705.2842 818.6294 -5065.8799
v  7028.2593 872.7898 -5288.3062
v  7159.0591 751.6937 -5013.4160
v  7126.1245 751.6932 -5082.6318
v  7093.2637 751.6558 -5151.6919
v  6893.3481 751.6269 -5122.2642
v  6841.4727 751.6324 -5085.5649
v  6753.8237 751.6064 -5101.7690
v  6753.0703 818.6239 -5101.2505
v  6852.7925 818.6154 -5167.5557
v  6806.0986 818.6209 -5132.7402
v  6880.8477 818.6473 -5108.5952
v  7052.8799 818.6154 -4747.0508
v  7024.7578 818.6473 -4806.1528
v  6996.4390 818.6209 -4732.7866
v  6633.1133 818.6458 -4993.4604
v  6642.7832 818.6653 -4953.9932
v  6663.5332 818.6379 -5025.5425
v  6779.2090 818.6458 -4686.4014
v  6823.9785 818.6379 -4689.8140
v  6754.8701 818.6653 -4718.3726
v  6664.3672 818.6902 -4908.0386
v  6687.0249 818.7151 -4860.4209
v  6936.9082 818.6269 -4717.6221
v  6879.2734 818.6319 -4702.8462
v  6710.0171 818.7151 -4812.1006
v  6995.2495 818.6807 -4868.1675
v  6966.7847 818.7121 -4927.9897
v  6732.6914 818.6902 -4764.4487
v  6910.2256 818.6807 -5046.8545
v  6708.8857 818.6319 -5060.6538
v  6938.7231 818.7121 -4986.9634
v  6756.5991 818.6269 -5095.9775
v  6920.9097 824.5678 -4769.6343
v  6897.3379 824.5977 -4828.1401
v  6842.5337 824.6002 -4808.6611
v  6863.6284 824.5733 -4755.0493
v  6949.5249 824.5962 -4848.8315
v  6977.1162 824.5634 -4787.6177
v  6921.5078 824.6212 -4907.3818
v  6870.2500 824.6206 -4884.3608
v  6785.1016 824.6032 -4786.7651
v  6808.1030 824.5778 -4739.4624
v  6817.2563 824.6221 -4860.7808
v  6761.3013 824.6231 -4835.6055
v  6792.4224 824.6216 -4913.2021
v  6844.1255 824.6206 -4939.6255
v  6817.5088 824.5972 -4996.1670
v  6768.0215 824.6002 -4965.7490
v  6737.8750 824.6237 -4885.6494
v  6715.9316 824.6027 -4935.4346
v  6739.0576 824.5723 -5016.8750
v  6693.0874 824.5773 -4983.6382
v  6894.2148 824.6221 -4964.8975
v  6786.6299 824.5673 -5051.1089
v  6866.5513 824.5957 -5023.9600
v  6836.0361 824.5634 -5083.5894
v  6852.7915 824.5300 -5167.5586
v  6806.0977 824.5354 -5132.7432
v  6880.8462 824.5618 -5108.5981
v  7052.8813 824.5300 -4747.0483
v  7024.7593 824.5618 -4806.1499
v  6996.4404 824.5354 -4732.7837
v  6633.1118 824.5609 -4993.4634
v  6642.7822 824.5803 -4953.9961
v  6663.5322 824.5529 -5025.5449
v  6779.2104 824.5609 -4686.3989
v  6823.9795 824.5529 -4689.8110
v  6754.8711 824.5798 -4718.3696
v  6664.3667 824.6047 -4908.0415
v  6687.0249 824.6301 -4860.4224
v  6936.9097 824.5414 -4717.6191
v  6879.2749 824.5469 -4702.8433
v  6710.0181 824.6301 -4812.1001
v  6995.2510 824.5952 -4868.1650
v  6966.7847 824.6271 -4927.9883
v  6732.6929 824.6047 -4764.4463
v  6910.2241 824.5952 -5046.8574
v  6708.8848 824.5469 -5060.6562
v  6938.7222 824.6271 -4986.9644
v  6756.5977 824.5414 -5095.9800
v  6757.3652 1331.6558 -4742.0034
v  6753.0474 1345.0410 -4738.6230
v  6738.8760 1343.9536 -4753.3921
v  6741.9224 1330.4937 -4757.5908
v  6659.6865 1331.6558 -4947.2856
v  6662.0557 1330.4907 -4925.4102
v  6656.9199 1343.7703 -4925.8594
v  6654.4082 1344.8257 -4946.0781
v  6660.1138 1508.2822 -4948.8892
v  6653.0967 1491.3513 -4947.2769
v  6655.4170 1493.3706 -4930.6211
v  6661.6230 1509.2793 -4931.7729
v  6758.8779 1508.2822 -4741.3228
v  6746.8901 1509.2505 -4752.9351
v  6741.6675 1493.0347 -4749.0864
v  6753.0400 1490.7793 -4736.7666
v  6736.2378 1475.0056 -4746.9141
v  6748.5649 1472.5281 -4733.1768
v  6732.7534 1459.0146 -4746.0664
v  6745.9707 1456.7429 -4731.1846
v  6730.9521 1443.3916 -4745.1514
v  6744.3882 1441.6255 -4730.1216
v  6730.3604 1426.4404 -4744.4087
v  6743.6074 1425.6514 -4729.7251
v  6730.3662 1408.5542 -4744.6660
v  6743.6729 1408.5464 -4729.9590
v  6730.9453 1391.3644 -4746.0498
v  6744.5791 1392.2793 -4730.8950
v  6732.6899 1375.3994 -4747.7471
v  6746.3467 1376.8789 -4732.6479
v  6735.6533 1359.6660 -4749.7173
v  6748.9897 1361.2925 -4735.1431
v  6719.8608 1375.9854 -4763.1602
v  6722.0410 1359.9326 -4765.8271
v  6723.9888 1344.3867 -4770.4141
v  6709.2935 1362.6528 -4782.2642
v  6712.0410 1345.5378 -4786.0908
v  6715.5981 1328.4954 -4790.9297
v  6726.8687 1329.2908 -4775.3081
v  6702.3369 1346.1362 -4800.8047
v  6706.1763 1327.9875 -4805.5947
v  6693.3003 1346.3760 -4816.4673
v  6697.8042 1327.7524 -4820.5449
v  6684.8696 1346.4167 -4833.1426
v  6690.1865 1327.6812 -4835.6562
v  6677.2324 1346.3860 -4850.2461
v  6683.2168 1327.7539 -4851.1963
v  6670.7378 1346.1716 -4867.1206
v  6676.9736 1327.9941 -4867.0195
v  6665.4287 1345.5327 -4884.0068
v  6671.4297 1328.4719 -4883.5498
v  6660.7227 1344.2776 -4903.3145
v  6666.3398 1329.2727 -4902.2563
v  6655.9004 1359.6128 -4905.2061
v  6651.9844 1359.5156 -4925.7622
v  6660.6099 1362.5503 -4884.7104
v  6657.5186 1379.1536 -4884.4863
v  6652.4067 1375.7856 -4905.2349
v  6666.2495 1363.5310 -4867.1353
v  6663.8076 1380.4070 -4865.7637
v  6661.9639 1397.4065 -4865.7378
v  6655.1406 1394.9777 -4886.1753
v  6673.3315 1362.9792 -4849.3818
v  6670.9922 1379.8672 -4847.8848
v  6669.3350 1397.6497 -4847.1167
v  6668.5020 1414.3855 -4847.2407
v  6660.6787 1413.3372 -4867.0566
v  6678.8433 1379.4711 -4830.5439
v  6677.0981 1397.5200 -4829.9346
v  6676.4092 1414.7229 -4829.7402
v  6676.5972 1431.1609 -4829.7432
v  6668.6616 1430.4622 -4847.2427
v  6685.4473 1397.9347 -4813.1289
v  6684.9414 1414.7035 -4812.6201
v  6685.1514 1430.6222 -4812.5498
v  6686.1899 1447.9336 -4812.9473
v  6677.6978 1448.9921 -4830.1318
v  6695.4092 1413.6775 -4793.9058
v  6695.5737 1429.2648 -4793.7827
v  6695.8979 1445.5691 -4795.1123
v  6698.4160 1463.0940 -4794.9316
v  6688.8491 1465.9463 -4812.8125
v  6707.3726 1428.1500 -4774.9487
v  6707.2671 1444.7185 -4776.7676
v  6708.5264 1460.7643 -4778.1782
v  6713.1177 1478.2761 -4777.2935
v  6702.8657 1480.0920 -4793.7520
v  6718.9277 1444.6512 -4760.2041
v  6720.4604 1460.6592 -4761.5088
v  6724.5591 1477.2556 -4761.5898
v  6729.1250 1494.4624 -4763.8608
v  6717.6885 1494.7075 -4778.7334
v  6722.0059 1511.1948 -4782.9668
v  6711.7739 1511.7698 -4798.1318
v  6707.2451 1495.5830 -4794.7163
v  6733.1006 1510.3860 -4768.3931
v  6701.4839 1512.1018 -4815.4902
v  6696.8364 1497.0293 -4813.1875
v  6692.6040 1482.3245 -4812.4717
v  6686.4033 1497.7294 -4834.0869
v  6682.7754 1483.3983 -4832.4668
v  6679.8438 1467.1846 -4831.1274
v  6673.4521 1482.2283 -4852.6689
v  6671.2910 1465.8655 -4849.6348
v  6669.6973 1447.8479 -4847.5786
v  6663.5068 1463.0894 -4868.3140
v  6662.0386 1445.5422 -4866.3213
v  6660.7524 1429.1552 -4867.0547
v  6655.0376 1444.8566 -4886.5332
v  6653.6895 1428.1993 -4887.7734
v  6653.6816 1411.5198 -4887.7871
v  6648.3848 1427.5321 -4906.6680
v  6648.4434 1409.8101 -4906.7637
v  6649.9424 1392.2080 -4905.8398
v  6644.7031 1408.9863 -4924.6260
v  6646.1084 1391.6211 -4924.3301
v  6648.5142 1375.5139 -4924.6240
v  6642.9951 1392.6306 -4944.3711
v  6645.4272 1377.0862 -4944.6299
v  6649.0347 1361.3967 -4945.1035
v  6641.6899 1409.0820 -4944.2651
v  6644.5518 1426.7334 -4924.6870
v  6641.5044 1425.9929 -4944.3682
v  6645.5137 1443.6217 -4924.6685
v  6642.3213 1441.8533 -4944.7275
v  6647.3481 1459.1508 -4925.5679
v  6644.1440 1456.8740 -4945.2793
v  6650.2217 1475.1812 -4927.9087
v  6647.2710 1472.6506 -4946.0259
v  6651.5947 1460.8854 -4906.2593
v  6654.2124 1477.5884 -4909.6094
v  6658.8569 1494.5890 -4911.4614
v  6664.9165 1510.4094 -4911.4043
v  6659.2236 1478.5183 -4890.6694
v  6663.2856 1494.8018 -4892.9727
v  6669.3164 1511.2168 -4893.4497
v  6669.0850 1495.5916 -4874.8018
v  6674.7100 1511.7812 -4875.8745
v  6676.7695 1496.9465 -4855.2588
v  6681.6118 1512.1093 -4857.1650
v  6690.9258 1512.2019 -4836.1040
v  6665.4609 1480.0686 -4872.3613
v  6656.9443 1460.9756 -4886.6582
v  6649.6260 1444.8401 -4905.8296
v  6718.8057 1427.3652 -4758.7588
v  6707.2500 1411.7131 -4775.1128
v  6718.8081 1409.6820 -4758.9004
v  6706.7422 1395.3594 -4777.4399
v  6718.8730 1392.2285 -4760.7788
v  6706.8843 1379.7278 -4780.3486
v  6695.1343 1397.9043 -4795.7773
v  6696.4966 1380.7747 -4796.8477
v  6699.4009 1363.5105 -4797.4702
v  6687.2881 1380.0122 -4813.5391
v  6690.1162 1362.9854 -4814.0933
v  6681.4092 1362.5986 -4831.5835
v  6650.8779 1508.1660 -4897.9546
v  6645.4575 1507.2341 -4909.0552
v  6682.3560 1506.7898 -4927.1313
v  6687.6655 1507.7151 -4915.6367
v  6679.2725 1332.4824 -4941.5347
v  6676.8086 1332.4604 -4940.2061
v  6671.8687 1332.4037 -4937.5161
v  6680.4854 1331.8784 -4928.4839
v  6737.5615 1321.1906 -4720.1499
v  6737.5620 1332.2622 -4720.1504
v  6732.4365 1333.2913 -4730.6392
v  6732.1699 1321.1906 -4731.1865
v  6668.7861 1506.7793 -4959.4048
v  6629.9653 1504.7485 -4940.8335
v  6629.9971 1514.6018 -4940.7856
v  6666.7324 1514.6018 -4958.3633
v  6737.6953 1513.8413 -4720.2139
v  6732.1128 1514.5525 -4731.6421
v  6732.8765 1504.2947 -4730.0361
v  6737.6895 1510.3706 -4720.2109
v  6670.2397 1514.6018 -4945.5547
v  6676.1616 1514.6018 -4948.4023
v  6733.1133 1496.3564 -4729.5229
v  6737.6733 1498.5625 -4720.2031
v  6770.2754 1503.9468 -4747.8242
v  6770.3843 1495.1626 -4747.1104
v  6726.7485 1505.5569 -4742.5815
v  6763.8940 1505.1553 -4760.1992
v  6726.6172 1514.6018 -4742.8896
v  6632.9688 1504.7267 -4934.6265
v  6670.3364 1504.3610 -4953.1577
v  6676.6797 1505.6715 -4939.4209
v  6639.8706 1506.1449 -4920.4961
v  6632.6543 1494.4569 -4935.2671
v  6669.7856 1494.2471 -4953.7568
v  6629.9326 1494.6289 -4940.8833
v  6640.1631 1514.6018 -4919.8975
v  6635.2642 1514.6018 -4929.9282
v  6650.8013 1514.6018 -4898.1152
v  6645.4365 1514.6018 -4909.0996
v  6632.0811 1373.1125 -4936.2471
v  6632.3218 1363.0122 -4935.7227
v  6666.8965 1362.7740 -4952.9009
v  6666.8374 1372.8608 -4953.5591
v  6629.7900 1372.9377 -4940.9541
v  6629.8086 1362.8213 -4940.8955
v  6629.8862 1321.1906 -4940.6543
v  6635.5503 1321.1906 -4928.9727
v  6633.1318 1333.0695 -4933.9639
v  6629.8652 1332.3872 -4940.7192
v  6631.8740 1383.2069 -4936.7007
v  6666.8188 1382.9618 -4954.1299
v  6639.8955 1332.3594 -4920.1182
v  6640.3745 1321.1906 -4919.0986
v  6632.8628 1342.8403 -4934.5479
v  6629.8462 1342.5833 -4940.7778
v  6668.0220 1333.0491 -4951.0742
v  6667.0957 1342.7821 -4951.4238
v  6732.7314 1343.1921 -4730.0376
v  6766.9209 1343.1389 -4746.3398
v  6766.3989 1333.2539 -4746.9106
v  6737.5635 1342.7622 -4720.1509
v  6726.1240 1332.6279 -4743.5586
v  6726.6035 1321.1906 -4742.5796
v  6762.6328 1332.6375 -4760.3027
v  6656.2715 1508.9395 -4886.9082
v  6692.8740 1508.4766 -4904.3643
v  6656.1992 1514.6018 -4887.0620
v  6757.4585 1332.0902 -4771.5088
v  6720.9448 1332.0986 -4754.1621
v  6752.3208 1331.5525 -4782.6348
v  6715.5859 1331.5625 -4765.1343
v  6715.7300 1321.1906 -4764.8359
v  6721.1401 1321.1906 -4753.7622
v  6629.7734 1383.0690 -4941.0073
v  6631.7065 1393.3018 -4937.0713
v  6666.8462 1393.0776 -4954.6025
v  6629.7700 1393.2280 -4941.0327
v  6758.7676 1321.1906 -4771.7515
v  6764.1182 1321.1906 -4760.5059
v  6769.5078 1321.1906 -4749.1797
v  6774.6567 1321.1906 -4737.8008
v  6774.6567 1332.0055 -4737.8008
v  6774.6567 1342.5992 -4737.8008
v  6774.6567 1353.0286 -4737.8008
v  6737.5649 1353.0997 -4720.1514
v  6631.5811 1403.4156 -4937.3535
v  6666.9204 1403.1989 -4954.9736
v  6629.7744 1403.3657 -4941.0439
v  6631.5107 1413.5364 -4937.5200
v  6667.0513 1413.3202 -4955.2246
v  6737.5669 1363.4104 -4720.1523
v  6733.3218 1363.6450 -4728.8359
v  6733.0342 1353.4012 -4729.4204
v  6767.9575 1363.4427 -4745.2378
v  6767.4482 1353.2417 -4745.7671
v  6661.6553 1509.5280 -4875.8818
v  6698.0391 1509.0620 -4893.1831
v  6661.6060 1514.6018 -4875.9902
v  6667.0435 1509.9037 -4864.8472
v  6703.1968 1509.4526 -4882.0190
v  6667.0146 1514.6018 -4864.9121
v  6672.4370 1510.1130 -4853.8032
v  6708.3506 1509.6963 -4870.8628
v  6672.4258 1514.6018 -4853.8311
v  6677.8354 1510.1768 -4842.7490
v  6713.5024 1509.8000 -4859.7178
v  6677.8369 1514.6018 -4842.7515
v  6683.2456 1510.1848 -4831.6704
v  6718.6357 1509.8245 -4848.5918
v  6683.2520 1514.6018 -4831.6646
v  6688.6655 1510.1533 -4820.5728
v  6723.8970 1509.7666 -4837.8574
v  6688.6758 1514.6018 -4820.5615
v  6694.0698 1510.0198 -4809.5063
v  6729.4951 1509.5918 -4826.9854
v  6694.0947 1514.6018 -4809.4663
v  6699.4619 1509.7307 -4798.4634
v  6735.1167 1509.2783 -4816.0698
v  6699.5103 1514.6018 -4798.3784
v  6704.8477 1509.2429 -4787.4326
v  6740.7407 1508.7830 -4805.1479
v  6704.9238 1514.6018 -4787.2920
v  6710.2383 1508.5537 -4776.3931
v  6746.3823 1508.1047 -4794.1919
v  6710.3354 1514.6018 -4776.2129
v  6715.6396 1507.7036 -4765.3301
v  6752.0703 1507.2686 -4783.1460
v  6715.7412 1514.6018 -4765.1494
v  6721.0967 1506.6865 -4754.1543
v  6757.8721 1506.2695 -4771.8838
v  6721.1318 1514.6018 -4754.1162
v  6678.6558 1514.6018 -4924.5420
v  6674.0107 1514.6018 -4935.1753
v  6757.9854 1514.5944 -4760.1006
v  6752.7241 1514.6013 -4770.0874
v  6763.5020 1514.5759 -4752.1509
v  6683.7007 1514.6018 -4913.6846
v  6688.9141 1514.6018 -4902.6895
v  6694.2021 1514.6018 -4891.6284
v  6699.5186 1514.6018 -4880.5347
v  6704.8467 1514.6018 -4869.4282
v  6710.1807 1514.6018 -4858.3154
v  6715.5181 1514.6018 -4847.1919
v  6720.8599 1514.6018 -4836.0649
v  6726.1987 1514.6018 -4824.9375
v  6731.5366 1514.6018 -4813.8203
v  6736.8711 1514.6018 -4802.7271
v  6733.3936 1486.5820 -4728.9146
v  6770.4814 1485.8105 -4746.3916
v  6737.6587 1487.3105 -4720.1963
v  6733.6514 1476.4812 -4728.3530
v  6770.5430 1476.0117 -4745.7324
v  6737.6450 1476.8628 -4720.1895
v  6733.8740 1466.2852 -4727.8667
v  6770.5610 1465.9453 -4745.1543
v  6737.6309 1466.5034 -4720.1831
v  6734.0415 1456.0503 -4727.4946
v  6770.5171 1455.7622 -4744.7065
v  6737.6187 1456.1777 -4720.1772
v  6734.1597 1445.7904 -4727.2280
v  6770.4180 1445.5308 -4744.3750
v  6673.3130 1333.0615 -4953.7007
v  6673.1953 1342.8020 -4954.4668
v  6666.9883 1352.7216 -4952.1758
v  6632.5864 1352.9148 -4935.1470
v  6629.8276 1352.7017 -4940.8369
v  6629.7778 1413.5076 -4941.0547
v  6631.4854 1423.6587 -4937.5913
v  6667.2231 1423.4435 -4955.3882
v  6668.6016 1352.5596 -4959.3989
v  6668.6235 1342.3137 -4959.3330
v  6668.6460 1331.8870 -4959.2666
v  6629.7822 1423.6467 -4941.0649
v  6668.6694 1321.1906 -4959.1982
v  6675.2476 1321.1906 -4947.2773
v  6680.0278 1321.1906 -4937.2314
v  6631.5068 1433.7805 -4937.5649
v  6667.4346 1433.5652 -4955.4688
v  6629.7856 1433.7870 -4941.0752
v  6684.9814 1321.1906 -4926.8208
v  6645.5742 1321.1906 -4908.4556
v  6690.0908 1321.1906 -4916.0830
v  6650.9111 1321.1906 -4897.5317
v  6631.5796 1443.8964 -4937.4302
v  6667.6919 1443.6810 -4955.4546
v  6629.7900 1443.9302 -4941.0850
v  6695.2993 1321.1906 -4905.1367
v  6656.2905 1321.1906 -4886.5205
v  6700.5522 1321.1906 -4894.0972
v  6661.6865 1321.1906 -4875.4756
v  6631.7041 1453.9872 -4937.1875
v  6668.0000 1453.7898 -4955.3374
v  6629.8042 1454.0959 -4941.0747
v  6705.8271 1321.1906 -4883.0107
v  6667.0903 1321.1906 -4864.4121
v  6711.1118 1321.1906 -4871.9043
v  6672.4951 1321.1906 -4853.3472
v  6631.8765 1464.0906 -4936.8438
v  6668.3618 1463.8987 -4955.1094
v  6629.8340 1464.2371 -4941.0312
v  6716.3989 1321.1906 -4860.7935
v  6677.8989 1321.1906 -4842.2837
v  6721.6841 1321.1906 -4849.6860
v  6683.2998 1321.1906 -4831.2285
v  6632.0942 1474.2029 -4936.4058
v  6668.7803 1474.0149 -4954.7705
v  6629.8667 1474.3638 -4940.9814
v  6726.9717 1321.1906 -4838.5737
v  6688.6982 1321.1906 -4820.1772
v  6732.2627 1321.1906 -4827.4541
v  6694.1006 1321.1906 -4809.1187
v  6632.3604 1484.3217 -4935.8652
v  6669.2622 1484.1343 -4954.3027
v  6737.5552 1321.1906 -4816.3315
v  6699.5068 1321.1906 -4798.0508
v  6742.8496 1321.1906 -4805.2051
v  6704.9136 1321.1906 -4786.9790
v  6629.8999 1484.4932 -4940.9321
v  6748.1465 1321.1906 -4794.0732
v  6710.3228 1321.1906 -4775.9038
v  6753.4492 1321.1906 -4782.9287
v  6710.2065 1331.0627 -4776.1499
v  6704.8232 1330.6353 -4787.1729
v  6699.4399 1330.2898 -4798.1968
v  6742.0420 1330.5999 -4804.8892
v  6736.8979 1330.2261 -4816.0259
v  6731.7476 1329.9365 -4827.1763
v  6694.0547 1330.0322 -4809.2246
v  6726.5762 1329.7546 -4838.3721
v  6688.6738 1329.8752 -4820.2417
v  6721.0532 1329.6729 -4849.7271
v  6683.3018 1329.7970 -4831.2407
v  6715.3901 1329.6934 -4860.7480
v  6677.9233 1329.8184 -4842.2524
v  6709.7617 1329.8204 -4871.6714
v  6672.5356 1329.9286 -4853.2847
v  6704.1221 1330.0461 -4882.6167
v  6667.1479 1330.1224 -4864.3164
v  6698.4902 1330.3696 -4893.5469
v  6661.7559 1330.4149 -4875.3574
v  6692.8296 1330.7792 -4904.5342
v  6656.3560 1330.7981 -4886.4155
v  6687.1108 1331.2576 -4915.6313
v  6650.9355 1331.2551 -4897.5156
v  6645.4712 1331.7828 -4908.7036
v  6737.6079 1445.8652 -4720.1719
v  6734.2271 1435.5226 -4727.0669
v  6770.2715 1435.2780 -4744.1465
v  6737.6001 1435.5565 -4720.1685
v  6734.2412 1425.2493 -4727.0186
v  6770.0791 1425.0151 -4744.0142
v  6737.5938 1425.2478 -4720.1650
v  6734.2070 1414.9706 -4727.0703
v  6769.8496 1414.7554 -4743.9619
v  6737.5869 1414.9402 -4720.1621
v  6734.1240 1404.6982 -4727.2266
v  6769.5752 1404.4890 -4744.0024
v  6737.5801 1404.6326 -4720.1587
v  6733.9902 1394.4246 -4727.4893
v  6769.2490 1394.2192 -4744.1494
v  6737.5742 1394.3254 -4720.1562
v  6733.8101 1384.1587 -4727.8477
v  6768.8701 1383.9539 -4744.4053
v  6737.5703 1384.0203 -4720.1543
v  6733.5830 1373.8979 -4728.3062
v  6768.4351 1373.6912 -4744.7769
v  6747.1855 1331.0448 -4793.7539
v  6747.4731 1514.6018 -4780.7495
v  6668.5806 1362.7288 -4959.4639
v  6668.5581 1372.8978 -4959.5288
v  6668.5391 1383.0455 -4959.5884
v  6668.5347 1393.1978 -4959.6162
v  6668.5381 1403.3398 -4959.6274
v  6668.5425 1413.4817 -4959.6377
v  6668.5464 1423.6238 -4959.6484
v  6668.5503 1433.7681 -4959.6587
v  6668.5547 1443.9192 -4959.6680
v  6668.5728 1454.0879 -4959.6577
v  6668.6108 1464.2346 -4959.6133
v  6668.6523 1474.3694 -4959.5640
v  6668.6943 1484.4896 -4959.5142
v  6668.7368 1494.8591 -4959.4634
v  6680.9316 1514.6018 -4938.3770
v  6685.9033 1514.6018 -4927.9287
v  6691.0352 1514.6018 -4917.1436
v  6696.2529 1514.6018 -4906.1777
v  6701.5171 1514.6018 -4895.1152
v  6706.8008 1514.6018 -4884.0107
v  6712.0933 1514.6018 -4872.8877
v  6717.3911 1514.6018 -4861.7539
v  6722.6909 1514.6018 -4850.6152
v  6727.9951 1514.6018 -4839.4688
v  6733.2969 1514.6018 -4828.3257
v  6738.5933 1514.6018 -4817.1953
v  6743.8799 1514.6018 -4806.0854
v  6742.1875 1514.6018 -4791.6807
v  6749.1436 1514.6018 -4795.0225
v  6754.3525 1514.6018 -4784.0757
v  6759.4307 1514.6018 -4773.4038
v  6764.2188 1514.6018 -4763.3398
v  6768.3535 1514.6018 -4754.6514
v  6770.1328 1514.6018 -4747.7271
v  6771.3496 1514.6018 -4748.3540
v  6774.6567 1513.7700 -4737.8008
v  6774.6567 1500.2488 -4737.8008
v  6774.6567 1487.9849 -4737.8008
v  6774.6567 1477.1226 -4737.8008
v  6774.6567 1466.6006 -4737.8008
v  6774.6567 1456.2097 -4737.8008
v  6774.6567 1445.8716 -4737.8008
v  6774.6567 1435.5535 -4737.8008
v  6774.6567 1425.2419 -4737.8008
v  6774.6567 1414.9332 -4737.8008
v  6774.6567 1404.6256 -4737.8008
v  6774.6567 1394.3193 -4737.8008
v  6774.6567 1384.0132 -4737.8008
v  6737.5679 1373.7161 -4720.1533
v  6774.6567 1373.7031 -4737.8008
v  6774.6567 1363.3815 -4737.8008
v  6858.0537 1000.7981 -4903.7036
v  6866.0542 1013.3457 -4905.7778
v  6861.4551 1013.3457 -4869.7793
v  6854.2334 1000.7981 -4873.7988
v  6833.2847 1013.3457 -4846.8999
v  6830.8320 1000.7981 -4854.7930
v  6797.1079 1013.3457 -4849.7812
v  6800.7793 1000.7981 -4857.1860
v  6772.9141 1013.3457 -4876.8311
v  6780.6807 1000.7981 -4879.6572
v  6774.0703 1013.3457 -4913.1040
v  6781.6416 1000.7981 -4909.7891
v  6799.9385 1013.3457 -4938.5576
v  6803.1309 1000.7981 -4930.9341
v  6844.5415 1013.3457 -4935.0059
v  6840.1831 1000.7981 -4927.9829
v  6787.4204 1000.7981 -4907.2471
v  6786.6079 1000.7981 -4881.7661
v  6786.6079 991.9012 -4881.7661
v  6787.4204 991.9012 -4907.2471
v  6784.6138 1000.7981 -4908.4873
v  6784.6138 991.9012 -4908.4873
v  6783.7314 991.9012 -4880.7627
v  6783.7314 1000.7981 -4880.7627
v  6803.5640 1000.7981 -4862.8525
v  6803.5640 991.9012 -4862.8525
v  6802.2192 991.9012 -4860.0942
v  6802.2192 1000.7981 -4860.0942
v  6828.9785 1000.7981 -4860.8286
v  6828.9785 991.9012 -4860.8286
v  6829.8701 991.9012 -4857.8916
v  6829.8701 1000.7981 -4857.8916
v  6836.8252 1000.7981 -4922.6353
v  6836.8252 991.9012 -4922.6353
v  6851.9453 991.9012 -4902.1079
v  6851.9453 1000.7981 -4902.1079
v  6854.9131 1000.7981 -4902.8887
v  6854.9131 991.9012 -4902.8887
v  6838.4702 991.9012 -4925.2275
v  6838.4702 1000.7981 -4925.2275
v  6805.6001 1000.7981 -4925.1221
v  6805.6001 991.9012 -4925.1221
v  6804.3862 991.9012 -4927.9419
v  6804.3862 1000.7981 -4927.9419
v  6874.0552 1025.8928 -4907.8525
v  6898.0566 1063.5350 -4914.0767
v  6890.3423 1063.5350 -4853.7017
v  6868.6772 1025.8928 -4865.7603
v  6843.0962 1063.5350 -4815.3291
v  6835.7378 1025.8928 -4839.0073
v  6782.4229 1063.5350 -4820.1616
v  6793.4365 1025.8928 -4842.3765
v  6741.8457 1063.5350 -4865.5283
v  6765.1470 1025.8928 -4874.0054
v  6743.7856 1063.5350 -4926.3633
v  6766.4990 1025.8928 -4916.4189
v  6787.1704 1063.5350 -4969.0532
v  6796.7466 1025.8928 -4946.1816
v  6861.9756 1063.5350 -4963.0952
v  6848.8999 1025.8928 -4942.0278
v  6906.0571 1076.0822 -4916.1509
v  6897.5645 1076.0822 -4849.6816
v  6845.5493 1076.0822 -4807.4365
v  6778.7510 1076.0822 -4812.7563
v  6734.0786 1076.0822 -4862.7026
v  6736.2144 1076.0822 -4929.6777
v  6783.9780 1076.0822 -4976.6772
v  6866.3345 1076.0822 -4970.1177
v  6851.3965 1000.7981 -4875.3740
v  6870.8037 1013.3607 -4907.0098
v  6878.8037 1025.9077 -4909.0845
v  6872.9639 1025.9077 -4863.3740
v  6865.7422 1013.3607 -4867.3936
v  6837.1934 1025.9077 -4834.3223
v  6834.7407 1013.3607 -4842.2153
v  6791.2573 1025.9077 -4837.9810
v  6794.9287 1013.3607 -4845.3857
v  6760.5366 1025.9077 -4872.3286
v  6768.3037 1013.3607 -4875.1543
v  6762.0049 1025.9077 -4918.3867
v  6769.5762 1013.3607 -4915.0718
v  6794.8521 1025.9077 -4950.7070
v  6798.0435 1013.3607 -4943.0830
v  6851.4873 1025.9077 -4946.1958
v  6847.1284 1013.3607 -4939.1738
v  6851.3965 991.9012 -4875.3740
v  6848.7158 991.9012 -4876.8198
v  6848.7158 1000.7981 -4876.8198
v  6760.2017 1244.8462 -4733.8232
v  6750.6919 1244.8462 -4753.8086
v  6725.7266 1244.8462 -4741.9297
v  6735.2363 1244.8462 -4721.9443
v  6741.1826 1244.8462 -4773.7939
v  6731.6729 1244.8462 -4793.7793
v  6706.7075 1244.8462 -4781.9004
v  6716.2173 1244.8462 -4761.9150
v  6735.2363 1079.2036 -4721.9443
v  6725.7266 1079.2036 -4741.9297
v  6750.6919 1079.2036 -4753.8086
v  6760.2017 1079.2036 -4733.8232
v  6716.2173 1079.2036 -4761.9150
v  6706.7075 1079.2036 -4781.9004
v  6731.6729 1079.2036 -4793.7793
v  6741.1826 1079.2036 -4773.7939
v  6735.2363 1229.5414 -4721.9443
v  6760.2017 1229.5414 -4733.8232
v  6735.2363 1094.5083 -4721.9443
v  6760.2017 1094.5083 -4733.8232
v  6731.6729 1229.5414 -4793.7793
v  6706.7075 1229.5414 -4781.9004
v  6731.6729 1094.5083 -4793.7793
v  6706.7075 1094.5083 -4781.9004
v  6718.5024 1094.5083 -4738.4922
v  6708.9932 1094.5083 -4758.4771
v  6708.9932 1229.5414 -4758.4771
v  6718.5674 1229.5414 -4738.5229
v  6749.3335 1244.8462 -4756.6641
v  6724.3682 1244.8462 -4744.7847
v  6742.5410 1244.8462 -4770.9390
v  6717.5757 1244.8462 -4759.0596
v  6708.9932 1226.5599 -4758.4771
v  6710.3599 1226.5599 -4755.6260
v  6710.3604 1229.5414 -4755.6265
v  6724.3682 1079.2036 -4744.7847
v  6749.3335 1079.2036 -4756.6641
v  6735.2363 1100.1348 -4721.9443
v  6760.2017 1100.1348 -4733.8232
v  6717.5757 1079.2036 -4759.0596
v  6742.5410 1079.2036 -4770.9390
v  6717.1992 1229.5414 -4741.3735
v  6717.1973 1226.5599 -4741.3726
v  6718.5645 1226.5599 -4738.5215
v  6717.1440 1094.5083 -4741.3472
v  6735.2363 1226.5599 -4721.9443
v  6708.9932 1100.1348 -4758.4771
v  6710.3521 1100.1348 -4755.6226
v  6710.3516 1094.5083 -4755.6221
v  6731.6729 1226.5599 -4793.7793
v  6706.7075 1226.5599 -4781.9004
v  6731.6729 1100.1348 -4793.7793
v  6706.7075 1100.1348 -4781.9004
v  6717.1460 1100.1348 -4741.3481
v  6718.5044 1100.1348 -4738.4932
v  6760.2017 1226.5599 -4733.8232
v  6717.9893 1226.5575 -4759.2720
v  6717.9810 1100.1328 -4759.2681
v  6724.7754 1100.1328 -4744.9932
v  6724.8267 1226.5575 -4745.0176
v  6629.0615 1225.8096 -4898.3062
v  6625.3354 1225.5598 -4907.6104
v  6626.0552 1215.0833 -4907.8774
v  6629.7876 1215.0852 -4898.5903
v  6637.6299 1215.4575 -4900.6099
v  6636.8975 1226.4857 -4900.3740
v  6633.1514 1226.3048 -4910.7822
v  6616.1709 1225.8101 -4925.3774
v  6622.7056 1226.4712 -4930.1631
v  6623.2866 1215.4176 -4930.4722
v  6616.8008 1215.1077 -4925.6416
v  6621.7183 1215.0952 -4916.9531
v  6621.0527 1225.5619 -4916.5928
v  6628.3823 1226.2974 -4920.6465
v  6616.1167 1194.0299 -4925.3301
v  6620.9312 1193.6372 -4916.6274
v  6621.7529 1204.4791 -4916.9600
v  6616.7910 1204.6282 -4925.6221
v  6623.2773 1204.4287 -4930.4634
v  6622.7256 1193.5520 -4930.1772
v  6628.3882 1193.3179 -4920.7031
v  6629.0908 1193.9821 -4898.2939
v  6637.0015 1193.5206 -4900.3887
v  6637.6543 1204.3964 -4900.6074
v  6629.8223 1204.6211 -4898.5913
v  6626.1099 1204.4746 -4907.8911
v  6625.3403 1193.6144 -4907.4751
v  6633.1807 1193.3029 -4910.7461
v  6635.6470 1192.9760 -4924.7656
v  6640.8613 1192.9790 -4913.8354
v  6645.2783 1193.0851 -4902.5894
v  6645.7920 1204.2803 -4902.7397
v  6648.4424 1192.5564 -4917.0195
v  6654.1797 1192.5564 -4904.9619
v  6654.1797 1204.2135 -4904.9619
v  6654.1797 1215.8297 -4904.9619
v  6645.7686 1215.7036 -4902.7354
v  6654.1797 1227.5964 -4904.9619
v  6645.2095 1227.0533 -4902.5718
v  6648.4663 1227.5964 -4916.9683
v  6640.9038 1227.0134 -4913.8311
v  6642.9399 1227.5964 -4928.5825
v  6635.6621 1227.0079 -4924.7339
v  6637.1792 1227.5964 -4940.6895
v  6629.6665 1227.0479 -4935.2358
v  6637.1792 1215.8088 -4940.6895
v  6630.1152 1215.6682 -4935.5273
v  6637.1792 1204.2070 -4940.6895
v  6630.1221 1204.2888 -4935.5342
v  6637.1792 1192.5564 -4940.6895
v  6629.6865 1193.0920 -4935.2515
v  6642.9131 1192.5564 -4928.6396
v  6646.4106 1225.8096 -4861.8442
v  6642.6851 1225.5598 -4871.1484
v  6643.4048 1215.0833 -4871.4150
v  6647.1372 1215.0852 -4862.1284
v  6654.9795 1215.4575 -4864.1479
v  6654.2471 1226.4857 -4863.9126
v  6650.5010 1226.3048 -4874.3203
v  6633.5200 1225.8101 -4888.9155
v  6640.0552 1226.4712 -4893.7012
v  6640.6367 1215.4176 -4894.0103
v  6634.1504 1215.1077 -4889.1797
v  6639.0679 1215.0952 -4880.4912
v  6638.4019 1225.5619 -4880.1313
v  6645.7319 1226.2974 -4884.1841
v  6633.4658 1194.0299 -4888.8682
v  6638.2808 1193.6372 -4880.1650
v  6639.1025 1204.4791 -4880.4980
v  6634.1406 1204.6282 -4889.1602
v  6640.6270 1204.4287 -4894.0010
v  6640.0747 1193.5520 -4893.7153
v  6645.7378 1193.3179 -4884.2412
v  6646.4404 1193.9821 -4861.8320
v  6654.3511 1193.5206 -4863.9272
v  6655.0044 1204.3964 -4864.1455
v  6647.1719 1204.6211 -4862.1299
v  6643.4590 1204.4746 -4871.4292
v  6642.6895 1193.6144 -4871.0137
v  6650.5308 1193.3029 -4874.2837
v  6652.9966 1192.9760 -4888.3037
v  6658.2104 1192.9790 -4877.3735
v  6662.6279 1193.0851 -4866.1274
v  6663.1416 1204.2803 -4866.2778
v  6665.7920 1192.5564 -4880.5571
v  6671.5293 1192.5564 -4868.4995
v  6671.5293 1204.2135 -4868.4995
v  6671.5293 1215.8297 -4868.4995
v  6663.1182 1215.7036 -4866.2734
v  6671.5293 1227.5964 -4868.4995
v  6662.5591 1227.0533 -4866.1099
v  6665.8159 1227.5964 -4880.5063
v  6658.2534 1227.0134 -4877.3696
v  6660.2900 1227.5964 -4892.1206
v  6653.0117 1227.0079 -4888.2715
v  6654.5288 1227.5964 -4904.2275
v  6647.0161 1227.0479 -4898.7734
v  6654.5288 1215.8088 -4904.2275
v  6647.4648 1215.6682 -4899.0649
v  6654.5288 1204.2070 -4904.2275
v  6647.4717 1204.2888 -4899.0723
v  6654.5288 1192.5564 -4904.2275
v  6647.0361 1193.0920 -4898.7891
v  6660.2627 1192.5564 -4892.1777
v  6663.9624 1225.8096 -4824.9580
v  6660.2363 1225.5598 -4834.2627
v  6660.9561 1215.0833 -4834.5288
v  6664.6885 1215.0852 -4825.2427
v  6672.5303 1215.4575 -4827.2622
v  6671.7983 1226.4857 -4827.0264
v  6668.0522 1226.3048 -4837.4341
v  6651.0718 1225.8101 -4852.0293
v  6657.6064 1226.4712 -4856.8149
v  6658.1880 1215.4176 -4857.1240
v  6651.7021 1215.1077 -4852.2935
v  6656.6191 1215.0952 -4843.6050
v  6655.9531 1225.5619 -4843.2451
v  6663.2832 1226.2974 -4847.2983
v  6651.0176 1194.0299 -4851.9819
v  6655.8320 1193.6372 -4843.2798
v  6656.6543 1204.4791 -4843.6118
v  6651.6919 1204.6282 -4852.2744
v  6658.1782 1204.4287 -4857.1152
v  6657.6260 1193.5520 -4856.8291
v  6663.2891 1193.3179 -4847.3550
v  6663.9917 1193.9821 -4824.9458
v  6671.9023 1193.5206 -4827.0410
v  6672.5557 1204.3964 -4827.2593
v  6664.7231 1204.6211 -4825.2437
v  6661.0107 1204.4746 -4834.5435
v  6660.2412 1193.6144 -4834.1274
v  6668.0820 1193.3029 -4837.3975
v  6670.5479 1192.9760 -4851.4175
v  6675.7622 1192.9790 -4840.4873
v  6680.1792 1193.0851 -4829.2417
v  6680.6929 1204.2803 -4829.3916
v  6683.3433 1192.5564 -4843.6709
v  6689.0806 1192.5564 -4831.6133
v  6689.0806 1204.2135 -4831.6133
v  6689.0806 1215.8297 -4831.6133
v  6680.6694 1215.7036 -4829.3872
v  6689.0806 1227.5964 -4831.6133
v  6680.1104 1227.0533 -4829.2236
v  6683.3677 1227.5964 -4843.6201
v  6675.8047 1227.0134 -4840.4834
v  6677.8413 1227.5964 -4855.2344
v  6670.5630 1227.0079 -4851.3862
v  6672.0801 1227.5964 -4867.3413
v  6664.5674 1227.0479 -4861.8882
v  6672.0801 1215.8088 -4867.3413
v  6665.0161 1215.6682 -4862.1787
v  6672.0801 1204.2070 -4867.3413
v  6665.0229 1204.2888 -4862.1865
v  6672.0801 1192.5564 -4867.3413
v  6664.5874 1193.0920 -4861.9028
v  6677.8140 1192.5564 -4855.2915
v  6629.0615 1189.7185 -4898.3062
v  6625.3354 1189.4689 -4907.6104
v  6626.0552 1178.9923 -4907.8774
v  6629.7876 1178.9943 -4898.5903
v  6637.6299 1179.3660 -4900.6099
v  6636.8975 1190.3948 -4900.3740
v  6633.1514 1190.2134 -4910.7822
v  6616.1709 1189.7190 -4925.3774
v  6622.7056 1190.3802 -4930.1631
v  6623.2866 1179.3267 -4930.4722
v  6616.8008 1179.0167 -4925.6416
v  6621.7183 1179.0043 -4916.9531
v  6621.0527 1189.4708 -4916.5928
v  6628.3823 1190.2063 -4920.6465
v  6616.1167 1157.9390 -4925.3301
v  6620.9312 1157.5463 -4916.6274
v  6621.7529 1168.3882 -4916.9600
v  6616.7910 1168.5366 -4925.6221
v  6623.2773 1168.3378 -4930.4634
v  6622.7256 1157.4606 -4930.1772
v  6628.3882 1157.2268 -4920.7031
v  6629.0908 1157.8911 -4898.2939
v  6637.0015 1157.4292 -4900.3887
v  6637.6543 1168.3054 -4900.6074
v  6629.8223 1168.5302 -4898.5913
v  6626.1099 1168.3837 -4907.8911
v  6625.3403 1157.5233 -4907.4751
v  6633.1807 1157.2114 -4910.7461
v  6635.6470 1156.8845 -4924.7656
v  6640.8613 1156.8879 -4913.8354
v  6645.2783 1156.9941 -4902.5894
v  6645.7920 1168.1893 -4902.7397
v  6648.4424 1156.4653 -4917.0195
v  6654.1797 1156.4653 -4904.9619
v  6654.1797 1168.1221 -4904.9619
v  6654.1797 1179.7388 -4904.9619
v  6645.7686 1179.6127 -4902.7354
v  6654.1797 1191.5050 -4904.9619
v  6645.2095 1190.9618 -4902.5718
v  6648.4663 1191.5050 -4916.9683
v  6640.9038 1190.9219 -4913.8311
v  6642.9399 1191.5050 -4928.5825
v  6635.6621 1190.9170 -4924.7339
v  6637.1792 1191.5050 -4940.6895
v  6629.6665 1190.9568 -4935.2358
v  6637.1792 1179.7173 -4940.6895
v  6630.1152 1179.5768 -4935.5273
v  6637.1792 1168.1160 -4940.6895
v  6630.1221 1168.1978 -4935.5342
v  6637.1792 1156.4653 -4940.6895
v  6629.6865 1157.0006 -4935.2515
v  6642.9131 1156.4653 -4928.6396
v  6646.4106 1189.7185 -4861.8442
v  6642.6851 1189.4689 -4871.1484
v  6643.4048 1178.9923 -4871.4150
v  6647.1372 1178.9943 -4862.1284
v  6654.9795 1179.3660 -4864.1479
v  6654.2471 1190.3948 -4863.9126
v  6650.5010 1190.2134 -4874.3203
v  6633.5200 1189.7190 -4888.9155
v  6640.0552 1190.3802 -4893.7012
v  6640.6367 1179.3267 -4894.0103
v  6634.1504 1179.0167 -4889.1797
v  6639.0679 1179.0043 -4880.4912
v  6638.4019 1189.4708 -4880.1313
v  6645.7319 1190.2063 -4884.1841
v  6633.4658 1157.9390 -4888.8682
v  6638.2808 1157.5463 -4880.1650
v  6639.1025 1168.3882 -4880.4980
v  6634.1406 1168.5366 -4889.1602
v  6640.6270 1168.3378 -4894.0010
v  6640.0747 1157.4606 -4893.7153
v  6645.7378 1157.2268 -4884.2412
v  6646.4404 1157.8911 -4861.8320
v  6654.3511 1157.4292 -4863.9272
v  6655.0044 1168.3054 -4864.1455
v  6647.1719 1168.5302 -4862.1299
v  6643.4590 1168.3837 -4871.4292
v  6642.6895 1157.5233 -4871.0137
v  6650.5308 1157.2114 -4874.2837
v  6652.9966 1156.8845 -4888.3037
v  6658.2104 1156.8879 -4877.3735
v  6662.6279 1156.9941 -4866.1274
v  6663.1416 1168.1893 -4866.2778
v  6665.7920 1156.4653 -4880.5571
v  6671.5293 1156.4653 -4868.4995
v  6671.5293 1168.1221 -4868.4995
v  6671.5293 1179.7388 -4868.4995
v  6663.1182 1179.6127 -4866.2734
v  6671.5293 1191.5050 -4868.4995
v  6662.5591 1190.9618 -4866.1099
v  6665.8159 1191.5050 -4880.5063
v  6658.2534 1190.9219 -4877.3696
v  6660.2900 1191.5050 -4892.1206
v  6653.0117 1190.9170 -4888.2715
v  6654.5288 1191.5050 -4904.2275
v  6647.0161 1190.9568 -4898.7734
v  6654.5288 1179.7173 -4904.2275
v  6647.4648 1179.5768 -4899.0649
v  6654.5288 1168.1160 -4904.2275
v  6647.4717 1168.1978 -4899.0723
v  6654.5288 1156.4653 -4904.2275
v  6647.0361 1157.0006 -4898.7891
v  6660.2627 1156.4653 -4892.1777
v  6663.9624 1189.7185 -4824.9580
v  6660.2363 1189.4689 -4834.2627
v  6660.9561 1178.9923 -4834.5288
v  6664.6885 1178.9943 -4825.2427
v  6672.5303 1179.3660 -4827.2622
v  6671.7983 1190.3948 -4827.0264
v  6668.0522 1190.2134 -4837.4341
v  6651.0718 1189.7190 -4852.0293
v  6657.6064 1190.3802 -4856.8149
v  6658.1880 1179.3267 -4857.1240
v  6651.7021 1179.0167 -4852.2935
v  6656.6191 1179.0043 -4843.6050
v  6655.9531 1189.4708 -4843.2451
v  6663.2832 1190.2063 -4847.2983
v  6651.0176 1157.9390 -4851.9819
v  6655.8320 1157.5463 -4843.2798
v  6656.6543 1168.3882 -4843.6118
v  6651.6919 1168.5366 -4852.2744
v  6658.1782 1168.3378 -4857.1152
v  6657.6260 1157.4606 -4856.8291
v  6663.2891 1157.2268 -4847.3550
v  6663.9917 1157.8911 -4824.9458
v  6671.9023 1157.4292 -4827.0410
v  6672.5557 1168.3054 -4827.2593
v  6664.7231 1168.5302 -4825.2437
v  6661.0107 1168.3837 -4834.5435
v  6660.2412 1157.5233 -4834.1274
v  6668.0820 1157.2114 -4837.3975
v  6670.5479 1156.8845 -4851.4175
v  6675.7622 1156.8879 -4840.4873
v  6680.1792 1156.9941 -4829.2417
v  6680.6929 1168.1893 -4829.3916
v  6683.3433 1156.4653 -4843.6709
v  6689.0806 1156.4653 -4831.6133
v  6689.0806 1168.1221 -4831.6133
v  6689.0806 1179.7388 -4831.6133
v  6680.6694 1179.6127 -4829.3872
v  6689.0806 1191.5050 -4831.6133
v  6680.1104 1190.9618 -4829.2236
v  6683.3677 1191.5050 -4843.6201
v  6675.8047 1190.9219 -4840.4834
v  6677.8413 1191.5050 -4855.2344
v  6670.5630 1190.9170 -4851.3862
v  6672.0801 1191.5050 -4867.3413
v  6664.5674 1190.9568 -4861.8882
v  6672.0801 1179.7173 -4867.3413
v  6665.0161 1179.5768 -4862.1787
v  6672.0801 1168.1160 -4867.3413
v  6665.0229 1168.1978 -4862.1865
v  6672.0801 1156.4653 -4867.3413
v  6664.5874 1157.0006 -4861.9028
v  6677.8140 1156.4653 -4855.2915
v  6629.0615 1153.4725 -4898.3062
v  6625.3354 1153.2229 -4907.6104
v  6626.0552 1142.7463 -4907.8774
v  6629.7876 1142.7483 -4898.5903
v  6637.6299 1143.1205 -4900.6099
v  6636.8975 1154.1487 -4900.3740
v  6633.1514 1153.9673 -4910.7822
v  6616.1709 1153.4730 -4925.3774
v  6622.7056 1154.1343 -4930.1631
v  6623.2866 1143.0807 -4930.4722
v  6616.8008 1142.7708 -4925.6416
v  6621.7183 1142.7583 -4916.9531
v  6621.0527 1153.2249 -4916.5928
v  6628.3823 1153.9604 -4920.6465
v  6616.1167 1121.6930 -4925.3301
v  6620.9312 1121.3003 -4916.6274
v  6621.7529 1132.1421 -4916.9600
v  6616.7910 1132.2911 -4925.6221
v  6623.2773 1132.0918 -4930.4634
v  6622.7256 1121.2151 -4930.1772
v  6628.3882 1120.9808 -4920.7031
v  6629.0908 1121.6451 -4898.2939
v  6637.0015 1121.1837 -4900.3887
v  6637.6543 1132.0593 -4900.6074
v  6629.8223 1132.2842 -4898.5913
v  6626.1099 1132.1377 -4907.8911
v  6625.3403 1121.2773 -4907.4751
v  6633.1807 1120.9659 -4910.7461
v  6635.6470 1120.6390 -4924.7656
v  6640.8613 1120.6420 -4913.8354
v  6645.2783 1120.7482 -4902.5894
v  6645.7920 1131.9434 -4902.7397
v  6648.4424 1120.2195 -4917.0195
v  6654.1797 1120.2195 -4904.9619
v  6654.1797 1131.8765 -4904.9619
v  6654.1797 1143.4928 -4904.9619
v  6645.7686 1143.3667 -4902.7354
v  6654.1797 1155.2590 -4904.9619
v  6645.2095 1154.7163 -4902.5718
v  6648.4663 1155.2590 -4916.9683
v  6640.9038 1154.6760 -4913.8311
v  6642.9399 1155.2590 -4928.5825
v  6635.6621 1154.6709 -4924.7339
v  6637.1792 1155.2590 -4940.6895
v  6629.6665 1154.7108 -4935.2358
v  6637.1792 1143.4713 -4940.6895
v  6630.1152 1143.3313 -4935.5273
v  6637.1792 1131.8701 -4940.6895
v  6630.1221 1131.9518 -4935.5342
v  6637.1792 1120.2195 -4940.6895
v  6629.6865 1120.7546 -4935.2515
v  6642.9131 1120.2195 -4928.6396
v  6646.4106 1153.4725 -4861.8442
v  6642.6851 1153.2229 -4871.1484
v  6643.4048 1142.7463 -4871.4150
v  6647.1372 1142.7483 -4862.1284
v  6654.9795 1143.1205 -4864.1479
v  6654.2471 1154.1487 -4863.9126
v  6650.5010 1153.9673 -4874.3203
v  6633.5200 1153.4730 -4888.9155
v  6640.0552 1154.1343 -4893.7012
v  6640.6367 1143.0807 -4894.0103
v  6634.1504 1142.7708 -4889.1797
v  6639.0679 1142.7583 -4880.4912
v  6638.4019 1153.2249 -4880.1313
v  6645.7319 1153.9604 -4884.1841
v  6633.4658 1121.6930 -4888.8682
v  6638.2808 1121.3003 -4880.1650
v  6639.1025 1132.1421 -4880.4980
v  6634.1406 1132.2911 -4889.1602
v  6640.6270 1132.0918 -4894.0010
v  6640.0747 1121.2151 -4893.7153
v  6645.7378 1120.9808 -4884.2412
v  6646.4404 1121.6451 -4861.8320
v  6654.3511 1121.1837 -4863.9272
v  6655.0044 1132.0593 -4864.1455
v  6647.1719 1132.2842 -4862.1299
v  6643.4590 1132.1377 -4871.4292
v  6642.6895 1121.2773 -4871.0137
v  6650.5308 1120.9659 -4874.2837
v  6652.9966 1120.6390 -4888.3037
v  6658.2104 1120.6420 -4877.3735
v  6662.6279 1120.7482 -4866.1274
v  6663.1416 1131.9434 -4866.2778
v  6665.7920 1120.2195 -4880.5571
v  6671.5293 1120.2195 -4868.4995
v  6671.5293 1131.8765 -4868.4995
v  6671.5293 1143.4928 -4868.4995
v  6663.1182 1143.3667 -4866.2734
v  6671.5293 1155.2590 -4868.4995
v  6662.5591 1154.7163 -4866.1099
v  6665.8159 1155.2590 -4880.5063
v  6658.2534 1154.6760 -4877.3696
v  6660.2900 1155.2590 -4892.1206
v  6653.0117 1154.6709 -4888.2715
v  6654.5288 1155.2590 -4904.2275
v  6647.0161 1154.7108 -4898.7734
v  6654.5288 1143.4713 -4904.2275
v  6647.4648 1143.3313 -4899.0649
v  6654.5288 1131.8701 -4904.2275
v  6647.4717 1131.9518 -4899.0723
v  6654.5288 1120.2195 -4904.2275
v  6647.0361 1120.7546 -4898.7891
v  6660.2627 1120.2195 -4892.1777
v  6663.9624 1153.4725 -4824.9580
v  6660.2363 1153.2229 -4834.2627
v  6660.9561 1142.7463 -4834.5288
v  6664.6885 1142.7483 -4825.2427
v  6672.5303 1143.1205 -4827.2622
v  6671.7983 1154.1487 -4827.0264
v  6668.0522 1153.9673 -4837.4341
v  6651.0718 1153.4730 -4852.0293
v  6657.6064 1154.1343 -4856.8149
v  6658.1880 1143.0807 -4857.1240
v  6651.7021 1142.7708 -4852.2935
v  6656.6191 1142.7583 -4843.6050
v  6655.9531 1153.2249 -4843.2451
v  6663.2832 1153.9604 -4847.2983
v  6651.0176 1121.6930 -4851.9819
v  6655.8320 1121.3003 -4843.2798
v  6656.6543 1132.1421 -4843.6118
v  6651.6919 1132.2911 -4852.2744
v  6658.1782 1132.0918 -4857.1152
v  6657.6260 1121.2151 -4856.8291
v  6663.2891 1120.9808 -4847.3550
v  6663.9917 1121.6451 -4824.9458
v  6671.9023 1121.1837 -4827.0410
v  6672.5557 1132.0593 -4827.2593
v  6664.7231 1132.2842 -4825.2437
v  6661.0107 1132.1377 -4834.5435
v  6660.2412 1121.2773 -4834.1274
v  6668.0820 1120.9659 -4837.3975
v  6670.5479 1120.6390 -4851.4175
v  6675.7622 1120.6420 -4840.4873
v  6680.1792 1120.7482 -4829.2417
v  6680.6929 1131.9434 -4829.3916
v  6683.3433 1120.2195 -4843.6709
v  6689.0806 1120.2195 -4831.6133
v  6689.0806 1131.8765 -4831.6133
v  6689.0806 1143.4928 -4831.6133
v  6680.6694 1143.3667 -4829.3872
v  6689.0806 1155.2590 -4831.6133
v  6680.1104 1154.7163 -4829.2236
v  6683.3677 1155.2590 -4843.6201
v  6675.8047 1154.6760 -4840.4834
v  6677.8413 1155.2590 -4855.2344
v  6670.5630 1154.6709 -4851.3862
v  6672.0801 1155.2590 -4867.3413
v  6664.5674 1154.7108 -4861.8882
v  6672.0801 1143.4713 -4867.3413
v  6665.0161 1143.3313 -4862.1787
v  6672.0801 1131.8701 -4867.3413
v  6665.0229 1131.9518 -4862.1865
v  6672.0801 1120.2195 -4867.3413
v  6664.5874 1120.7546 -4861.9028
v  6677.8140 1120.2195 -4855.2915
v  6629.0615 1117.0890 -4898.3062
v  6625.3354 1116.8394 -4907.6104
v  6626.0552 1106.3628 -4907.8774
v  6629.7876 1106.3647 -4898.5903
v  6637.6299 1106.7366 -4900.6099
v  6636.8975 1117.7653 -4900.3740
v  6633.1514 1117.5839 -4910.7822
v  6616.1709 1117.0890 -4925.3774
v  6622.7056 1117.7507 -4930.1631
v  6623.2866 1106.6971 -4930.4722
v  6616.8008 1106.3872 -4925.6416
v  6621.7183 1106.3748 -4916.9531
v  6621.0527 1116.8413 -4916.5928
v  6628.3823 1117.5769 -4920.6465
v  6616.1167 1085.3094 -4925.3301
v  6620.9312 1084.9167 -4916.6274
v  6621.7529 1095.7587 -4916.9600
v  6616.7910 1095.9071 -4925.6221
v  6623.2773 1095.7083 -4930.4634
v  6622.7256 1084.8311 -4930.1772
v  6628.3882 1084.5973 -4920.7031
v  6629.0908 1085.2616 -4898.2939
v  6637.0015 1084.7997 -4900.3887
v  6637.6543 1095.6759 -4900.6074
v  6629.8223 1095.9006 -4898.5913
v  6626.1099 1095.7542 -4907.8911
v  6625.3403 1084.8938 -4907.4751
v  6633.1807 1084.5819 -4910.7461
v  6635.6470 1084.2550 -4924.7656
v  6640.8613 1084.2585 -4913.8354
v  6645.2783 1084.3646 -4902.5894
v  6645.7920 1095.5598 -4902.7397
v  6648.4424 1083.8359 -4917.0195
v  6654.1797 1083.8359 -4904.9619
v  6654.1797 1095.4926 -4904.9619
v  6654.1797 1107.1093 -4904.9619
v  6645.7686 1106.9832 -4902.7354
v  6654.1797 1118.8755 -4904.9619
v  6645.2095 1118.3323 -4902.5718
v  6648.4663 1118.8755 -4916.9683
v  6640.9038 1118.2925 -4913.8311
v  6642.9399 1118.8755 -4928.5825
v  6635.6621 1118.2875 -4924.7339
v  6637.1792 1118.8755 -4940.6895
v  6629.6665 1118.3274 -4935.2358
v  6637.1792 1107.0879 -4940.6895
v  6630.1152 1106.9473 -4935.5273
v  6637.1792 1095.4866 -4940.6895
v  6630.1221 1095.5682 -4935.5342
v  6637.1792 1083.8359 -4940.6895
v  6629.6865 1084.3711 -4935.2515
v  6642.9131 1083.8359 -4928.6396
v  6646.4106 1117.0890 -4861.8442
v  6642.6851 1116.8394 -4871.1484
v  6643.4048 1106.3628 -4871.4150
v  6647.1372 1106.3647 -4862.1284
v  6654.9795 1106.7366 -4864.1479
v  6654.2471 1117.7653 -4863.9126
v  6650.5010 1117.5839 -4874.3203
v  6633.5200 1117.0890 -4888.9155
v  6640.0552 1117.7507 -4893.7012
v  6640.6367 1106.6971 -4894.0103
v  6634.1504 1106.3872 -4889.1797
v  6639.0679 1106.3748 -4880.4912
v  6638.4019 1116.8413 -4880.1313
v  6645.7319 1117.5769 -4884.1841
v  6633.4658 1085.3094 -4888.8682
v  6638.2808 1084.9167 -4880.1650
v  6639.1025 1095.7587 -4880.4980
v  6634.1406 1095.9071 -4889.1602
v  6640.6270 1095.7083 -4894.0010
v  6640.0747 1084.8311 -4893.7153
v  6645.7378 1084.5973 -4884.2412
v  6646.4404 1085.2616 -4861.8320
v  6654.3511 1084.7997 -4863.9272
v  6655.0044 1095.6759 -4864.1455
v  6647.1719 1095.9006 -4862.1299
v  6643.4590 1095.7542 -4871.4292
v  6642.6895 1084.8938 -4871.0137
v  6650.5308 1084.5819 -4874.2837
v  6652.9966 1084.2550 -4888.3037
v  6658.2104 1084.2585 -4877.3735
v  6662.6279 1084.3646 -4866.1274
v  6663.1416 1095.5598 -4866.2778
v  6665.7920 1083.8359 -4880.5571
v  6671.5293 1083.8359 -4868.4995
v  6671.5293 1095.4926 -4868.4995
v  6671.5293 1107.1093 -4868.4995
v  6663.1182 1106.9832 -4866.2734
v  6671.5293 1118.8755 -4868.4995
v  6662.5591 1118.3323 -4866.1099
v  6665.8159 1118.8755 -4880.5063
v  6658.2534 1118.2925 -4877.3696
v  6660.2900 1118.8755 -4892.1206
v  6653.0117 1118.2875 -4888.2715
v  6654.5288 1118.8755 -4904.2275
v  6647.0161 1118.3274 -4898.7734
v  6654.5288 1107.0879 -4904.2275
v  6647.4648 1106.9473 -4899.0649
v  6654.5288 1095.4866 -4904.2275
v  6647.4717 1095.5682 -4899.0723
v  6654.5288 1083.8359 -4904.2275
v  6647.0361 1084.3711 -4898.7891
v  6660.2627 1083.8359 -4892.1777
v  6663.9624 1117.0890 -4824.9580
v  6660.2363 1116.8394 -4834.2627
v  6660.9561 1106.3628 -4834.5288
v  6664.6885 1106.3647 -4825.2427
v  6672.5303 1106.7366 -4827.2622
v  6671.7983 1117.7653 -4827.0264
v  6668.0522 1117.5839 -4837.4341
v  6651.0718 1117.0890 -4852.0293
v  6657.6064 1117.7507 -4856.8149
v  6658.1880 1106.6971 -4857.1240
v  6651.7021 1106.3872 -4852.2935
v  6656.6191 1106.3748 -4843.6050
v  6655.9531 1116.8413 -4843.2451
v  6663.2832 1117.5769 -4847.2983
v  6651.0176 1085.3094 -4851.9819
v  6655.8320 1084.9167 -4843.2798
v  6656.6543 1095.7587 -4843.6118
v  6651.6919 1095.9071 -4852.2744
v  6658.1782 1095.7083 -4857.1152
v  6657.6260 1084.8311 -4856.8291
v  6663.2891 1084.5973 -4847.3550
v  6663.9917 1085.2616 -4824.9458
v  6671.9023 1084.7997 -4827.0410
v  6672.5557 1095.6759 -4827.2593
v  6664.7231 1095.9006 -4825.2437
v  6661.0107 1095.7542 -4834.5435
v  6660.2412 1084.8938 -4834.1274
v  6668.0820 1084.5819 -4837.3975
v  6670.5479 1084.2550 -4851.4175
v  6675.7622 1084.2585 -4840.4873
v  6680.1792 1084.3646 -4829.2417
v  6680.6929 1095.5598 -4829.3916
v  6683.3433 1083.8359 -4843.6709
v  6689.0806 1083.8359 -4831.6133
v  6689.0806 1095.4926 -4831.6133
v  6689.0806 1107.1093 -4831.6133
v  6680.6694 1106.9832 -4829.3872
v  6689.0806 1118.8755 -4831.6133
v  6680.1104 1118.3323 -4829.2236
v  6683.3677 1118.8755 -4843.6201
v  6675.8047 1118.2925 -4840.4834
v  6677.8413 1118.8755 -4855.2344
v  6670.5630 1118.2875 -4851.3862
v  6672.0801 1118.8755 -4867.3413
v  6664.5674 1118.3274 -4861.8882
v  6672.0801 1107.0879 -4867.3413
v  6665.0161 1106.9473 -4862.1787
v  6672.0801 1095.4866 -4867.3413
v  6665.0229 1095.5682 -4862.1865
v  6672.0801 1083.8359 -4867.3413
v  6664.5874 1084.3711 -4861.9028
v  6677.8140 1083.8359 -4855.2915
v  6631.9224 1274.7620 -4948.1123
v  6631.9224 1076.0613 -4948.1123
v  6691.1631 1076.0613 -4823.6108
v  6691.1631 1274.7620 -4823.6108
v  6713.4351 1076.0613 -4834.2085
v  6713.4351 1274.7620 -4834.2085
v  6654.1943 1274.7620 -4958.7100
v  6654.1943 1076.0613 -4958.7100
v  6687.2793 1269.0144 -4830.9585
v  6687.2793 1233.9410 -4830.9585
v  6635.2666 1233.9410 -4940.2690
v  6635.2666 1269.0144 -4940.2690
v  6674.3608 1264.5680 -4832.7993
v  6674.3608 1238.3870 -4832.7993
v  6628.5459 1238.3870 -4929.0840
v  6628.5459 1264.5680 -4929.0840
v  6629.8604 1261.5093 -4926.3213
v  6629.8604 1241.4457 -4926.3213
v  6673.0464 1241.4457 -4835.5615
v  6673.0464 1261.5093 -4835.5615
v  6633.8350 1261.5093 -4928.2124
v  6633.8350 1241.4457 -4928.2124
v  6677.0205 1241.4457 -4837.4521
v  6677.0205 1261.5093 -4837.4521
v  6717.3203 1203.9723 -4679.7183
v  6738.3740 1203.9723 -4689.7368
v  6732.2080 1220.4590 -4686.8018
v  6717.3203 1227.2875 -4679.7183
v  6702.4336 1220.4590 -4672.6343
v  6696.2661 1203.9723 -4669.7007
v  6702.4336 1187.4855 -4672.6343
v  6717.3203 1180.6561 -4679.7183
v  6732.2080 1187.4855 -4686.8018
v  6683.8096 1203.9723 -4804.4097
v  6662.7554 1203.9723 -4794.3921
v  6677.6426 1220.4590 -4801.4766
v  6662.7554 1227.2875 -4794.3921
v  6647.8682 1220.4590 -4787.3096
v  6641.7017 1203.9723 -4784.3740
v  6647.8682 1187.4855 -4787.3091
v  6662.7554 1180.6561 -4794.3921
v  6677.6426 1187.4855 -4801.4766
v  6714.5977 1203.9723 -4739.7051
v  6708.4312 1220.4590 -4736.7705
v  6693.5439 1227.2875 -4729.6865
v  6678.6572 1220.4590 -4722.6030
v  6672.4902 1203.9723 -4719.6685
v  6678.6572 1187.4855 -4722.6030
v  6693.5439 1180.6561 -4729.6865
v  6708.4312 1187.4855 -4736.7705
v  6707.5854 1203.9723 -4754.4424
v  6701.4194 1220.4590 -4751.5073
v  6686.5317 1227.2875 -4744.4233
v  6671.6450 1220.4590 -4737.3398
v  6665.4785 1203.9723 -4734.4053
v  6671.6450 1187.4855 -4737.3398
v  6686.5317 1180.6561 -4744.4233
v  6701.4194 1187.4855 -4751.5073
v  6733.5020 1203.9723 -4766.7739
v  6723.5400 1230.6062 -4762.0332
v  6730.5522 1230.6062 -4747.2964
v  6740.5142 1203.9723 -4752.0371
v  6730.5522 1177.3378 -4747.2964
v  6723.5400 1177.3378 -4762.0332
v  6699.7441 1282.8885 -4766.8804
v  6695.8862 1291.8672 -4774.9883
v  6694.2886 1282.8885 -4778.3462
v  6695.8862 1273.9099 -4774.9883
v  6699.7441 1270.1909 -4766.8804
v  6703.6021 1273.9099 -4758.7729
v  6714.5234 1294.9633 -4787.2852
v  6712.3745 1282.8885 -4791.8018
v  6714.5234 1270.8134 -4787.2852
v  6719.7119 1265.8118 -4776.3818
v  6724.8999 1270.8134 -4765.4785
v  6699.0474 1294.9144 -4768.3447
v  6704.9111 1281.2676 -4756.0215
v  6700.2769 1284.1289 -4765.7607
v  6704.9111 1284.5095 -4756.0215
v  6703.6021 1291.8672 -4758.7729
v  6700.4404 1294.9144 -4765.4165
v  6719.0151 1299.2936 -4777.8457
v  6726.7603 1281.2676 -4761.5684
v  6726.7603 1284.5095 -4761.5684
v  6724.8999 1294.9633 -4765.4785
v  6720.4082 1299.2936 -4774.9180
v  6704.0718 1300.0291 -4767.1445
v  6720.3667 1305.5933 -4774.8979
v  6718.9736 1305.5933 -4777.8262
v  6702.6787 1300.0291 -4770.0728
v  6720.1675 1282.8885 -4723.9590
v  6716.3096 1291.8672 -4732.0664
v  6714.7119 1282.8885 -4735.4243
v  6716.3096 1273.9099 -4732.0664
v  6720.1675 1270.1909 -4723.9590
v  6724.0254 1273.9099 -4715.8516
v  6734.9468 1294.9633 -4744.3633
v  6732.7979 1282.8885 -4748.8799
v  6734.9468 1270.8134 -4744.3633
v  6740.1348 1265.8118 -4733.4600
v  6745.3232 1270.8134 -4722.5562
v  6719.4707 1294.9144 -4725.4229
v  6725.3345 1281.2676 -4713.0991
v  6720.7007 1284.1289 -4722.8384
v  6725.3345 1284.5095 -4713.0991
v  6724.0254 1291.8672 -4715.8516
v  6720.8638 1294.9144 -4722.4951
v  6739.4385 1299.2936 -4734.9238
v  6747.1836 1281.2676 -4718.6465
v  6747.1836 1284.5095 -4718.6465
v  6745.3232 1294.9633 -4722.5562
v  6740.8315 1299.2936 -4731.9961
v  6724.4951 1300.0291 -4724.2231
v  6740.7900 1305.5933 -4731.9766
v  6739.3970 1305.5933 -4734.9043
v  6723.1021 1300.0291 -4727.1504
# 1813 vertices

vn -0.3037 -0.7075 -0.6382
vn -0.3775 -0.6855 -0.6226
vn -0.5185 -0.0005 -0.8551
vn -0.4297 -0.0005 -0.9030
vn 0.0002 -1.0000 0.0004
vn -0.7822 0.2526 -0.5695
vn -0.6387 0.7071 0.3035
vn -0.9030 0.0000 0.4297
vn -0.9713 -0.0003 -0.2380
vn -0.4237 -0.7080 -0.5650
vn -0.4219 -0.7077 -0.5668
vn -0.4222 0.7070 -0.5674
vn -0.7820 -0.2544 -0.5690
vn -0.6384 -0.7071 0.3041
vn -0.4215 -0.7080 -0.5666
vn -0.5966 -0.0009 -0.8025
vn -0.5995 -0.0014 -0.8004
vn -0.5181 -0.0005 -0.8553
vn -0.3456 0.7212 -0.6004
vn -0.4300 -0.0005 -0.9028
vn -0.5180 0.0001 -0.8554
vn -0.4191 0.6812 -0.6002
vn -0.0659 0.9973 0.0314
vn -0.9641 0.0000 0.2657
vn -0.0002 -1.0000 -0.0004
vn -0.6614 0.6808 0.3147
vn -0.6611 0.6807 0.3157
vn -0.7572 0.5986 0.2615
vn -0.9642 -0.0016 0.2650
vn -0.7089 -0.6773 -0.1966
vn -0.7157 -0.6699 0.1974
vn -0.7308 -0.6824 -0.0137
vn 0.3037 -0.7075 0.6382
vn 0.4297 -0.0005 0.9030
vn 0.3365 -0.0005 0.9417
vn 0.2450 -0.6855 0.6857
vn -0.0515 0.2526 0.9662
vn 0.1740 0.7070 0.6855
vn 0.1737 -0.7077 0.6849
vn 0.1711 -0.7080 0.6852
vn -0.4280 -0.0003 0.9038
vn -0.6384 0.7071 0.3041
vn -0.0518 -0.2544 0.9657
vn 0.3368 -0.0005 0.9416
vn 0.2429 -0.0013 0.9700
vn 0.2464 -0.0009 0.9692
vn 0.1738 -0.7080 0.6845
vn -0.6387 -0.7071 0.3035
vn 0.2479 0.7212 0.6469
vn 0.2014 0.6812 0.7038
vn 0.3370 0.0001 0.9415
vn 0.4294 -0.0005 0.9031
vn 0.1749 -0.7076 0.6846
vn 0.1693 -0.7053 0.6884
vn -0.8143 0.0000 0.5805
vn -0.8141 0.0005 0.5807
vn -0.6328 0.6465 0.4262
vn -0.4504 -0.6825 0.5757
vn -0.6046 -0.6699 0.4308
vn -0.2946 -0.6773 0.6741
vn -0.7633 0.6134 -0.2026
vn -0.4858 0.6892 -0.5376
vn -0.4830 -0.6914 -0.5373
vn -0.7634 -0.6132 -0.2029
vn -0.6854 -0.6855 0.2458
vn -0.6869 0.6846 0.2440
vn -0.3233 0.6136 0.7204
vn -0.6224 0.6838 0.3808
vn -0.6231 -0.6860 0.3758
vn -0.3244 -0.6132 0.7203
vn 0.1118 -0.6918 0.7134
vn 0.1122 0.6885 0.7165
vn -0.4185 0.9046 0.0811
vn -0.0631 0.9974 0.0341
vn -0.7345 0.6533 -0.1835
vn -0.9626 -0.0083 -0.2707
vn -0.9998 0.0002 -0.0190
vn -0.3129 0.7004 0.6415
vn -0.2088 0.6587 0.7229
vn -0.0646 0.9974 0.0333
vn -0.6557 0.6548 -0.3759
vn -0.8783 -0.0002 -0.4781
vn -0.7226 0.0084 -0.6912
vn -0.7241 -0.0002 -0.6897
vn -0.8783 0.0000 -0.4781
vn -0.9636 0.0000 -0.2675
vn -0.8783 0.0000 -0.4782
vn -0.9998 0.0000 -0.0190
vn 0.1752 0.7069 0.6852
vn 0.1705 0.7049 0.6886
vn -0.6385 -0.7070 0.3040
vn -0.6385 0.7072 0.3036
vn 0.0000 -1.0000 0.0002
vn -0.6159 0.0000 0.7878
vn -0.4002 0.0000 0.9164
vn -0.4171 0.0363 0.9082
vn -0.6159 -0.0000 0.7878
vn -0.4639 0.6434 0.6090
vn -0.1830 0.0000 0.9831
vn -0.1830 -0.0002 0.9831
vn 0.0784 -0.0002 0.9969
vn 0.0786 -0.0002 0.9969
vn 0.0198 0.6588 0.7520
vn 0.1289 0.7007 0.7017
vn 0.2487 -0.0000 0.9686
vn 0.1279 0.7007 0.7019
vn -0.4649 0.7006 -0.5413
vn -0.4648 0.6998 -0.5425
vn -0.5338 0.6905 -0.4881
vn -0.5965 -0.0000 -0.8026
vn -0.5946 -0.0001 -0.8040
vn -0.5969 -0.0003 -0.8023
vn -0.5946 -0.0003 -0.8040
vn -0.5964 -0.0004 -0.8027
vn -0.5946 -0.0004 -0.8040
vn -0.5946 -0.0005 -0.8040
vn -0.7221 -0.0099 -0.6917
vn 0.0001 -1.0000 0.0002
vn -0.6387 -0.7070 0.3037
vn -0.6383 0.7072 0.3039
vn -0.0001 -1.0000 -0.0001
vn -0.0001 -1.0000 -0.0002
vn 0.0735 -0.0307 0.9968
vn -0.1829 0.0000 0.9831
vn 0.2488 -0.0005 0.9686
vn 0.2487 -0.0004 0.9686
vn 0.2487 -0.0003 0.9686
vn 0.2466 -0.0004 0.9691
vn 0.2465 -0.0003 0.9691
vn 0.2465 -0.0000 0.9691
vn 0.2430 -0.0003 0.9700
vn 0.2430 0.0002 0.9700
vn 0.1240 0.7010 0.7023
vn 0.1267 0.7006 0.7022
vn -0.4667 0.7010 -0.5392
vn -0.5994 0.0011 -0.8004
vn -0.5177 -0.0004 -0.8556
vn -0.5995 -0.0003 -0.8004
vn -0.5180 -0.0005 -0.8554
vn -0.5993 -0.0013 -0.8005
vn -0.5992 -0.0005 -0.8006
vn -0.5963 -0.0005 -0.8028
vn -0.5947 -0.0009 -0.8040
vn -0.0000 -1.0000 -0.0002
vn -0.4218 -0.7077 -0.5668
vn -0.5155 -0.6844 -0.5156
vn 0.0002 -1.0000 0.0005
vn -0.6320 -0.6813 -0.3694
vn -0.0000 -1.0000 0.0002
vn -0.0002 -1.0000 -0.0001
vn -0.0002 -1.0000 -0.0005
vn -0.0526 -0.6646 0.7453
vn 0.1338 -0.7111 0.6902
vn 0.2487 -0.0009 0.9686
vn 0.2467 -0.0005 0.9691
vn -0.6385 0.7070 0.3040
vn 0.2432 -0.0005 0.9700
vn 0.2431 -0.0004 0.9700
vn 0.3370 -0.0005 0.9415
vn 0.3370 -0.0004 0.9415
vn 0.1728 -0.7075 0.6853
vn -0.6387 0.7070 0.3037
vn -0.6385 -0.7072 0.3036
vn -0.6383 -0.7072 0.3039
vn -0.4275 -0.7053 -0.5656
vn -0.4277 0.7046 -0.5663
vn 0.0000 -1.0000 -0.0003
vn 0.0002 -1.0000 0.0002
vn -0.4209 -0.7076 -0.5675
vn -0.4212 0.7070 -0.5682
vn 0.0903 0.9264 -0.3655
vn -0.4224 0.7065 -0.5678
vn 0.6384 0.7071 -0.3041
vn 0.3406 0.9264 0.1605
vn 0.6386 0.7071 -0.3035
vn 0.1741 0.7066 0.6858
vn -0.5359 0.8321 -0.1425
vn -0.6444 0.7301 0.2274
vn -0.4624 0.7244 -0.5113
vn -0.2271 0.8318 0.5066
vn 0.1056 0.7247 0.6809
vn -0.5822 0.7305 0.3571
vn -0.6389 0.7077 0.3017
vn 0.1753 0.7066 0.6856
vn 0.1685 0.7090 0.6848
vn -0.6384 0.7072 0.3040
vn 0.6386 0.7071 -0.3037
vn -0.6372 0.7076 0.3053
vn -0.4255 0.7093 -0.5621
vn 0.6384 0.7071 -0.3040
vn -0.4214 0.7066 -0.5684
vn 0.0002 1.0000 0.0004
vn 0.0000 1.0000 0.0002
vn 0.0001 1.0000 0.0002
vn 0.0001 1.0000 0.0001
vn -0.0001 1.0000 -0.0002
vn -0.0002 1.0000 -0.0004
vn -0.0000 1.0000 -0.0002
vn -0.0001 1.0000 -0.0001
vn 0.1980 0.5674 -0.7993
vn -0.4221 0.7070 -0.5674
vn 0.7451 0.5674 0.3505
vn 0.6387 0.7071 -0.3035
vn 0.1740 0.7069 0.6855
vn -0.7634 0.6133 -0.2028
vn -0.6867 0.6854 0.2423
vn -0.4855 0.6900 -0.5368
vn -0.3233 0.6135 0.7205
vn 0.1110 0.6897 0.7155
vn -0.6210 0.6851 0.3808
vn -0.6399 0.7066 0.3021
vn 0.1696 0.7046 0.6891
vn 0.6384 0.7073 -0.3036
vn -0.6381 0.7067 0.3058
vn -0.4284 0.7044 -0.5660
vn 0.6383 0.7072 -0.3039
vn -0.4212 0.7069 -0.5682
vn -0.6441 -0.3760 0.6661
vn -0.6648 -0.3439 0.6632
vn -0.6932 -0.3253 0.6432
vn -0.6782 -0.3543 0.6438
vn -0.9227 -0.3771 0.0798
vn -0.9273 -0.3546 0.1201
vn -0.9361 -0.3262 0.1316
vn -0.9335 -0.3448 0.0980
vn -0.9202 0.3870 0.0586
vn -0.9351 0.3431 0.0887
vn -0.9367 0.3297 0.1180
vn -0.9250 0.3678 0.0952
vn -0.6258 0.3853 0.6782
vn -0.6565 0.3677 0.6587
vn -0.6833 0.3296 0.6515
vn -0.6592 0.3399 0.6707
vn -0.7206 0.2427 0.6495
vn -0.6986 0.2471 0.6715
vn -0.7456 0.1602 0.6469
vn -0.7257 0.1606 0.6690
vn -0.7564 0.0900 0.6479
vn -0.7376 0.0867 0.6696
vn -0.7600 0.0226 0.6495
vn -0.7418 0.0198 0.6703
vn -0.7592 -0.0443 0.6494
vn -0.7408 -0.0457 0.6702
vn -0.7537 -0.1152 0.6470
vn -0.7346 -0.1184 0.6681
vn -0.7397 -0.1858 0.6468
vn -0.7185 -0.1917 0.6686
vn -0.7191 -0.2580 0.6453
vn -0.6957 -0.2678 0.6665
vn -0.7828 -0.1718 0.5981
vn -0.7646 -0.2387 0.5987
vn -0.7459 -0.3016 0.5939
vn -0.8067 -0.2125 0.5514
vn -0.7896 -0.2831 0.5444
vn -0.7791 -0.3163 0.5412
vn -0.7356 -0.3318 0.5905
vn -0.8225 -0.2699 0.5007
vn -0.8151 -0.3028 0.4939
vn -0.8488 -0.2660 0.4570
vn -0.8411 -0.3017 0.4489
vn -0.8710 -0.2639 0.4143
vn -0.8615 -0.2995 0.4101
vn -0.8896 -0.2659 0.3712
vn -0.8794 -0.3012 0.3688
vn -0.9067 -0.2708 0.3234
vn -0.8959 -0.3056 0.3224
vn -0.9203 -0.2821 0.2711
vn -0.9110 -0.3133 0.2682
vn -0.9314 -0.3007 0.2053
vn -0.9222 -0.3312 0.1996
vn -0.9471 -0.2387 0.2148
vn -0.9539 -0.2596 0.1507
vn -0.9364 -0.2142 0.2780
vn -0.9453 -0.1443 0.2926
vn -0.9580 -0.1722 0.2293
vn -0.9220 -0.1978 0.3330
vn -0.9293 -0.1309 0.3454
vn -0.9352 -0.0734 0.3465
vn -0.9519 -0.0830 0.2950
vn -0.9043 -0.1954 0.3796
vn -0.9129 -0.1311 0.3866
vn -0.9182 -0.0723 0.3894
vn -0.9207 -0.0166 0.3898
vn -0.9387 -0.0210 0.3441
vn -0.8953 -0.1320 0.4254
vn -0.9011 -0.0714 0.4278
vn -0.9032 -0.0151 0.4290
vn -0.9026 0.0383 0.4288
vn -0.9201 0.0359 0.3901
vn -0.8822 -0.0707 0.4655
vn -0.8842 -0.0152 0.4669
vn -0.8836 0.0369 0.4668
vn -0.8800 0.0953 0.4654
vn -0.8986 0.0981 0.4277
vn -0.8598 -0.0198 0.5102
vn -0.8595 0.0318 0.5102
vn -0.8584 0.0871 0.5056
vn -0.8497 0.1514 0.5050
vn -0.8713 0.1581 0.4645
vn -0.8309 0.0282 0.5557
vn -0.8306 0.0839 0.5505
vn -0.8220 0.1484 0.5498
vn -0.7979 0.2248 0.5593
vn -0.8295 0.2235 0.5119
vn -0.7950 0.0908 0.5998
vn -0.7843 0.1608 0.5992
vn -0.7600 0.2366 0.6054
vn -0.7288 0.3146 0.6082
vn -0.7710 0.3035 0.5598
vn -0.7572 0.3413 0.5569
vn -0.7939 0.3299 0.5108
vn -0.8068 0.2961 0.5112
vn -0.7130 0.3508 0.6071
vn -0.8263 0.3251 0.4599
vn -0.8365 0.2958 0.4614
vn -0.8558 0.2280 0.4645
vn -0.8624 0.2960 0.4107
vn -0.8783 0.2322 0.4179
vn -0.8907 0.1633 0.4243
vn -0.9003 0.2281 0.3706
vn -0.9102 0.1581 0.3828
vn -0.9165 0.0941 0.3889
vn -0.9282 0.1512 0.3400
vn -0.9340 0.0865 0.3468
vn -0.9382 0.0312 0.3446
vn -0.9511 0.0843 0.2970
vn -0.9552 0.0278 0.2947
vn -0.9554 -0.0274 0.2942
vn -0.9710 0.0269 0.2376
vn -0.9708 -0.0376 0.2371
vn -0.9661 -0.1040 0.2365
vn -0.9830 -0.0426 0.1788
vn -0.9778 -0.1134 0.1763
vn -0.9685 -0.1855 0.1662
vn -0.9824 -0.1160 0.1468
vn -0.9726 -0.1889 0.1352
vn -0.9562 -0.2670 0.1198
vn -0.9875 -0.0443 0.1513
vn -0.9835 0.0239 0.1795
vn -0.9881 0.0216 0.1522
vn -0.9798 0.0908 0.1782
vn -0.9849 0.0878 0.1490
vn -0.9721 0.1617 0.1699
vn -0.9772 0.1595 0.1404
vn -0.9582 0.2441 0.1492
vn -0.9613 0.2470 0.1221
vn -0.9597 0.1608 0.2304
vn -0.9494 0.2368 0.2066
vn -0.9315 0.3152 0.1817
vn -0.9201 0.3518 0.1722
vn -0.9369 0.2261 0.2668
vn -0.9201 0.3038 0.2470
vn -0.9091 0.3410 0.2395
vn -0.9053 0.2962 0.3043
vn -0.8961 0.3310 0.2956
vn -0.8855 0.2952 0.3587
vn -0.8778 0.3246 0.3523
vn -0.8540 0.3237 0.4074
vn -0.9205 0.2232 0.3206
vn -0.9451 0.1499 0.2906
vn -0.9668 0.0918 0.2384
vn -0.7969 0.0257 0.6036
vn -0.8310 -0.0260 0.5557
vn -0.7965 -0.0367 0.6036
vn -0.8304 -0.0809 0.5512
vn -0.7932 -0.1029 0.6003
vn -0.8245 -0.1423 0.5477
vn -0.8597 -0.0715 0.5057
vn -0.8547 -0.1296 0.5027
vn -0.8397 -0.1978 0.5058
vn -0.8762 -0.1306 0.4639
vn -0.8649 -0.1951 0.4625
vn -0.8856 -0.1954 0.4213
vn -0.6191 -0.6999 0.3562
vn -0.6151 -0.6999 0.3630
vn 0.0244 -0.9969 0.0743
vn 0.0191 -0.9977 0.0651
vn 0.0141 0.9990 0.0426
vn 0.1213 0.9627 0.2419
vn 0.0199 0.9985 0.0510
vn 0.0182 0.9990 0.0401
vn -0.2693 -0.5778 0.7705
vn -0.3298 0.0001 0.9441
vn -0.9393 0.3267 0.1046
vn -0.6353 -0.7071 0.3104
vn -0.1397 0.0944 -0.9857
vn -0.9438 0.0047 -0.3305
vn -0.7702 0.5788 -0.2680
vn 0.2453 0.6439 -0.7247
vn -0.1670 0.5443 0.8221
vn -0.6184 0.7143 0.3275
vn -0.9407 -0.3268 0.0911
vn -0.3298 0.0012 0.9440
vn 0.0000 1.0000 -0.0000
vn -0.1106 0.9669 -0.2301
vn -0.9433 -0.0484 -0.3283
vn -0.3297 0.0011 0.9441
vn -0.3117 -0.7009 -0.6416
vn -0.4275 -0.0761 -0.9008
vn -0.6664 -0.7002 0.2561
vn -0.0453 -0.9963 -0.0728
vn -0.6336 0.7083 0.3112
vn -0.6527 -0.3258 0.6840
vn 0.3113 -0.7010 0.6416
vn 0.0283 -0.9964 0.0799
vn -0.6119 -0.7005 0.3673
vn -0.3243 -0.0477 0.9448
vn 0.4442 -0.0742 0.8929
vn -0.9439 0.0047 -0.3301
vn -0.6354 0.7071 0.3103
vn -0.6357 0.7070 0.3098
vn -0.6353 0.7072 0.3103
vn -0.3234 0.0386 0.9455
vn -0.3241 0.0434 0.9450
vn 0.4444 0.0647 0.8935
vn 0.4455 0.0561 0.8935
vn -0.9442 -0.0035 -0.3294
vn -0.9441 -0.0037 -0.3297
vn -0.7705 -0.5784 -0.2678
vn -0.6363 -0.7064 0.3100
vn -0.6628 0.3252 0.6745
vn -0.9437 -0.0037 -0.3308
vn -0.3229 0.0326 0.9459
vn 0.4461 0.0459 0.8938
vn -0.6205 0.7071 0.3391
vn -0.6358 -0.7065 0.3107
vn -0.3256 0.0474 0.9443
vn -0.9438 -0.0037 -0.3304
vn 0.3073 0.7187 0.6237
vn 0.4423 0.0736 0.8938
vn -0.9435 0.0479 -0.3279
vn -0.4291 0.0740 -0.9002
vn -0.2876 0.7450 -0.6019
vn -0.6493 0.7065 0.2815
vn -0.0188 0.9990 -0.0404
vn -0.6238 -0.6999 0.3478
vn 0.0131 -0.9985 0.0539
vn -0.6352 0.7073 0.3102
vn -0.0187 0.9990 -0.0399
vn -0.6490 0.7065 0.2821
vn -0.0181 0.9991 -0.0386
vn -0.6486 0.7064 0.2835
vn -0.6354 -0.7071 0.3104
vn -0.9442 -0.0022 -0.3292
vn -0.3225 0.0259 0.9462
vn 0.4463 0.0350 0.8942
vn -0.9444 -0.0006 -0.3287
vn 0.0000 -1.0000 -0.0000
vn 0.3020 -0.7114 0.6346
vn 0.4297 0.0000 0.9030
vn -0.3297 0.0001 0.9441
vn -0.3227 0.0179 0.9463
vn 0.4462 0.0229 0.8946
vn -0.9446 0.0000 -0.3281
vn -0.3222 0.0096 0.9466
vn 0.4459 0.0116 0.8950
vn -0.9435 0.0431 -0.3286
vn -0.9435 0.0465 -0.3282
vn -0.4268 0.0642 -0.9021
vn -0.4277 0.0707 -0.9011
vn -0.6291 -0.7001 0.3378
vn 0.0065 -0.9992 0.0407
vn -0.6333 -0.7011 0.3278
vn 0.0009 -0.9996 0.0281
vn -0.6367 -0.7018 0.3196
vn -0.0034 -0.9998 0.0172
vn -0.6382 -0.7030 0.3140
vn -0.0064 -0.9999 0.0087
vn -0.6391 -0.7033 0.3114
vn -0.0089 -1.0000 0.0027
vn -0.6417 -0.7023 0.3082
vn -0.0130 -0.9999 -0.0042
vn -0.6350 0.7075 0.3102
vn -0.6458 -0.7013 0.3019
vn -0.0185 -0.9997 -0.0130
vn -0.6508 -0.7004 0.2931
vn -0.0247 -0.9994 -0.0244
vn -0.6350 0.7076 0.3101
vn -0.6559 -0.6998 0.2829
vn -0.0313 -0.9988 -0.0375
vn -0.6600 -0.6998 0.2735
vn -0.0369 -0.9981 -0.0497
vn -0.6349 0.7076 0.3102
vn -0.6637 -0.6993 0.2654
vn -0.0416 -0.9973 -0.0607
vn -0.6348 0.7077 0.3102
vn -0.6657 -0.6998 0.2591
vn -0.0445 -0.9966 -0.0689
vn -0.6347 0.7078 0.3101
vn 0.0002 1.0000 0.0013
vn 0.0001 1.0000 0.0003
vn -0.0022 1.0000 0.0011
vn -0.9435 -0.0449 -0.3284
vn -0.4264 -0.0686 -0.9019
vn -0.3296 0.0010 0.9441
vn -0.9436 -0.0393 -0.3288
vn -0.4261 -0.0581 -0.9028
vn -0.9439 -0.0319 -0.3287
vn -0.4262 -0.0453 -0.9035
vn -0.3297 0.0010 0.9441
vn -0.9440 -0.0234 -0.3290
vn -0.4267 -0.0316 -0.9038
vn -0.3298 0.0009 0.9441
vn -0.9442 -0.0154 -0.3289
vn -0.4275 -0.0196 -0.9038
vn 0.3106 0.7125 0.6292
vn 0.4449 0.0756 0.8924
vn 0.4428 0.0704 0.8938
vn -0.3248 0.0463 0.9446
vn -0.9439 -0.0037 -0.3301
vn -0.9447 0.0000 -0.3278
vn -0.3222 0.0020 0.9467
vn 0.4458 0.0023 0.8951
vn -0.4318 -0.0067 -0.9019
vn -0.4317 -0.0067 -0.9020
vn -0.4315 -0.0067 -0.9021
vn -0.9448 0.0000 -0.3278
vn -0.2985 -0.7219 -0.6243
vn -0.3224 -0.0060 0.9466
vn 0.4460 -0.0075 0.8950
vn -0.6358 -0.7066 0.3106
vn -0.3224 -0.0146 0.9465
vn 0.4464 -0.0184 0.8946
vn -0.9446 0.0009 -0.3283
vn -0.6357 -0.7067 0.3105
vn -0.3224 -0.0228 0.9463
vn 0.4469 -0.0301 0.8941
vn -0.9443 0.0029 -0.3289
vn -0.3226 -0.0304 0.9461
vn 0.4471 -0.0424 0.8935
vn -0.9444 0.0044 -0.3289
vn -0.6356 -0.7068 0.3105
vn -0.3233 -0.0380 0.9455
vn 0.4467 -0.0555 0.8930
vn -0.9442 0.0047 -0.3292
vn -0.6355 -0.7069 0.3105
vn -0.3235 -0.0442 0.9452
vn 0.4457 -0.0669 0.8927
vn -0.6355 -0.7070 0.3104
vn -0.6355 -0.7069 0.3104
vn -0.9441 0.0047 -0.3297
vn -0.6473 0.7063 0.2864
vn -0.6453 0.7066 0.2904
vn -0.6430 0.7069 0.2947
vn -0.0135 0.9994 -0.0305
vn -0.0102 0.9996 -0.0250
vn -0.0061 0.9998 -0.0182
vn -0.6405 0.7072 0.2995
vn -0.0020 0.9999 -0.0108
vn -0.6378 0.7077 0.3040
vn 0.0016 1.0000 -0.0035
vn -0.6357 0.7075 0.3087
vn 0.0053 1.0000 0.0040
vn -0.6332 0.7077 0.3135
vn 0.0086 0.9999 0.0116
vn -0.6310 0.7076 0.3179
vn 0.0115 0.9998 0.0191
vn -0.6291 0.7071 0.3228
vn 0.0142 0.9996 0.0261
vn -0.6269 0.7069 0.3277
vn 0.0163 0.9994 0.0317
vn -0.6248 0.7068 0.3319
vn 0.0181 0.9992 0.0363
vn -0.6231 0.7066 0.3355
vn -0.6215 0.7067 0.3380
vn -0.3298 0.0007 0.9441
vn -0.9445 -0.0071 -0.3285
vn -0.4282 -0.0089 -0.9036
vn -0.3297 0.0005 0.9441
vn -0.9445 0.0009 -0.3286
vn -0.4285 0.0006 -0.9035
vn -0.3296 0.0005 0.9441
vn -0.9445 0.0087 -0.3285
vn -0.4282 0.0099 -0.9036
vn -0.9442 0.0167 -0.3288
vn -0.4275 0.0207 -0.9038
vn -0.9440 0.0244 -0.3291
vn -0.4268 0.0323 -0.9037
vn -0.3297 0.0004 0.9441
vn -0.9438 0.0318 -0.3290
vn -0.4264 0.0445 -0.9034
vn -0.3298 0.0002 0.9441
vn -0.9435 0.0383 -0.3290
vn -0.4264 0.0556 -0.9028
vn -0.0163 0.9992 -0.0352
vn 0.0000 1.0000 0.0000
vn -0.4319 -0.0067 -0.9019
vn -0.4321 -0.0064 -0.9018
vn -0.4322 -0.0044 -0.9018
vn -0.4323 -0.0018 -0.9017
vn -0.4323 -0.0008 -0.9017
vn -0.4323 -0.0007 -0.9017
vn -0.4323 0.0005 -0.9017
vn -0.4322 0.0036 -0.9018
vn -0.4321 0.0059 -0.9018
vn -0.4321 0.0062 -0.9018
vn -0.4320 0.0062 -0.9019
vn -0.4319 0.0062 -0.9019
vn -0.0001 1.0000 0.0000
vn -0.0010 1.0000 0.0005
vn -0.0043 1.0000 0.0020
vn 0.0053 0.9998 0.0210
vn 0.2529 0.7008 0.6670
vn 0.5359 -0.8328 -0.1390
vn 0.3657 -0.9259 -0.0948
vn 0.3301 -0.9259 0.1837
vn 0.4837 -0.8328 0.2692
vn 0.1121 -0.9259 0.3608
vn 0.1643 -0.8328 0.5286
vn -0.1678 -0.9259 0.3385
vn -0.2459 -0.8328 0.4960
vn -0.3551 -0.9259 0.1292
vn -0.5202 -0.8328 0.1893
vn -0.3461 -0.9259 -0.1515
vn -0.5071 -0.8328 -0.2220
vn -0.1265 -0.9312 -0.3419
vn -0.1876 -0.8268 -0.5302
vn 0.1791 -0.9312 -0.3176
vn 0.2692 -0.8269 -0.4938
vn 0.9160 0.0000 0.4012
vn 0.9395 0.0000 -0.3424
vn 0.5622 -0.8012 -0.2049
vn 0.5482 -0.8011 0.2401
vn -0.5483 -0.8011 -0.2401
vn -0.7097 -0.6322 -0.3107
vn -0.7281 -0.6322 0.2649
vn -0.5625 -0.8011 0.2047
vn 0.4437 0.0000 -0.8962
vn 0.2657 -0.8009 -0.5366
vn -0.3441 -0.6322 0.6941
vn -0.2659 -0.8011 0.5363
vn -0.2962 0.0000 -0.9551
vn -0.1774 -0.8009 -0.5719
vn 0.2299 -0.6322 0.7399
vn 0.1776 -0.8011 0.5716
vn -0.4862 0.0000 0.8738
vn -0.2827 -0.8136 0.5081
vn -0.5793 -0.8011 0.1504
vn -0.9679 0.0000 0.2512
vn 0.5794 -0.8011 -0.1502
vn 0.7500 -0.6323 -0.1944
vn 0.3798 -0.6245 -0.6825
vn 0.2827 -0.8136 -0.5081
vn 0.3418 0.0000 0.9398
vn 0.1987 -0.8136 0.5465
vn -0.2670 -0.6245 -0.7340
vn -0.1988 -0.8136 -0.5464
vn 0.7814 0.5903 -0.2026
vn 0.8084 -0.5501 -0.2096
vn 0.7297 -0.5501 0.4061
vn 0.7053 0.5903 0.3926
vn 0.2478 -0.5501 0.7975
vn 0.2396 0.5903 0.7708
vn -0.3709 -0.5501 0.7482
vn -0.3586 0.5903 0.7232
vn -0.7848 -0.5501 0.2855
vn -0.7586 0.5903 0.2760
vn -0.7650 -0.5501 -0.3349
vn -0.7394 0.5903 -0.3237
vn -0.2836 -0.5496 -0.7858
vn -0.2647 0.6089 -0.7478
vn 0.4044 -0.5496 -0.7310
vn 0.3797 0.6089 -0.6965
vn -0.2901 -0.5498 -0.7833
vn 0.4104 -0.5498 -0.7275
vn 0.5230 -0.8011 0.2911
vn 0.5368 -0.8321 -0.1392
vn 0.8848 0.4055 -0.2294
vn 0.7987 0.4055 0.4445
vn 0.4846 -0.8321 0.2697
vn 0.2713 0.4055 0.8729
vn 0.1646 -0.8321 0.5296
vn -0.4060 0.4055 0.8190
vn -0.2463 -0.8321 0.4969
vn -0.8590 0.4055 0.3125
vn -0.5211 -0.8321 0.1896
vn -0.8374 0.4055 -0.3666
vn -0.5080 -0.8321 -0.2224
vn -0.3184 0.3992 -0.8598
vn -0.1880 -0.8262 -0.5311
vn 0.4505 0.3991 -0.7986
vn 0.2696 -0.8262 -0.4946
vn 0.6770 -0.6322 0.3768
vn -0.5227 -0.8012 -0.2913
vn -0.8735 0.0000 -0.4868
vn 0.3038 0.7071 0.6385
vn -0.4692 0.8544 0.2232
vn -0.1808 0.6094 0.7720
vn -0.3038 0.7071 -0.6385
vn -0.7125 0.6097 -0.3473
vn -0.4678 0.8554 0.2226
vn -0.1800 -0.6097 0.7720
vn -0.4678 -0.8554 0.2226
vn 0.3038 -0.7071 0.6385
vn -0.7125 -0.6097 -0.3473
vn -0.3038 -0.7071 -0.6385
vn -0.1685 0.0000 0.9857
vn -0.1670 0.0000 0.9860
vn -0.4297 0.0000 -0.9030
vn -0.8704 0.0000 -0.4923
vn -0.8263 -0.1930 0.5292
vn -0.9318 -0.1932 0.3074
vn -0.9313 0.1932 0.3088
vn -0.8261 0.1922 0.5297
vn -0.4690 0.8545 0.2232
vn -0.4680 0.8552 0.2227
vn -0.9632 0.0000 0.2689
vn -0.6855 -0.3010 0.6630
vn -0.8756 0.2384 0.4201
vn -0.1671 0.0000 0.9859
vn -0.8758 0.2373 0.4203
vn -0.9460 -0.3014 0.1191
vn -0.8152 0.0008 0.5791
vn -0.8770 -0.2383 0.4173
vn -0.1684 0.0000 0.9857
vn -0.9636 0.0000 0.2675
vn -0.6869 0.3020 0.6610
vn -0.8769 -0.2385 0.4173
vn -0.9463 0.3016 0.1165
vn -0.8153 0.0005 0.5790
vn -0.2715 -0.5773 0.7701
vn -0.2725 0.5773 0.7697
vn -0.7695 0.5776 -0.2727
vn -0.7703 -0.5771 -0.2713
vn -0.4058 0.5431 0.7351
vn -0.6978 0.6519 0.2970
vn -0.9149 -0.0391 0.4019
vn -0.4422 -0.0276 0.8965
vn 0.2511 -0.0016 0.9680
vn 0.1286 0.7092 0.6931
vn -0.0827 0.9962 0.0256
vn -0.8248 0.5446 -0.1520
vn -0.4584 0.7067 -0.5390
vn -0.5960 -0.0045 -0.8030
vn -0.9764 -0.0259 -0.2146
vn -0.8862 -0.0377 0.4618
vn -0.6700 0.6523 0.3545
vn -0.0722 0.9963 0.0473
vn -0.8320 -0.5293 -0.1659
vn -0.6620 -0.6748 0.3264
vn -0.8844 0.0391 0.4652
vn -0.9770 0.0283 -0.2112
vn -0.5966 0.0045 -0.8025
vn -0.4557 -0.6937 -0.5577
vn -0.0401 -0.9992 0.0088
vn -0.3952 -0.5310 0.7496
vn 0.1478 -0.6964 0.7023
vn 0.2515 0.0026 0.9679
vn -0.4424 0.0267 0.8964
vn -0.9150 0.0376 0.4017
vn -0.6682 -0.6764 0.3099
vn -0.0314 -0.9992 0.0233
vn -0.0431 -0.9989 0.0172
vn -0.0399 -0.9990 0.0223
vn 0.1468 -0.6995 0.6994
vn 0.2548 0.0007 0.9670
vn -0.0464 -0.9987 0.0221
vn 0.1535 -0.6711 0.7254
vn 0.2561 0.0000 0.9667
vn 0.2559 0.0000 0.9667
vn 0.2543 -0.0007 0.9671
vn 0.1526 0.6712 0.7254
vn 0.1394 0.7048 0.6956
vn -0.0642 0.9975 0.0306
vn -0.0721 0.9970 0.0290
vn -0.0644 0.9975 0.0307
vn -0.0683 0.9970 0.0375
vn -0.4669 0.6713 -0.5757
vn -0.4525 0.7042 -0.5471
vn -0.5900 0.0000 -0.8074
vn -0.5925 -0.0013 -0.8056
vn -0.5899 0.0000 -0.8075
vn -0.5925 0.0014 -0.8055
vn -0.4663 -0.6711 -0.5764
vn -0.4517 -0.6988 -0.5547
vn -0.0460 -0.9987 0.0219
vn -0.4583 0.7067 -0.5390
vn -0.6700 0.6522 0.3545
vn -0.4557 -0.6937 -0.5578
vn -0.3951 -0.5310 0.7496
vn 0.2543 -0.0006 0.9671
vn -0.4583 0.7067 -0.5389
vn -0.9770 0.0283 -0.2113
vn 0.1534 -0.6710 0.7254
vn -0.5898 0.0000 -0.8075
vn -0.6977 0.6519 0.2970
vn 0.1287 0.7093 0.6931
vn -0.0722 0.9963 0.0474
vn -0.8321 -0.5293 -0.1659
vn -0.4557 -0.6938 -0.5577
vn -0.0314 -0.9992 0.0232
vn -0.0398 -0.9990 0.0223
vn -0.0644 0.9975 0.0306
vn -0.4669 0.6712 -0.5757
vn -0.4525 0.7043 -0.5471
vn -0.0459 -0.9987 0.0219
vn 0.1286 0.7093 0.6931
vn -0.3951 -0.5309 0.7496
vn -0.4516 -0.6988 -0.5547
vn 0.1527 0.6712 0.7254
vn -0.8248 0.5445 -0.1520
vn -0.4584 0.7067 -0.5389
vn -0.7694 0.5774 -0.2733
vn -0.7694 -0.5774 -0.2733
vn -0.2733 -0.5774 0.7694
vn -0.2733 0.5774 0.7694
vn 0.6015 0.6350 0.4848
vn 0.6015 -0.6350 0.4848
vn 0.0032 -0.6350 -0.7725
vn 0.0032 0.6350 -0.7725
vn -0.5671 0.4618 0.6820
vn -0.5671 -0.4618 0.6820
vn -0.8869 -0.4618 0.0098
vn -0.8869 0.4618 0.0098
vn -0.6872 -0.3015 0.6609
vn -0.6872 0.3015 0.6609
vn -0.9463 0.3015 0.1164
vn -0.9463 -0.3015 0.1164
vn 0.9719 0.0000 0.2355
vn 0.7665 0.5490 0.3332
vn 0.2708 0.7764 0.5691
vn -0.2249 0.5489 0.8050
vn -0.4303 0.0000 0.9027
vn -0.2249 -0.5489 0.8050
vn 0.2707 -0.7764 0.5691
vn 0.7665 -0.5490 0.3332
vn 0.4303 0.0000 -0.9027
vn -0.4297 -0.0000 -0.9030
vn 0.2249 0.5490 -0.8050
vn -0.2708 0.7764 -0.5691
vn -0.7665 0.5489 -0.3333
vn -0.9719 -0.0000 -0.2355
vn -0.7665 -0.5489 -0.3333
vn -0.2708 -0.7764 -0.5691
vn 0.2249 -0.5490 -0.8050
vn 0.8822 0.0000 0.4708
vn 0.4524 0.8866 0.0960
vn -0.0000 1.0000 0.0000
vn -0.6385 0.7071 0.3038
vn -0.6385 -0.7071 0.3038
vn -0.0000 -1.0000 0.0000
vn 0.4524 -0.8866 0.0960
vn 0.1912 0.0000 -0.9816
vn 0.2108 0.8866 -0.4116
vn 0.2109 -0.8866 -0.4116
vn 0.0341 0.7544 -0.6556
vn 0.5302 0.7543 0.3871
vn 0.5302 -0.7543 0.3871
vn 0.0341 -0.7544 -0.6556
vn -0.8503 0.5035 -0.1530
vn -0.9399 0.0000 -0.3413
vn -0.8503 -0.5035 -0.1530
vn -0.6340 -0.7121 0.3017
vn -0.4176 -0.5035 0.7563
vn -0.4734 0.6936 -0.5429
vn -0.5969 0.0000 -0.8023
vn -0.4734 -0.6936 -0.5429
vn -0.1754 -0.9809 0.0835
vn 0.1226 -0.6936 0.7098
vn -0.8671 0.4821 0.1250
vn -0.3771 -0.1357 0.9162
vn -0.3771 0.1357 0.9162
vn -0.4176 0.5035 0.7563
vn -0.6440 0.4821 0.5940
vn -0.4588 0.5028 -0.7326
vn 0.2417 -0.1871 0.9521
vn 0.2417 0.1871 0.9521
vn 0.1226 0.6936 0.7098
vn 0.2790 0.5028 0.8181
vn -0.1128 0.6293 0.7689
vn 0.0650 0.7410 0.6684
vn -0.4776 0.7410 -0.4721
vn -0.6678 0.6293 -0.3975
vn -0.3770 -0.1357 0.9162
vn -0.3770 0.1357 0.9162
# 875 vertex normals

vt 1.0000 0.5000 0.0000
vt 0.9697 0.5000 0.0000
vt 0.9697 0.5455 0.0000
vt 0.8485 0.5455 0.0000
vt 0.8485 0.5000 0.0000
vt 0.7273 0.5455 0.0000
vt 0.7273 0.5000 0.0000
vt 0.6061 0.5455 0.0000
vt 0.6061 0.5000 0.0000
vt 0.4848 0.5455 0.0000
vt 0.4848 0.5000 0.0000
vt 0.3636 0.5455 0.0000
vt 0.3636 0.5000 0.0000
vt 0.2424 0.5455 0.0000
vt 0.2424 0.5000 0.0000
vt 0.0909 0.5455 0.0000
vt 0.0909 0.5000 0.0000
vt -0.0360 0.5425 0.0000
vt -0.0299 0.4976 0.0000
vt 0.0000 0.0000 0.0000
vt 0.9697 0.6818 0.0000
vt 0.9697 0.7273 0.0000
vt 0.8485 0.7273 0.0000
vt 0.8485 0.6818 0.0000
vt 0.7273 0.7273 0.0000
vt 0.7273 0.6818 0.0000
vt 0.6061 0.7273 0.0000
vt 0.6061 0.6818 0.0000
vt 0.4848 0.7273 0.0000
vt 0.4848 0.6818 0.0000
vt 0.3636 0.7273 0.0000
vt 0.3636 0.6818 0.0000
vt 0.2424 0.7273 0.0000
vt 0.2424 0.6818 0.0000
vt 0.0909 0.7273 0.0000
vt 0.0909 0.6818 0.0000
vt -0.0429 0.7256 0.0000
vt -0.0299 0.6807 0.0000
vt 0.9697 0.7727 0.0000
vt 0.8485 0.7727 0.0000
vt 0.7273 0.7727 0.0000
vt 0.6061 0.7727 0.0000
vt 0.4848 0.7727 0.0000
vt 0.3636 0.7727 0.0000
vt 0.2424 0.7727 0.0000
vt 0.0909 0.7727 0.0000
vt -0.0329 0.7673 0.0000
vt -0.0299 0.7224 0.0000
vt 0.2929 0.0275 0.0000
vt 0.2964 0.0094 0.0000
vt 0.4496 0.1079 0.0000
vt 0.4346 0.1185 0.0000
vt 0.4925 0.2849 0.0000
vt 0.4743 0.2823 0.0000
vt 0.4014 0.4426 0.0000
vt 0.3901 0.4281 0.0000
vt 0.2267 0.4939 0.0000
vt 0.2285 0.4756 0.0000
vt 0.0648 0.4104 0.0000
vt 0.0787 0.3984 0.0000
vt 0.0053 0.2383 0.0000
vt 0.0236 0.2392 0.0000
vt 0.1175 0.0439 0.0000
vt 0.1275 0.0594 0.0000
vt 0.2500 0.6667 0.0000
vt 0.2500 0.3333 0.0000
vt 0.5000 0.3333 0.0000
vt 0.5000 0.6667 0.0000
vt 0.7500 0.3333 0.0000
vt 0.7500 0.6667 0.0000
vt 0.0000 0.6667 0.0000
vt 0.0000 0.3333 0.0000
vt 0.5000 1.0000 0.0000
vt 0.2500 1.0000 0.0000
vt 0.2500 0.0000 0.0000
vt 0.5000 0.0000 0.0000
vt 1.0000 0.3333 0.0000
vt 1.0000 0.6667 0.0000
vt 0.0000 0.2500 0.0000
vt 0.1250 0.2500 0.0000
vt 0.1250 0.0000 0.0000
vt 0.2500 0.2500 0.0000
vt 0.3750 0.2500 0.0000
vt 0.3750 0.0000 0.0000
vt 0.5000 0.2500 0.0000
vt 0.6250 0.2500 0.0000
vt 0.6250 0.0000 0.0000
vt 0.7500 0.2500 0.0000
vt 0.7500 0.0000 0.0000
vt 0.8750 0.2500 0.0000
vt 0.8750 0.0000 0.0000
vt 1.0000 0.2500 0.0000
vt 0.0000 0.7500 0.0000
vt 0.0000 1.0000 0.0000
vt 0.1250 1.0000 0.0000
vt 0.1250 0.7500 0.0000
vt 0.2500 0.7500 0.0000
vt 0.3750 1.0000 0.0000
vt 0.3750 0.7500 0.0000
vt 0.5000 0.7500 0.0000
vt 0.6250 1.0000 0.0000
vt 0.6250 0.7500 0.0000
vt 0.7500 1.0000 0.0000
vt 0.7500 0.7500 0.0000
vt 0.8750 1.0000 0.0000
vt 0.8750 0.7500 0.0000
vt 1.0000 1.0000 0.0000
vt 0.1250 0.5000 0.0000
vt 0.2500 0.5000 0.0000
vt 0.3750 0.5000 0.0000
vt 0.5000 0.5000 0.0000
vt 0.6250 0.5000 0.0000
# 112 texture coords

o PillDispenser
g PillDispenser
s 8
f 1/1/1 2/1/2 3/1/3 4/1/4 
s 1
f 1/1/1 5/1/5 6/1/5 2/1/2 
s 4
f 7/1/6 8/1/7 9/1/8 10/1/9 
s 8
f 7/1/6 10/1/9 11/1/3 3/1/3 
f 7/1/6 3/1/3 2/1/2 12/1/10 
f 7/1/6 12/1/10 13/1/11 14/1/12 
s 2
f 15/1/13 16/1/14 17/1/5 18/1/15 
s 4
f 15/1/13 19/1/9 20/1/8 16/1/14 
s 8
f 15/1/13 18/1/15 21/1/16 22/1/17 
f 15/1/13 23/1/3 24/1/3 19/1/9 
f 15/1/13 22/1/17 25/1/18 23/1/3 
f 26/1/19 27/1/20 28/1/21 29/1/22 
s 1
f 26/1/19 29/1/22 30/1/23 31/1/23 
s 8
f 32/1/8 33/1/8 34/1/24 35/1/24 
s 1
f 36/1/25 37/1/25 38/1/25 39/1/25 
f 36/1/25 40/1/25 41/1/25 37/1/25 
s 8
f 42/1/8 43/1/8 44/1/26 45/1/27 
f 42/1/8 45/1/27 46/1/28 47/1/29 
f 42/1/8 47/1/29 48/1/24 49/1/8 
s 2
f 50/1/30 51/1/5 52/1/31 53/1/32 
s 8
f 54/1/33 55/1/34 56/1/35 57/1/36 
s 1
f 54/1/33 57/1/36 58/1/25 59/1/25 
s 8
f 60/1/37 61/1/38 62/1/39 63/1/40 
s 4
f 60/1/37 64/1/41 65/1/8 66/1/42 
s 8
f 60/1/37 56/1/35 67/1/35 64/1/41 
f 60/1/37 63/1/40 57/1/36 56/1/35 
f 68/1/43 69/1/35 70/1/44 71/1/45 
f 68/1/43 72/1/41 73/1/35 69/1/35 
f 68/1/43 71/1/45 74/1/46 75/1/47 
s 2
f 68/1/43 75/1/47 76/1/25 77/1/48 
s 4
f 68/1/43 77/1/48 78/1/8 72/1/41 
s 8
f 79/1/49 80/1/50 81/1/51 82/1/52 
s 1
f 79/1/49 83/1/23 84/1/23 80/1/50 
f 85/1/53 40/1/25 36/1/25 62/1/39 
f 85/1/53 86/1/54 87/1/25 40/1/25 
s 8
f 88/1/8 89/1/55 90/1/55 91/1/8 
f 92/1/8 93/1/8 94/1/55 95/1/56 
f 92/1/8 96/1/26 97/1/26 98/1/8 
f 92/1/8 95/1/56 99/1/57 96/1/26 
s 2
f 100/1/58 101/1/59 102/1/25 103/1/60 
s 8
f 104/1/61 105/1/62 106/1/63 107/1/64 
s 1
f 104/1/61 107/1/64 108/1/65 109/1/66 
f 107/1/64 106/1/63 110/1/5 108/1/65 
f 111/1/67 112/1/68 113/1/69 114/1/70 
s 8
f 111/1/67 114/1/70 115/1/71 116/1/72 
s 1
f 114/1/70 113/1/69 117/1/25 115/1/71 
f 118/1/73 46/1/28 119/1/74 120/1/75 
s 8
f 118/1/73 120/1/75 121/1/76 122/1/77 
f 118/1/73 122/1/77 47/1/29 46/1/28 
s 1
f 123/1/23 124/1/78 125/1/79 126/1/23 
f 123/1/23 126/1/23 127/1/23 128/1/23 
f 123/1/23 128/1/23 96/1/26 99/1/57 
f 128/1/23 127/1/23 129/1/23 130/1/23 
f 128/1/23 130/1/23 97/1/26 96/1/26 
f 130/1/23 129/1/23 131/1/23 132/1/23 
f 130/1/23 132/1/23 44/1/26 97/1/26 
f 132/1/23 131/1/23 133/1/23 134/1/23 
f 132/1/23 134/1/23 45/1/27 44/1/26 
f 134/1/23 133/1/23 135/1/23 119/1/74 
f 134/1/23 119/1/74 46/1/28 45/1/27 
f 135/1/23 133/1/23 136/1/23 137/1/80 
f 135/1/23 138/1/81 120/1/75 119/1/74 
s 8
f 138/1/81 139/1/82 121/1/76 120/1/75 
f 139/1/82 140/1/83 141/1/84 142/1/85 
f 139/1/82 142/1/85 143/1/86 121/1/76 
f 143/1/86 142/1/85 144/1/87 145/1/86 
f 143/1/86 145/1/86 146/1/88 147/1/88 
f 143/1/86 147/1/88 122/1/77 121/1/76 
f 147/1/88 146/1/88 34/1/24 48/1/24 
f 147/1/88 48/1/24 47/1/29 122/1/77 
f 146/1/88 145/1/86 148/1/86 149/1/88 
f 146/1/88 149/1/88 35/1/24 34/1/24 
f 150/1/89 85/1/53 62/1/39 61/1/38 
f 150/1/89 151/1/90 86/1/54 85/1/53 
f 149/1/88 148/1/86 152/1/86 153/1/88 
f 149/1/88 153/1/88 154/1/24 35/1/24 
s 1
f 155/1/14 156/1/7 109/1/66 108/1/65 
s 8
f 154/1/24 157/1/8 32/1/8 35/1/24 
s 1
f 155/1/14 158/1/91 159/1/92 156/1/7 
s 8
f 157/1/8 160/1/8 161/1/8 32/1/8 
s 1
f 162/1/5 155/1/14 108/1/65 110/1/5 
s 8
f 160/1/8 163/1/8 164/1/8 161/1/8 
s 1
f 162/1/5 165/1/93 158/1/91 155/1/14 
s 8
f 163/1/8 166/1/8 88/1/8 164/1/8 
s 1
f 167/1/5 168/1/5 169/1/5 170/1/5 
s 8
f 166/1/8 171/1/55 89/1/55 88/1/8 
s 1
f 167/1/5 162/1/5 110/1/5 168/1/5 
s 8
f 171/1/55 172/1/94 173/1/94 89/1/55 
f 173/1/94 172/1/94 174/1/95 175/1/95 
f 173/1/94 175/1/95 176/1/95 177/1/94 
f 173/1/94 177/1/94 90/1/55 89/1/55 
f 177/1/94 176/1/95 178/1/95 179/1/94 
f 177/1/94 179/1/94 94/1/55 90/1/55 
f 179/1/94 178/1/95 180/1/96 181/1/97 
f 179/1/94 181/1/97 95/1/56 94/1/55 
f 181/1/97 180/1/96 124/1/78 182/1/98 
f 181/1/97 182/1/98 99/1/57 95/1/56 
f 180/1/96 178/1/95 183/1/99 184/1/100 
f 180/1/96 184/1/100 125/1/79 124/1/78 
f 184/1/100 183/1/99 185/1/101 186/1/102 
f 184/1/100 186/1/102 187/1/103 125/1/79 
f 188/1/104 186/1/102 189/1/105 190/1/106 
s 1
f 188/1/104 190/1/106 191/1/23 192/1/23 
f 192/1/23 191/1/23 193/1/23 194/1/23 
f 192/1/23 194/1/23 127/1/23 126/1/23 
f 194/1/23 193/1/23 195/1/23 196/1/23 
f 194/1/23 196/1/23 129/1/23 127/1/23 
f 196/1/23 195/1/23 197/1/23 198/1/23 
f 196/1/23 198/1/23 131/1/23 129/1/23 
f 198/1/23 197/1/23 199/1/23 136/1/23 
f 198/1/23 136/1/23 133/1/23 131/1/23 
f 199/1/23 197/1/23 200/1/23 201/1/23 
f 199/1/23 201/1/23 202/1/23 203/1/23 
f 199/1/23 203/1/23 137/1/80 136/1/23 
f 203/1/23 202/1/23 204/1/107 205/1/108 
f 203/1/23 205/1/108 206/1/109 137/1/80 
s 8
f 205/1/108 204/1/107 207/1/110 208/1/111 
f 205/1/108 208/1/111 140/1/83 206/1/109 
f 208/1/111 207/1/110 209/1/112 210/1/113 
f 208/1/111 210/1/113 141/1/84 140/1/83 
f 210/1/113 209/1/112 211/1/114 212/1/115 
f 210/1/113 212/1/115 213/1/84 141/1/84 
f 213/1/84 212/1/115 214/1/116 215/1/84 
f 213/1/84 215/1/84 216/1/85 144/1/87 
f 213/1/84 144/1/87 142/1/85 141/1/84 
f 216/1/85 148/1/86 145/1/86 144/1/87 
f 216/1/85 215/1/84 217/1/117 218/1/87 
f 216/1/85 218/1/87 152/1/86 148/1/86 
s 1
f 167/1/5 219/1/118 165/1/93 162/1/5 
f 220/1/118 219/1/118 167/1/5 170/1/5 
f 221/1/119 222/1/120 159/1/92 158/1/91 
f 220/1/118 223/1/121 224/1/121 219/1/118 
s 8
f 153/1/88 152/1/86 50/1/30 53/1/32 
f 153/1/88 53/1/32 52/1/31 154/1/24 
s 1
f 225/1/121 165/1/93 219/1/118 224/1/121 
s 8
f 154/1/24 52/1/31 226/1/14 157/1/8 
s 1
f 225/1/121 221/1/119 158/1/91 165/1/93 
s 8
f 157/1/8 226/1/14 227/1/91 160/1/8 
s 1
f 228/1/25 41/1/25 40/1/25 87/1/25 
s 8
f 160/1/8 227/1/91 229/1/119 163/1/8 
s 1
f 228/1/25 224/1/121 223/1/121 41/1/25 
s 8
f 163/1/8 229/1/119 230/1/48 166/1/8 
s 1
f 231/1/25 228/1/25 87/1/25 117/1/25 
s 8
f 166/1/8 230/1/48 101/1/59 171/1/55 
s 1
f 231/1/25 225/1/121 224/1/121 228/1/25 
s 8
f 171/1/55 101/1/59 100/1/58 172/1/94 
s 1
f 232/1/48 231/1/25 117/1/25 113/1/69 
s 8
f 172/1/94 100/1/58 103/1/60 174/1/95 
s 1
f 232/1/48 221/1/119 225/1/121 231/1/25 
f 233/1/42 232/1/48 113/1/69 112/1/68 
f 234/1/118 220/1/118 170/1/5 235/1/5 
f 234/1/118 236/1/122 223/1/121 220/1/118 
f 237/1/118 238/1/5 239/1/5 240/1/118 
s 8
f 241/1/99 242/1/123 243/1/101 244/1/124 
f 241/1/99 244/1/124 175/1/95 174/1/95 
s 4
f 245/1/42 66/1/42 65/1/8 246/1/8 
s 8
f 244/1/124 243/1/101 247/1/101 248/1/99 
f 244/1/124 248/1/99 176/1/95 175/1/95 
f 248/1/99 247/1/101 185/1/101 183/1/99 
f 248/1/99 183/1/99 178/1/95 176/1/95 
f 247/1/101 243/1/101 249/1/125 250/1/126 
f 247/1/101 250/1/126 251/1/127 185/1/101 
f 251/1/127 250/1/126 252/1/128 253/1/129 
f 251/1/127 253/1/129 254/1/130 189/1/105 
f 251/1/127 189/1/105 186/1/102 185/1/101 
f 254/1/130 253/1/129 255/1/131 256/1/132 
f 254/1/130 256/1/132 257/1/133 258/1/134 
f 254/1/130 258/1/134 190/1/106 189/1/105 
s 1
f 258/1/134 257/1/133 259/1/23 260/1/23 
f 258/1/134 260/1/23 191/1/23 190/1/106 
f 260/1/23 259/1/23 261/1/23 262/1/23 
f 260/1/23 262/1/23 193/1/23 191/1/23 
f 262/1/23 261/1/23 263/1/23 264/1/23 
f 262/1/23 264/1/23 195/1/23 193/1/23 
f 264/1/23 263/1/23 265/1/23 200/1/23 
f 264/1/23 200/1/23 197/1/23 195/1/23 
f 265/1/23 263/1/23 266/1/23 267/1/23 
f 265/1/23 267/1/23 268/1/23 269/1/23 
f 265/1/23 269/1/23 201/1/23 200/1/23 
f 269/1/23 268/1/23 30/1/23 270/1/23 
f 269/1/23 270/1/23 202/1/23 201/1/23 
f 270/1/23 30/1/23 29/1/22 271/1/135 
f 270/1/23 271/1/135 204/1/107 202/1/23 
s 8
f 271/1/135 29/1/22 28/1/21 272/1/136 
f 271/1/135 272/1/136 207/1/110 204/1/107 
f 272/1/136 28/1/21 273/1/137 274/1/138 
f 272/1/136 274/1/138 209/1/112 207/1/110 
f 274/1/138 273/1/137 275/1/139 276/1/140 
f 274/1/138 276/1/140 211/1/114 209/1/112 
f 276/1/140 275/1/139 277/1/139 278/1/141 
f 276/1/140 278/1/141 279/1/142 211/1/114 
f 279/1/142 214/1/116 212/1/115 211/1/114 
f 214/1/116 279/1/142 21/1/16 280/1/143 
f 214/1/116 280/1/143 217/1/117 215/1/84 
s 4
f 281/1/8 246/1/8 282/1/8 283/1/8 
s 1
f 237/1/118 234/1/118 235/1/5 238/1/5 
f 284/1/122 237/1/118 240/1/118 285/1/144 
f 233/1/42 222/1/120 221/1/119 232/1/48 
s 8
f 217/1/117 280/1/143 286/1/145 287/1/146 
s 2
f 287/1/146 286/1/145 288/1/5 289/1/147 
f 290/1/148 291/1/5 51/1/5 50/1/30 
s 8
f 290/1/148 50/1/30 152/1/86 218/1/87 
s 2
f 291/1/5 289/1/147 292/1/5 293/1/5 
f 291/1/5 293/1/5 294/1/5 51/1/5 
f 294/1/5 293/1/5 295/1/118 296/1/149 
f 294/1/5 296/1/149 227/1/91 226/1/14 
f 294/1/5 226/1/14 52/1/31 51/1/5 
f 296/1/149 295/1/118 297/1/122 298/1/150 
f 296/1/149 298/1/150 229/1/119 227/1/91 
f 298/1/150 297/1/122 299/1/25 300/1/25 
f 298/1/150 300/1/25 230/1/48 229/1/119 
f 300/1/25 299/1/25 301/1/25 102/1/25 
f 300/1/25 102/1/25 101/1/59 230/1/48 
f 301/1/25 299/1/25 302/1/25 303/1/151 
f 301/1/25 304/1/152 103/1/60 102/1/25 
s 8
f 304/1/152 305/1/153 242/1/123 241/1/99 
f 304/1/152 241/1/99 174/1/95 103/1/60 
s 1
f 284/1/122 236/1/122 234/1/118 237/1/118 
f 284/1/122 38/1/25 37/1/25 236/1/122 
s 8
f 306/1/154 74/1/46 307/1/155 249/1/125 
f 306/1/154 249/1/125 243/1/101 242/1/123 
s 4
f 281/1/8 308/1/156 245/1/42 246/1/8 
f 309/1/8 310/1/8 311/1/8 312/1/8 
f 309/1/8 281/1/8 283/1/8 310/1/8 
s 8
f 307/1/155 313/1/157 314/1/158 252/1/128 
f 307/1/155 252/1/128 250/1/126 249/1/125 
f 314/1/158 313/1/157 315/1/159 316/1/159 
f 314/1/158 316/1/159 317/1/160 255/1/131 
f 314/1/158 255/1/131 253/1/129 252/1/128 
s 1
f 187/1/103 126/1/23 125/1/79 
f 187/1/103 192/1/23 126/1/23 
s 8
f 317/1/160 81/1/51 256/1/132 255/1/131 
s 1
f 187/1/103 188/1/104 192/1/23 
s 8
f 81/1/51 80/1/50 257/1/133 256/1/132 
f 187/1/103 186/1/102 188/1/104 
s 1
f 80/1/50 84/1/23 259/1/23 257/1/133 
s 8
f 318/1/161 306/1/154 242/1/123 305/1/153 
s 1
f 84/1/23 319/1/23 261/1/23 259/1/23 
f 182/1/98 124/1/78 123/1/23 99/1/57 
f 319/1/23 266/1/23 263/1/23 261/1/23 
f 266/1/23 319/1/23 320/1/23 321/1/23 
f 266/1/23 321/1/23 322/1/23 267/1/23 
s 2
f 304/1/152 301/1/25 303/1/151 305/1/153 
s 1
f 267/1/23 322/1/23 323/1/23 268/1/23 
s 8
f 290/1/148 218/1/87 217/1/117 287/1/146 
s 1
f 268/1/23 323/1/23 31/1/23 30/1/23 
s 2
f 287/1/146 289/1/147 291/1/5 290/1/148 
s 1
f 319/1/23 84/1/23 83/1/23 320/1/23 
s 8
f 317/1/160 316/1/159 324/1/34 325/1/34 
f 317/1/160 325/1/34 82/1/52 81/1/51 
f 324/1/34 316/1/159 315/1/159 326/1/34 
s 4
f 309/1/8 327/1/162 308/1/156 281/1/8 
s 8
f 326/1/34 315/1/159 70/1/44 328/1/34 
f 329/1/4 330/1/4 25/1/18 277/1/139 
s 4
f 331/1/7 312/1/8 9/1/8 8/1/7 
s 8
f 329/1/4 277/1/139 275/1/139 332/1/4 
f 332/1/4 275/1/139 273/1/137 333/1/4 
f 333/1/4 273/1/137 28/1/21 27/1/20 
f 138/1/81 206/1/109 140/1/83 139/1/82 
s 1
f 138/1/81 135/1/23 137/1/80 206/1/109 
s 8
f 48/1/24 34/1/24 33/1/8 49/1/8 
s 4
f 331/1/7 327/1/162 309/1/8 312/1/8 
s 8
f 94/1/55 93/1/8 91/1/8 90/1/55 
f 277/1/139 25/1/18 22/1/17 278/1/141 
s 1
f 223/1/121 236/1/122 37/1/25 41/1/25 
f 334/1/25 38/1/25 284/1/122 285/1/144 
s 8
f 22/1/17 21/1/16 279/1/142 278/1/141 
f 97/1/26 44/1/26 43/1/8 98/1/8 
f 286/1/145 280/1/143 21/1/16 18/1/15 
f 25/1/18 330/1/4 335/1/4 23/1/3 
s 2
f 288/1/5 286/1/145 18/1/15 17/1/5 
s 8
f 23/1/3 335/1/4 336/1/4 24/1/3 
s 1
f 87/1/25 86/1/54 115/1/71 117/1/25 
s 8
f 24/1/3 336/1/4 337/1/4 338/1/3 
s 2
f 339/1/144 340/1/122 341/1/118 342/1/118 
f 343/1/163 339/1/144 342/1/118 344/1/164 
s 8
f 338/1/3 11/1/3 10/1/9 345/1/9 
f 338/1/3 345/1/9 19/1/9 24/1/3 
s 4
f 345/1/9 10/1/9 9/1/8 346/1/8 
f 345/1/9 346/1/8 20/1/8 19/1/9 
f 346/1/8 9/1/8 312/1/8 311/1/8 
f 346/1/8 311/1/8 347/1/8 20/1/8 
f 347/1/8 311/1/8 310/1/8 348/1/8 
f 347/1/8 348/1/8 344/1/164 349/1/14 
f 347/1/8 349/1/14 16/1/14 20/1/8 
s 2
f 349/1/14 344/1/164 342/1/118 350/1/5 
f 349/1/14 350/1/5 17/1/5 16/1/14 
f 350/1/5 342/1/118 341/1/118 351/1/5 
f 350/1/5 351/1/5 288/1/5 17/1/5 
f 351/1/5 341/1/118 352/1/118 292/1/5 
f 351/1/5 292/1/5 289/1/147 288/1/5 
f 352/1/118 341/1/118 340/1/122 353/1/122 
f 352/1/118 353/1/122 297/1/122 295/1/118 
f 352/1/118 295/1/118 293/1/5 292/1/5 
f 353/1/122 340/1/122 354/1/25 302/1/25 
f 353/1/122 302/1/25 299/1/25 297/1/122 
f 354/1/25 340/1/122 339/1/144 355/1/25 
f 354/1/25 355/1/25 76/1/25 356/1/25 
f 354/1/25 356/1/25 303/1/151 302/1/25 
f 356/1/25 76/1/25 75/1/47 318/1/161 
f 356/1/25 318/1/161 305/1/153 303/1/151 
s 8
f 318/1/161 75/1/47 74/1/46 306/1/154 
s 2
f 355/1/25 339/1/144 343/1/163 357/1/48 
f 355/1/25 357/1/48 77/1/48 76/1/25 
s 4
f 357/1/48 343/1/163 358/1/8 359/1/8 
f 357/1/48 359/1/8 78/1/8 77/1/48 
f 359/1/8 358/1/8 283/1/8 282/1/8 
f 359/1/8 282/1/8 360/1/8 78/1/8 
f 360/1/8 282/1/8 246/1/8 65/1/8 
f 360/1/8 65/1/8 64/1/41 361/1/41 
f 360/1/8 361/1/41 72/1/41 78/1/8 
s 8
f 361/1/41 64/1/41 67/1/35 362/1/35 
f 361/1/41 362/1/35 73/1/35 72/1/41 
s 4
f 358/1/8 343/1/163 344/1/164 348/1/8 
f 283/1/8 358/1/8 348/1/8 310/1/8 
s 8
f 73/1/35 362/1/35 363/1/34 364/1/34 
f 73/1/35 364/1/34 365/1/34 69/1/35 
f 366/1/34 363/1/34 362/1/35 67/1/35 
f 69/1/35 365/1/34 328/1/34 70/1/44 
f 366/1/34 67/1/35 56/1/35 55/1/34 
s 1
f 334/1/25 367/1/25 59/1/25 58/1/25 
f 368/1/165 168/1/5 110/1/5 106/1/63 
f 39/1/25 58/1/25 57/1/36 63/1/40 
f 39/1/25 38/1/25 334/1/25 58/1/25 
s 8
f 71/1/45 70/1/44 315/1/159 313/1/157 
f 71/1/45 313/1/157 307/1/155 74/1/46 
f 369/1/166 368/1/165 106/1/63 105/1/62 
s 1
f 36/1/25 39/1/25 63/1/40 62/1/39 
s 8
f 370/1/4 4/1/4 3/1/3 11/1/3 
f 370/1/4 11/1/3 338/1/3 337/1/4 
s 1
f 371/1/167 367/1/25 334/1/25 285/1/144 
f 371/1/167 285/1/144 240/1/118 372/1/168 
f 240/1/118 239/1/5 373/1/5 372/1/168 
f 239/1/5 6/1/5 5/1/5 373/1/5 
f 6/1/5 239/1/5 238/1/5 374/1/5 
f 6/1/5 374/1/5 12/1/10 2/1/2 
s 8
f 86/1/54 151/1/90 116/1/72 115/1/71 
s 1
f 374/1/5 238/1/5 235/1/5 375/1/5 
f 374/1/5 375/1/5 13/1/11 12/1/10 
f 375/1/5 235/1/5 170/1/5 169/1/5 
f 375/1/5 169/1/5 376/1/169 13/1/11 
f 376/1/169 169/1/5 168/1/5 368/1/165 
s 8
f 376/1/169 368/1/165 369/1/166 377/1/170 
f 376/1/169 377/1/170 14/1/12 13/1/11 
s 1
f 378/1/171 7/1/6 14/1/12 379/1/172 
f 380/1/173 8/1/7 7/1/6 378/1/171 
f 381/1/174 60/1/37 66/1/42 382/1/175 
f 383/1/176 61/1/38 60/1/37 381/1/174 
f 384/1/177 104/1/61 109/1/66 385/1/178 
f 386/1/179 105/1/62 104/1/61 384/1/177 
f 387/1/180 111/1/67 116/1/72 388/1/181 
f 389/1/182 112/1/68 111/1/67 387/1/180 
f 390/1/183 156/1/7 159/1/92 391/1/92 
f 392/1/184 150/1/89 61/1/38 383/1/176 
f 393/1/185 151/1/90 150/1/89 392/1/184 
f 391/1/92 159/1/92 222/1/120 394/1/186 
f 382/1/175 66/1/42 245/1/42 395/1/175 
f 395/1/175 245/1/42 308/1/156 396/1/187 
f 397/1/188 233/1/42 112/1/68 389/1/182 
f 394/1/186 222/1/120 233/1/42 397/1/188 
f 398/1/173 331/1/7 8/1/7 380/1/173 
f 399/1/189 369/1/166 105/1/62 386/1/179 
f 400/1/190 327/1/162 331/1/7 398/1/173 
f 385/1/178 109/1/66 156/1/7 390/1/183 
f 396/1/187 308/1/156 327/1/162 400/1/190 
f 388/1/181 116/1/72 151/1/90 393/1/185 
f 401/1/191 377/1/170 369/1/166 399/1/189 
f 379/1/172 14/1/12 377/1/170 401/1/191 
s 2
f 402/1/192 403/1/192 404/1/192 405/1/192 
f 406/1/192 403/1/192 402/1/192 407/1/192 
f 406/1/192 408/1/193 409/1/194 403/1/192 
f 410/1/192 411/1/192 405/1/192 404/1/192 
f 412/1/194 404/1/192 403/1/192 409/1/194 
f 412/1/194 413/1/195 410/1/192 404/1/192 
f 414/1/196 415/1/196 416/1/197 417/1/197 
f 414/1/196 412/1/194 409/1/194 415/1/196 
f 414/1/196 418/1/198 413/1/195 412/1/194 
f 419/1/197 417/1/197 420/1/197 421/1/197 
f 419/1/197 418/1/198 414/1/196 417/1/197 
f 409/1/194 408/1/193 422/1/199 415/1/196 
f 423/1/197 420/1/197 417/1/197 416/1/197 
f 423/1/197 416/1/197 424/1/197 425/1/197 
f 424/1/197 416/1/197 415/1/196 422/1/199 
f 426/1/200 427/1/201 425/1/197 428/1/173 
s 1
f 380/1/173 378/1/171 426/1/200 428/1/173 
f 378/1/171 379/1/172 427/1/201 426/1/200 
s 2
f 429/1/202 430/1/203 407/1/192 431/1/204 
s 1
f 383/1/176 381/1/174 429/1/202 431/1/204 
f 381/1/174 382/1/175 430/1/203 429/1/202 
s 2
f 432/1/205 433/1/206 421/1/197 434/1/207 
s 1
f 386/1/179 384/1/177 432/1/205 434/1/207 
f 384/1/177 385/1/178 433/1/206 432/1/205 
s 2
f 435/1/208 436/1/209 411/1/192 437/1/210 
s 1
f 389/1/182 387/1/180 435/1/208 437/1/210 
f 387/1/180 388/1/181 436/1/209 435/1/208 
s 2
f 438/1/211 439/1/92 418/1/198 419/1/197 
s 1
f 390/1/183 391/1/92 439/1/92 438/1/211 
s 2
f 402/1/192 440/1/89 431/1/204 407/1/192 
s 1
f 392/1/184 383/1/176 431/1/204 440/1/89 
s 2
f 402/1/192 405/1/192 441/1/212 440/1/89 
s 1
f 393/1/185 392/1/184 440/1/89 441/1/212 
s 2
f 442/1/120 413/1/195 418/1/198 439/1/92 
s 1
f 391/1/92 394/1/186 442/1/120 439/1/92 
s 2
f 443/1/203 406/1/192 407/1/192 430/1/203 
s 1
f 382/1/175 395/1/175 443/1/203 430/1/203 
s 2
f 443/1/203 444/1/213 408/1/193 406/1/192 
s 1
f 395/1/175 396/1/187 444/1/213 443/1/203 
s 2
f 410/1/192 413/1/195 442/1/120 445/1/214 
s 1
f 394/1/186 397/1/188 445/1/214 442/1/120 
s 2
f 424/1/197 446/1/173 428/1/173 425/1/197 
s 1
f 398/1/173 380/1/173 428/1/173 446/1/173 
s 2
f 420/1/197 447/1/215 434/1/207 421/1/197 
s 1
f 399/1/189 386/1/179 434/1/207 447/1/215 
s 2
f 424/1/197 422/1/199 448/1/216 446/1/173 
s 1
f 400/1/190 398/1/173 446/1/173 448/1/216 
s 2
f 408/1/193 444/1/213 448/1/216 422/1/199 
s 1
f 396/1/187 400/1/190 448/1/216 444/1/213 
s 2
f 441/1/212 405/1/192 411/1/192 436/1/209 
s 1
f 388/1/181 393/1/185 441/1/212 436/1/209 
s 2
f 449/1/217 447/1/215 420/1/197 423/1/197 
s 1
f 401/1/191 399/1/189 447/1/215 449/1/217 
s 2
f 449/1/217 423/1/197 425/1/197 427/1/201 
s 1
f 379/1/172 401/1/191 449/1/217 427/1/201 
s 2
f 437/1/210 411/1/192 410/1/192 445/1/214 
s 1
f 397/1/188 389/1/182 437/1/210 445/1/214 
s 2
f 433/1/206 438/1/211 419/1/197 421/1/197 
s 1
f 385/1/178 390/1/183 438/1/211 433/1/206 
f 450/1/218 451/1/219 452/1/220 453/1/221 
f 454/1/222 455/1/223 456/1/224 457/1/225 
f 458/1/226 459/1/227 460/1/228 461/1/229 
f 462/1/230 463/1/231 464/1/232 465/1/233 
f 465/1/233 464/1/232 466/1/234 467/1/235 
f 467/1/235 466/1/234 468/1/236 469/1/237 
f 469/1/237 468/1/236 470/1/238 471/1/239 
f 471/1/239 470/1/238 472/1/240 473/1/241 
f 473/1/241 472/1/240 474/1/242 475/1/243 
f 475/1/243 474/1/242 476/1/244 477/1/245 
f 477/1/245 476/1/244 478/1/246 479/1/247 
f 479/1/247 478/1/246 480/1/248 481/1/249 
f 481/1/249 480/1/248 452/1/220 451/1/219 
f 480/1/248 478/1/246 482/1/250 483/1/251 
f 480/1/248 483/1/251 484/1/252 452/1/220 
f 484/1/252 483/1/251 485/1/253 486/1/254 
f 484/1/252 486/1/254 487/1/255 488/1/256 
f 484/1/252 488/1/256 453/1/221 452/1/220 
f 487/1/255 486/1/254 489/1/257 490/1/258 
f 490/1/258 489/1/257 491/1/259 492/1/260 
f 492/1/260 491/1/259 493/1/261 494/1/262 
f 494/1/262 493/1/261 495/1/263 496/1/264 
f 496/1/264 495/1/263 497/1/265 498/1/266 
f 498/1/266 497/1/265 499/1/267 500/1/268 
f 500/1/268 499/1/267 501/1/269 502/1/270 
f 502/1/270 501/1/269 456/1/224 455/1/223 
f 501/1/269 503/1/271 504/1/272 456/1/224 
f 501/1/269 499/1/267 505/1/273 503/1/271 
f 505/1/273 506/1/274 507/1/275 503/1/271 
f 505/1/273 499/1/267 497/1/265 508/1/276 
f 505/1/273 508/1/276 509/1/277 506/1/274 
f 509/1/277 510/1/278 511/1/279 506/1/274 
f 509/1/277 508/1/276 512/1/280 513/1/281 
f 509/1/277 513/1/281 514/1/282 510/1/278 
f 514/1/282 515/1/283 516/1/284 510/1/278 
f 514/1/282 513/1/281 517/1/285 518/1/286 
f 514/1/282 518/1/286 519/1/287 515/1/283 
f 519/1/287 520/1/288 521/1/289 515/1/283 
f 519/1/287 518/1/286 522/1/290 523/1/291 
f 519/1/287 523/1/291 524/1/292 520/1/288 
f 524/1/292 525/1/293 526/1/294 520/1/288 
f 524/1/292 523/1/291 527/1/295 528/1/296 
f 524/1/292 528/1/296 529/1/297 525/1/293 
f 529/1/297 530/1/298 531/1/299 525/1/293 
f 529/1/297 528/1/296 532/1/300 533/1/301 
f 529/1/297 533/1/301 534/1/302 530/1/298 
f 534/1/302 535/1/303 536/1/304 530/1/298 
f 534/1/302 533/1/301 537/1/305 538/1/306 
f 534/1/302 538/1/306 539/1/307 535/1/303 
f 539/1/307 540/1/308 541/1/309 535/1/303 
f 539/1/307 538/1/306 468/1/236 466/1/234 
f 539/1/307 466/1/234 464/1/232 540/1/308 
f 541/1/309 542/1/310 543/1/311 544/1/312 
f 541/1/309 544/1/312 536/1/304 535/1/303 
f 541/1/309 540/1/308 545/1/313 542/1/310 
f 545/1/313 540/1/308 464/1/232 463/1/231 
f 544/1/312 543/1/311 546/1/314 547/1/315 
f 544/1/312 547/1/315 548/1/316 536/1/304 
f 548/1/316 547/1/315 549/1/317 550/1/318 
f 548/1/316 550/1/318 551/1/319 531/1/299 
f 548/1/316 531/1/299 530/1/298 536/1/304 
f 551/1/319 550/1/318 552/1/320 553/1/321 
f 551/1/319 553/1/321 554/1/322 526/1/294 
f 551/1/319 526/1/294 525/1/293 531/1/299 
f 554/1/322 553/1/321 555/1/323 556/1/324 
f 554/1/322 556/1/324 557/1/325 521/1/289 
f 554/1/322 521/1/289 520/1/288 526/1/294 
f 557/1/325 556/1/324 558/1/326 559/1/327 
f 557/1/325 559/1/327 560/1/328 516/1/284 
f 557/1/325 516/1/284 515/1/283 521/1/289 
f 560/1/328 559/1/327 561/1/329 562/1/330 
f 560/1/328 562/1/330 563/1/331 511/1/279 
f 560/1/328 511/1/279 510/1/278 516/1/284 
f 563/1/331 562/1/330 564/1/332 565/1/333 
f 563/1/331 565/1/333 566/1/334 507/1/275 
f 563/1/331 507/1/275 506/1/274 511/1/279 
f 566/1/334 565/1/333 567/1/335 568/1/336 
f 566/1/334 568/1/336 569/1/337 504/1/272 
f 566/1/334 504/1/272 503/1/271 507/1/275 
f 569/1/337 457/1/225 456/1/224 504/1/272 
f 567/1/335 565/1/333 564/1/332 570/1/338 
f 570/1/338 564/1/332 571/1/339 572/1/340 
f 572/1/340 571/1/339 573/1/341 574/1/342 
f 574/1/342 573/1/341 575/1/343 576/1/344 
f 576/1/344 575/1/343 577/1/345 578/1/346 
f 578/1/346 577/1/345 460/1/228 459/1/227 
f 577/1/345 575/1/343 579/1/347 580/1/348 
f 577/1/345 580/1/348 581/1/349 460/1/228 
f 581/1/349 582/1/350 461/1/229 460/1/228 
f 581/1/349 580/1/348 583/1/351 584/1/352 
f 581/1/349 584/1/352 585/1/353 582/1/350 
f 585/1/353 584/1/352 586/1/354 587/1/355 
f 587/1/355 586/1/354 588/1/356 589/1/357 
f 589/1/357 588/1/356 549/1/317 590/1/358 
f 590/1/358 549/1/317 547/1/315 546/1/314 
f 588/1/356 586/1/354 591/1/359 552/1/320 
f 588/1/356 552/1/320 550/1/318 549/1/317 
f 591/1/359 586/1/354 584/1/352 583/1/351 
f 591/1/359 583/1/351 592/1/360 555/1/323 
f 591/1/359 555/1/323 553/1/321 552/1/320 
f 592/1/360 583/1/351 580/1/348 579/1/347 
f 592/1/360 579/1/347 593/1/361 558/1/326 
f 592/1/360 558/1/326 556/1/324 555/1/323 
f 593/1/361 579/1/347 575/1/343 573/1/341 
f 593/1/361 573/1/341 571/1/339 561/1/329 
f 593/1/361 561/1/329 559/1/327 558/1/326 
f 571/1/339 564/1/332 562/1/330 561/1/329 
f 538/1/306 537/1/305 470/1/238 468/1/236 
f 537/1/305 533/1/301 532/1/300 594/1/362 
f 537/1/305 594/1/362 472/1/240 470/1/238 
f 594/1/362 532/1/300 595/1/363 596/1/364 
f 594/1/362 596/1/364 474/1/242 472/1/240 
f 596/1/364 595/1/363 597/1/365 598/1/366 
f 596/1/364 598/1/366 476/1/244 474/1/242 
f 598/1/366 597/1/365 599/1/367 482/1/250 
f 598/1/366 482/1/250 478/1/246 476/1/244 
f 599/1/367 597/1/365 600/1/368 601/1/369 
f 599/1/367 601/1/369 602/1/370 485/1/253 
f 599/1/367 485/1/253 483/1/251 482/1/250 
f 602/1/370 601/1/369 603/1/371 604/1/372 
f 602/1/370 604/1/372 491/1/259 489/1/257 
f 602/1/370 489/1/257 486/1/254 485/1/253 
f 604/1/372 603/1/371 517/1/285 605/1/373 
f 604/1/372 605/1/373 493/1/261 491/1/259 
f 605/1/373 517/1/285 513/1/281 512/1/280 
f 605/1/373 512/1/280 495/1/263 493/1/261 
f 603/1/371 522/1/290 518/1/286 517/1/285 
f 603/1/371 601/1/369 600/1/368 522/1/290 
f 600/1/368 527/1/295 523/1/291 522/1/290 
f 600/1/368 597/1/365 595/1/363 527/1/295 
f 595/1/363 532/1/300 528/1/296 527/1/295 
f 512/1/280 508/1/276 497/1/265 495/1/263 
f 606/1/374 607/1/375 608/1/376 609/1/377 
f 610/1/378 611/1/379 612/1/380 613/1/381 
f 614/1/382 615/1/383 616/1/384 617/1/385 
f 618/1/386 619/1/387 620/1/388 621/1/389 
f 622/1/390 623/1/391 624/1/392 625/1/393 
f 618/1/386 621/1/389 626/1/394 627/1/395 
f 624/1/392 628/1/396 629/1/397 625/1/393 
f 624/1/392 630/1/398 631/1/399 628/1/396 
f 624/1/392 632/1/400 633/1/401 630/1/398 
f 624/1/392 623/1/391 634/1/402 632/1/400 
f 635/1/403 636/1/404 637/1/405 638/1/406 
f 635/1/403 639/1/407 640/1/408 636/1/404 
f 635/1/403 619/1/387 641/1/409 639/1/407 
f 635/1/403 638/1/406 642/1/410 643/1/411 
f 635/1/403 643/1/411 620/1/388 619/1/387 
f 606/1/374 644/1/412 645/1/410 607/1/375 
f 646/1/413 647/1/414 648/1/415 649/1/416 
f 646/1/413 650/1/417 651/1/418 647/1/414 
f 652/1/419 653/1/420 654/1/421 655/1/422 
f 656/1/423 646/1/413 649/1/416 657/1/424 
f 654/1/421 658/1/425 612/1/380 
f 654/1/421 653/1/420 659/1/426 658/1/425 
f 654/1/421 660/1/427 661/1/428 655/1/422 
f 654/1/421 662/1/429 663/1/430 660/1/427 
f 654/1/421 612/1/380 611/1/379 662/1/429 
f 616/1/384 664/1/431 665/1/432 666/1/433 
f 616/1/384 615/1/383 667/1/383 664/1/431 
f 616/1/384 668/1/434 669/1/385 617/1/385 
f 616/1/384 666/1/433 670/1/435 668/1/434 
f 671/1/436 606/1/374 609/1/377 672/1/437 
f 671/1/436 673/1/438 644/1/412 606/1/374 
f 670/1/435 674/1/439 675/1/440 668/1/434 
f 675/1/440 674/1/439 676/1/441 677/1/442 
f 675/1/440 677/1/442 678/1/443 679/1/385 
f 675/1/440 679/1/385 669/1/385 668/1/434 
f 656/1/423 680/1/444 650/1/417 646/1/413 
f 681/1/445 656/1/423 657/1/424 682/1/446 
f 681/1/445 683/1/447 680/1/444 656/1/423 
f 669/1/385 679/1/385 684/1/448 685/1/448 
f 669/1/385 685/1/448 686/1/448 617/1/385 
f 686/1/448 687/1/449 614/1/382 617/1/385 
f 687/1/449 688/1/450 615/1/383 614/1/382 
f 688/1/450 689/1/450 667/1/383 615/1/383 
f 667/1/383 689/1/450 690/1/450 691/1/451 
f 692/1/452 681/1/445 682/1/446 693/1/453 
f 692/1/452 694/1/454 683/1/447 681/1/445 
f 695/1/455 692/1/452 693/1/453 696/1/456 
f 691/1/451 697/1/451 698/1/457 699/1/458 
f 691/1/451 699/1/458 664/1/431 667/1/383 
f 699/1/458 698/1/457 700/1/459 701/1/460 
f 699/1/458 701/1/460 665/1/432 664/1/431 
f 702/1/461 671/1/436 672/1/437 703/1/462 
f 702/1/461 704/1/438 673/1/438 671/1/436 
f 705/1/463 702/1/461 703/1/462 706/1/464 
f 705/1/463 707/1/438 704/1/438 702/1/461 
f 708/1/465 705/1/463 706/1/464 709/1/466 
f 708/1/465 710/1/438 707/1/438 705/1/463 
f 711/1/467 708/1/465 709/1/466 712/1/468 
f 711/1/467 713/1/438 710/1/438 708/1/465 
f 714/1/469 711/1/467 712/1/468 715/1/470 
f 714/1/469 716/1/438 713/1/438 711/1/467 
f 717/1/471 714/1/469 715/1/470 718/1/472 
f 717/1/471 719/1/473 716/1/438 714/1/469 
f 720/1/474 717/1/471 718/1/472 721/1/475 
f 720/1/474 722/1/473 719/1/473 717/1/471 
f 723/1/476 720/1/474 721/1/475 724/1/477 
f 723/1/476 725/1/478 722/1/473 720/1/474 
f 726/1/479 723/1/476 724/1/477 727/1/480 
f 726/1/479 728/1/478 725/1/478 723/1/476 
f 729/1/481 726/1/479 727/1/480 730/1/482 
f 729/1/481 731/1/483 728/1/478 726/1/479 
f 732/1/484 729/1/481 730/1/482 733/1/485 
f 732/1/484 734/1/486 731/1/483 729/1/481 
f 735/1/487 736/1/488 633/1/401 632/1/400 
f 735/1/487 732/1/484 733/1/485 736/1/488 
f 737/1/489 735/1/487 632/1/400 634/1/402 
f 737/1/489 734/1/486 732/1/484 735/1/487 
f 607/1/375 645/1/410 642/1/410 638/1/406 
f 607/1/375 638/1/406 637/1/405 608/1/376 
f 642/1/410 645/1/410 738/1/394 739/1/394 
f 634/1/402 740/1/490 741/1/491 737/1/489 
f 742/1/492 740/1/490 634/1/402 623/1/391 
f 642/1/410 739/1/394 626/1/394 643/1/411 
f 645/1/410 644/1/412 743/1/394 738/1/394 
f 644/1/412 673/1/438 744/1/394 743/1/394 
f 673/1/438 704/1/438 745/1/394 744/1/394 
f 704/1/438 707/1/438 746/1/394 745/1/394 
f 707/1/438 710/1/438 747/1/394 746/1/394 
f 710/1/438 713/1/438 748/1/394 747/1/394 
f 713/1/438 716/1/438 749/1/394 748/1/394 
f 716/1/438 719/1/473 750/1/394 749/1/394 
f 719/1/473 722/1/473 751/1/394 750/1/394 
f 722/1/473 725/1/478 752/1/394 751/1/394 
f 725/1/478 728/1/478 753/1/394 752/1/394 
f 754/1/493 628/1/396 631/1/399 755/1/494 
f 754/1/493 756/1/495 629/1/397 628/1/396 
f 757/1/496 754/1/493 755/1/494 758/1/497 
f 757/1/496 759/1/495 756/1/495 754/1/493 
f 760/1/498 757/1/496 758/1/497 761/1/499 
f 760/1/498 762/1/500 759/1/495 757/1/496 
f 763/1/501 760/1/498 761/1/499 764/1/502 
f 763/1/501 765/1/503 762/1/500 760/1/498 
f 766/1/504 763/1/501 764/1/502 767/1/505 
f 663/1/430 662/1/429 768/1/506 769/1/507 
f 768/1/506 662/1/429 611/1/379 610/1/378 
f 770/1/508 648/1/415 647/1/414 771/1/509 
f 770/1/508 771/1/509 660/1/427 663/1/430 
f 771/1/509 647/1/414 651/1/418 772/1/510 
f 771/1/509 772/1/510 661/1/428 660/1/427 
f 695/1/455 773/1/511 694/1/454 692/1/452 
f 774/1/512 695/1/455 696/1/456 775/1/513 
f 661/1/428 772/1/510 776/1/514 777/1/515 
f 661/1/428 777/1/515 778/1/516 655/1/422 
f 774/1/512 779/1/517 773/1/511 695/1/455 
f 778/1/516 780/1/518 652/1/419 655/1/422 
f 780/1/518 781/1/448 653/1/420 652/1/419 
f 781/1/448 782/1/448 659/1/426 653/1/420 
f 783/1/519 774/1/512 775/1/513 784/1/520 
f 783/1/519 785/1/511 779/1/517 774/1/512 
f 659/1/426 782/1/448 786/1/448 787/1/521 
f 786/1/448 788/1/448 789/1/521 787/1/521 
f 790/1/522 783/1/519 784/1/520 791/1/523 
f 790/1/522 792/1/524 785/1/511 783/1/519 
f 789/1/521 788/1/448 793/1/448 794/1/521 
f 793/1/448 795/1/448 796/1/525 794/1/521 
f 797/1/526 790/1/522 791/1/523 798/1/527 
f 797/1/526 799/1/528 792/1/524 790/1/522 
f 796/1/525 795/1/448 800/1/448 801/1/525 
f 800/1/448 802/1/448 803/1/525 801/1/525 
f 804/1/529 797/1/526 798/1/527 805/1/530 
f 804/1/529 806/1/531 799/1/528 797/1/526 
f 803/1/525 802/1/448 807/1/448 808/1/525 
f 807/1/448 809/1/448 810/1/532 808/1/525 
f 811/1/533 804/1/529 805/1/530 812/1/534 
f 811/1/533 813/1/535 806/1/531 804/1/529 
f 810/1/532 809/1/448 814/1/448 815/1/532 
f 814/1/448 816/1/448 817/1/536 815/1/532 
f 818/1/537 819/1/538 640/1/408 639/1/407 
f 818/1/537 811/1/533 812/1/534 819/1/538 
f 817/1/536 816/1/448 820/1/448 821/1/539 
f 820/1/448 822/1/448 823/1/540 821/1/539 
f 824/1/541 818/1/537 639/1/407 641/1/409 
f 824/1/541 813/1/535 811/1/533 818/1/537 
f 823/1/540 822/1/448 825/1/448 826/1/539 
f 825/1/448 827/1/448 678/1/443 826/1/539 
f 827/1/448 684/1/448 679/1/385 678/1/443 
f 823/1/540 826/1/539 828/1/542 829/1/543 
f 823/1/540 829/1/543 830/1/544 821/1/539 
f 830/1/544 829/1/543 831/1/545 832/1/546 
f 830/1/544 832/1/546 833/1/547 834/1/548 
f 830/1/544 834/1/548 817/1/536 821/1/539 
f 834/1/548 833/1/547 835/1/549 836/1/550 
f 834/1/548 836/1/550 815/1/532 817/1/536 
f 836/1/550 835/1/549 837/1/551 838/1/552 
f 836/1/550 838/1/552 810/1/532 815/1/532 
f 838/1/552 837/1/551 839/1/553 840/1/554 
f 838/1/552 840/1/554 808/1/525 810/1/532 
f 840/1/554 839/1/553 841/1/555 842/1/556 
f 840/1/554 842/1/556 803/1/525 808/1/525 
f 842/1/556 841/1/555 843/1/557 844/1/558 
f 842/1/556 844/1/558 801/1/525 803/1/525 
f 844/1/558 843/1/557 845/1/559 846/1/560 
f 844/1/558 846/1/560 796/1/525 801/1/525 
f 846/1/560 845/1/559 847/1/561 848/1/562 
f 846/1/560 848/1/562 794/1/521 796/1/525 
f 848/1/562 847/1/561 849/1/563 850/1/564 
f 848/1/562 850/1/564 789/1/521 794/1/521 
f 850/1/564 849/1/563 613/1/381 851/1/565 
f 850/1/564 851/1/565 787/1/521 789/1/521 
f 851/1/565 613/1/381 612/1/380 658/1/425 
f 851/1/565 658/1/425 659/1/426 787/1/521 
f 766/1/504 852/1/566 765/1/503 763/1/501 
f 853/1/567 766/1/504 767/1/505 854/1/568 
f 853/1/567 855/1/569 852/1/566 766/1/504 
f 856/1/570 853/1/567 854/1/568 857/1/571 
f 856/1/570 858/1/572 855/1/569 853/1/567 
f 859/1/573 856/1/570 857/1/571 860/1/574 
f 859/1/573 861/1/572 858/1/572 856/1/570 
f 862/1/575 859/1/573 860/1/574 863/1/576 
f 862/1/575 864/1/569 861/1/572 859/1/573 
f 865/1/577 862/1/575 863/1/576 866/1/578 
f 865/1/577 867/1/579 864/1/569 862/1/575 
f 868/1/580 865/1/577 866/1/578 869/1/581 
f 868/1/580 870/1/582 867/1/579 865/1/577 
f 871/1/583 872/1/584 700/1/459 698/1/457 
f 871/1/583 868/1/580 869/1/581 872/1/584 
f 873/1/585 831/1/545 829/1/543 828/1/542 
f 873/1/585 828/1/542 677/1/442 676/1/441 
f 828/1/542 826/1/539 678/1/443 677/1/442 
f 734/1/486 737/1/489 741/1/491 874/1/586 
f 776/1/514 772/1/510 651/1/418 875/1/587 
f 875/1/587 651/1/418 650/1/417 876/1/588 
f 876/1/588 650/1/417 680/1/444 877/1/589 
f 877/1/589 680/1/444 683/1/447 878/1/590 
f 878/1/590 683/1/447 694/1/454 879/1/591 
f 879/1/591 694/1/454 773/1/511 880/1/591 
f 880/1/591 773/1/511 779/1/517 881/1/591 
f 881/1/591 779/1/517 785/1/511 882/1/592 
f 882/1/592 785/1/511 792/1/524 883/1/593 
f 883/1/593 792/1/524 799/1/528 884/1/594 
f 884/1/594 799/1/528 806/1/531 885/1/595 
f 885/1/595 806/1/531 813/1/535 886/1/596 
f 886/1/596 813/1/535 824/1/541 887/1/597 
f 887/1/597 824/1/541 641/1/409 888/1/598 
f 888/1/598 641/1/409 619/1/387 618/1/386 
f 621/1/389 620/1/388 643/1/411 626/1/394 
f 627/1/395 626/1/394 739/1/394 889/1/394 
f 889/1/394 739/1/394 738/1/394 890/1/394 
f 890/1/394 738/1/394 743/1/394 891/1/394 
f 891/1/394 743/1/394 744/1/394 892/1/394 
f 892/1/394 744/1/394 745/1/394 893/1/394 
f 893/1/394 745/1/394 746/1/394 894/1/394 
f 894/1/394 746/1/394 747/1/394 895/1/394 
f 895/1/394 747/1/394 748/1/394 896/1/394 
f 896/1/394 748/1/394 749/1/394 897/1/394 
f 897/1/394 749/1/394 750/1/394 898/1/394 
f 898/1/394 750/1/394 751/1/394 899/1/394 
f 899/1/394 751/1/394 752/1/394 900/1/394 
f 900/1/394 752/1/394 753/1/394 901/1/394 
f 901/1/394 753/1/394 902/1/394 903/1/394 
f 903/1/394 902/1/394 874/1/586 904/1/394 
f 904/1/394 874/1/586 741/1/491 905/1/599 
f 905/1/599 741/1/491 740/1/490 906/1/600 
f 906/1/600 740/1/490 742/1/492 907/1/601 
f 907/1/601 742/1/492 908/1/602 909/1/394 
f 908/1/602 742/1/492 623/1/391 622/1/390 
f 908/1/602 622/1/390 625/1/393 910/1/603 
f 910/1/603 625/1/393 629/1/397 911/1/450 
f 911/1/450 629/1/397 756/1/495 912/1/450 
f 912/1/450 756/1/495 759/1/495 913/1/450 
f 913/1/450 759/1/495 762/1/500 914/1/450 
f 914/1/450 762/1/500 765/1/503 915/1/450 
f 915/1/450 765/1/503 852/1/566 916/1/450 
f 916/1/450 852/1/566 855/1/569 917/1/450 
f 917/1/450 855/1/569 858/1/572 918/1/450 
f 918/1/450 858/1/572 861/1/572 919/1/450 
f 919/1/450 861/1/572 864/1/569 920/1/450 
f 920/1/450 864/1/569 867/1/579 921/1/450 
f 921/1/450 867/1/579 870/1/582 922/1/450 
f 922/1/450 870/1/582 923/1/451 924/1/450 
f 924/1/450 923/1/451 697/1/451 925/1/450 
f 925/1/450 697/1/451 691/1/451 690/1/450 
f 731/1/483 734/1/486 874/1/586 902/1/394 
f 728/1/478 731/1/483 902/1/394 753/1/394 
f 923/1/451 870/1/582 868/1/580 871/1/583 
f 923/1/451 871/1/583 698/1/457 697/1/451 
f 926/2/604 927/3/605 928/4/606 929/5/607 
f 929/5/607 928/4/606 930/6/608 931/7/609 
f 931/7/609 930/6/608 932/8/610 933/9/611 
f 933/9/611 932/8/610 934/10/612 935/11/613 
f 935/11/613 934/10/612 936/12/614 937/13/615 
f 937/13/615 936/12/614 938/14/616 939/15/617 
f 939/15/617 938/14/616 940/16/618 941/17/619 
f 941/17/619 940/16/618 927/18/605 926/19/604 
f 942/20/620 943/20/621 944/20/622 945/20/623 
f 946/20/624 947/20/625 948/20/626 949/20/627 
f 945/20/623 944/20/622 948/20/626 947/20/625 
f 943/20/621 950/20/628 951/20/629 944/20/622 
f 949/20/627 948/20/626 952/20/630 953/20/631 
f 944/20/622 951/20/629 952/20/630 948/20/626 
f 950/20/628 954/20/632 955/20/633 951/20/629 
f 953/20/631 952/20/630 956/20/634 957/20/635 
f 951/20/629 955/20/633 956/20/634 952/20/630 
f 958/20/636 959/20/637 960/20/638 961/20/639 
f 962/20/640 963/20/641 964/20/642 965/20/643 
f 959/20/637 964/20/642 963/20/641 960/20/638 
f 958/20/636 966/20/644 967/20/645 959/20/637 
f 965/20/643 964/20/642 968/20/646 969/20/647 
f 959/20/637 967/20/645 968/20/646 964/20/642 
f 966/20/644 942/20/620 945/20/623 967/20/645 
f 969/20/647 968/20/646 947/20/625 946/20/624 
f 967/20/645 945/20/623 947/20/625 968/20/646 
f 970/21/648 971/22/649 972/23/650 973/24/651 
f 973/24/651 972/23/650 974/25/652 975/26/653 
f 975/26/653 974/25/652 976/27/654 977/28/655 
f 977/28/655 976/27/654 978/29/656 979/30/657 
f 979/30/657 978/29/656 980/31/658 981/32/659 
f 981/32/659 980/31/658 982/33/660 983/34/661 
f 983/34/661 982/33/660 984/35/662 985/36/663 
f 985/36/663 984/35/662 971/37/649 970/38/648 
f 971/22/649 986/39/649 987/40/650 972/23/650 
f 972/23/650 987/40/650 988/41/652 974/25/652 
f 974/25/652 988/41/652 989/42/654 976/27/654 
f 976/27/654 989/42/654 990/43/656 978/29/656 
f 978/29/656 990/43/656 991/44/658 980/31/658 
f 980/31/658 991/44/658 992/45/664 982/33/660 
f 982/33/660 992/45/664 993/46/665 984/35/662 
f 984/35/662 993/46/665 986/47/649 971/48/649 
f 962/49/640 926/50/604 929/51/607 994/52/666 
f 994/52/666 929/51/607 931/53/609 957/54/635 
f 957/54/635 931/53/609 933/55/611 953/56/631 
f 953/56/631 933/55/611 935/57/613 949/58/627 
f 949/58/627 935/57/613 937/59/615 946/60/624 
f 946/60/624 937/59/615 939/61/617 969/62/647 
f 969/62/647 939/61/617 941/63/619 965/64/643 
f 965/64/643 941/63/619 926/50/604 962/49/640 
f 995/20/667 996/20/668 997/20/669 998/20/670 
f 927/20/605 995/20/667 998/20/670 928/20/606 
f 970/20/648 973/20/651 997/20/669 996/20/668 
f 998/20/670 997/20/669 999/20/671 1000/20/672 
f 928/20/606 998/20/670 1000/20/672 930/20/608 
f 973/20/651 975/20/653 999/20/671 997/20/669 
f 1000/20/672 999/20/671 1001/20/673 1002/20/674 
f 930/20/608 1000/20/672 1002/20/674 932/20/610 
f 975/20/653 977/20/655 1001/20/673 999/20/671 
f 1002/20/674 1001/20/673 1003/20/675 1004/20/676 
f 932/20/610 1002/20/674 1004/20/676 934/20/612 
f 977/20/655 979/20/657 1003/20/675 1001/20/673 
f 1004/20/676 1003/20/675 1005/20/677 1006/20/678 
f 934/20/612 1004/20/676 1006/20/678 936/20/614 
f 979/20/657 981/20/659 1005/20/677 1003/20/675 
f 1006/20/678 1005/20/677 1007/20/679 1008/20/680 
f 936/20/614 1006/20/678 1008/20/680 938/20/616 
f 981/20/659 983/20/661 1007/20/679 1005/20/677 
f 1008/20/680 1007/20/679 1009/20/681 1010/20/682 
f 938/20/616 1008/20/680 1010/20/682 940/20/618 
f 983/20/661 985/20/663 1009/20/681 1007/20/679 
f 1010/20/682 1009/20/681 996/20/668 995/20/667 
f 940/20/618 1010/20/682 995/20/667 927/20/605 
f 985/20/663 970/20/648 996/20/668 1009/20/681 
f 960/20/638 963/20/641 1011/20/683 1012/20/684 
f 962/20/640 994/20/666 1011/20/683 963/20/641 
f 961/20/639 960/20/638 1012/20/684 1013/20/685 
f 1012/20/684 1011/20/683 956/20/634 955/20/633 
f 994/20/666 957/20/635 956/20/634 1011/20/683 
f 1013/20/685 1012/20/684 955/20/633 954/20/632 
f 1014/20/686 1015/20/394 1016/20/687 1017/20/688 
f 1018/20/394 1019/20/689 1020/20/690 1021/20/691 
f 1022/20/692 1023/20/693 1024/20/448 1025/20/694 
f 1026/20/693 1027/20/695 1028/20/696 1029/20/448 
f 1017/20/688 1030/20/697 1031/20/450 1014/20/686 
f 1032/20/698 1022/20/692 1025/20/694 1033/20/450 
f 1019/20/689 1034/20/699 1035/20/700 1020/20/690 
f 1036/20/699 1028/20/696 1027/20/695 1037/20/700 
f 1022/20/692 1032/20/698 1038/20/701 
f 1022/20/692 1038/20/701 1023/20/693 
f 1039/20/702 1037/20/700 1027/20/695 
f 1039/20/702 1027/20/695 1026/20/693 
f 1040/20/703 1021/20/691 1020/20/690 
f 1040/20/703 1020/20/690 1035/20/700 
f 1017/20/688 1016/20/687 1041/20/704 
f 1017/20/688 1041/20/704 1030/20/697 
f 1015/20/394 1042/20/394 1043/20/705 1016/20/687 
f 1042/20/394 1044/20/394 1045/20/706 1043/20/705 
f 1040/20/703 1046/20/707 1047/20/708 1048/20/709 
f 1044/20/394 1018/20/394 1021/20/691 1045/20/706 
f 1023/20/693 1049/20/693 1050/20/448 1024/20/448 
f 1051/20/710 1032/20/698 1033/20/450 1052/20/450 
f 1049/20/693 1053/20/693 1054/20/448 1050/20/448 
f 1055/20/711 1056/20/712 1057/20/713 1041/20/704 
f 1053/20/693 1026/20/693 1029/20/448 1054/20/448 
f 1038/20/701 1058/20/714 1049/20/693 1023/20/693 
f 1059/20/715 1030/20/697 1041/20/704 1057/20/713 
f 1048/20/709 1047/20/708 1056/20/712 1055/20/711 
f 1046/20/707 1060/20/716 1061/20/717 1047/20/708 
f 1058/20/714 1062/20/718 1053/20/693 1049/20/693 
f 1034/20/699 1063/20/699 1064/20/700 1035/20/700 
f 1062/20/718 1039/20/702 1026/20/693 1053/20/693 
f 1016/20/687 1043/20/705 1055/20/711 1041/20/704 
f 1046/20/707 1040/20/703 1035/20/700 1064/20/700 
f 1060/20/716 1039/20/702 1062/20/718 1061/20/717 
f 1043/20/705 1045/20/706 1048/20/709 1055/20/711 
f 1045/20/706 1021/20/691 1040/20/703 1048/20/709 
f 1065/20/699 1036/20/699 1037/20/700 1066/20/700 
f 1061/20/717 1062/20/718 1058/20/714 1067/20/719 
f 1051/20/710 1059/20/715 1057/20/713 1068/20/720 
f 1039/20/702 1060/20/716 1066/20/700 1037/20/700 
f 1030/20/697 1059/20/715 1069/20/450 1031/20/450 
f 1059/20/715 1051/20/710 1052/20/450 1069/20/450 
f 1063/20/699 1065/20/699 1066/20/700 1064/20/700 
f 1067/20/719 1058/20/714 1038/20/701 1068/20/720 
f 1056/20/712 1067/20/719 1068/20/720 1057/20/713 
f 1032/20/698 1051/20/710 1068/20/720 1038/20/701 
f 1060/20/716 1046/20/707 1064/20/700 1066/20/700 
f 1070/20/721 1071/20/722 1072/20/723 1073/20/724 
f 1056/20/712 1047/20/708 1070/20/721 1073/20/724 
f 1067/20/719 1056/20/712 1073/20/724 1072/20/723 
f 1061/20/717 1067/20/719 1072/20/723 1071/20/722 
f 1047/20/708 1061/20/717 1071/20/722 1070/20/721 
f 1074/1/725 1075/1/726 1076/1/727 1077/1/728 
f 1074/1/725 1077/1/728 1078/1/729 1079/1/730 
f 1074/1/725 1079/1/730 1080/1/731 1075/1/726 
f 1081/1/732 1082/1/733 1083/1/734 1084/1/735 
f 1081/1/732 1084/1/735 1085/1/736 1086/1/737 
f 1081/1/732 1086/1/737 1087/1/738 1082/1/733 
f 1088/1/739 1089/1/740 1090/1/741 1091/1/742 
f 1088/1/739 1091/1/742 1092/1/743 1093/1/744 
f 1088/1/739 1093/1/744 1094/1/745 1089/1/740 
f 1095/1/746 1096/1/747 1097/1/748 1098/1/749 
f 1095/1/746 1098/1/749 1099/1/750 1100/1/751 
f 1095/1/746 1100/1/751 1101/1/752 1096/1/747 
f 1101/1/752 1100/1/751 1089/1/740 1094/1/745 
f 1101/1/752 1094/1/745 1102/1/753 1103/1/754 
f 1101/1/752 1103/1/754 1104/1/755 1096/1/747 
f 1104/1/755 1105/1/756 1097/1/748 1096/1/747 
f 1104/1/755 1103/1/754 1106/1/757 1107/1/758 
f 1104/1/755 1107/1/758 1108/1/759 1105/1/756 
f 1108/1/759 1109/1/760 1110/1/761 1105/1/756 
f 1110/1/761 1109/1/760 1111/1/762 1112/1/763 
f 1110/1/761 1112/1/763 1079/1/730 1078/1/729 
f 1110/1/761 1078/1/729 1097/1/748 1105/1/756 
f 1112/1/763 1111/1/762 1113/1/764 1114/1/765 
f 1112/1/763 1114/1/765 1080/1/731 1079/1/730 
f 1114/1/765 1113/1/764 1115/1/766 1116/1/767 
f 1114/1/765 1116/1/767 1087/1/738 1080/1/731 
f 1116/1/767 1115/1/766 1117/1/768 1118/1/769 
f 1116/1/767 1118/1/769 1082/1/733 1087/1/738 
f 1118/1/769 1117/1/768 1119/1/770 1120/1/771 
f 1118/1/769 1120/1/771 1083/1/734 1082/1/733 
f 1120/1/771 1119/1/770 1121/1/772 1122/1/773 
f 1120/1/771 1122/1/773 1092/1/743 1083/1/734 
f 1122/1/773 1121/1/772 1123/1/774 1124/1/775 
f 1122/1/773 1124/1/775 1093/1/744 1092/1/743 
f 1124/1/775 1123/1/774 1125/1/776 1102/1/753 
f 1124/1/775 1102/1/753 1094/1/745 1093/1/744 
f 1125/1/776 1106/1/757 1103/1/754 1102/1/753 
f 1100/1/751 1099/1/750 1090/1/741 1089/1/740 
f 1099/1/750 1098/1/749 1077/1/728 1076/1/727 
f 1099/1/750 1076/1/727 1085/1/736 1090/1/741 
f 1098/1/749 1097/1/748 1078/1/729 1077/1/728 
f 1092/1/743 1091/1/742 1084/1/735 1083/1/734 
f 1091/1/742 1090/1/741 1085/1/736 1084/1/735 
f 1087/1/738 1086/1/737 1075/1/726 1080/1/731 
f 1086/1/737 1085/1/736 1076/1/727 1075/1/726 
f 1126/1/725 1127/1/726 1128/1/727 1129/1/728 
f 1126/1/725 1129/1/728 1130/1/729 1131/1/730 
f 1126/1/725 1131/1/730 1132/1/731 1127/1/726 
f 1133/1/732 1134/1/777 1135/1/734 1136/1/735 
f 1133/1/732 1136/1/735 1137/1/736 1138/1/778 
f 1133/1/732 1138/1/778 1139/1/738 1134/1/777 
f 1140/1/739 1141/1/740 1142/1/741 1143/1/742 
f 1140/1/739 1143/1/742 1144/1/743 1145/1/779 
f 1140/1/739 1145/1/779 1146/1/745 1141/1/740 
f 1147/1/780 1148/1/747 1149/1/748 1150/1/749 
f 1147/1/780 1150/1/749 1151/1/750 1152/1/751 
f 1147/1/780 1152/1/751 1153/1/752 1148/1/747 
f 1153/1/752 1152/1/751 1141/1/740 1146/1/745 
f 1153/1/752 1146/1/745 1154/1/753 1155/1/754 
f 1153/1/752 1155/1/754 1156/1/755 1148/1/747 
f 1156/1/755 1157/1/756 1149/1/748 1148/1/747 
f 1156/1/755 1155/1/754 1158/1/757 1159/1/758 
f 1156/1/755 1159/1/758 1160/1/759 1157/1/756 
f 1160/1/759 1161/1/760 1162/1/781 1157/1/756 
f 1162/1/781 1161/1/760 1163/1/762 1164/1/763 
f 1162/1/781 1164/1/763 1131/1/730 1130/1/729 
f 1162/1/781 1130/1/729 1149/1/748 1157/1/756 
f 1164/1/763 1163/1/762 1165/1/764 1166/1/765 
f 1164/1/763 1166/1/765 1132/1/731 1131/1/730 
f 1166/1/765 1165/1/764 1167/1/766 1168/1/767 
f 1166/1/765 1168/1/767 1139/1/738 1132/1/731 
f 1168/1/767 1167/1/766 1169/1/768 1170/1/769 
f 1168/1/767 1170/1/769 1134/1/777 1139/1/738 
f 1170/1/769 1169/1/768 1171/1/770 1172/1/771 
f 1170/1/769 1172/1/771 1135/1/734 1134/1/777 
f 1172/1/771 1171/1/770 1173/1/772 1174/1/773 
f 1172/1/771 1174/1/773 1144/1/743 1135/1/734 
f 1174/1/773 1173/1/772 1175/1/774 1176/1/775 
f 1174/1/773 1176/1/775 1145/1/779 1144/1/743 
f 1176/1/775 1175/1/774 1177/1/776 1154/1/753 
f 1176/1/775 1154/1/753 1146/1/745 1145/1/779 
f 1177/1/776 1158/1/757 1155/1/754 1154/1/753 
f 1152/1/751 1151/1/750 1142/1/741 1141/1/740 
f 1151/1/750 1150/1/749 1129/1/728 1128/1/727 
f 1151/1/750 1128/1/727 1137/1/736 1142/1/741 
f 1150/1/749 1149/1/748 1130/1/729 1129/1/728 
f 1144/1/743 1143/1/742 1136/1/735 1135/1/734 
f 1143/1/742 1142/1/741 1137/1/736 1136/1/735 
f 1139/1/738 1138/1/778 1127/1/726 1132/1/731 
f 1138/1/778 1137/1/736 1128/1/727 1127/1/726 
f 1178/1/725 1179/1/726 1180/1/727 1181/1/728 
f 1178/1/725 1181/1/728 1182/1/729 1183/1/730 
f 1178/1/725 1183/1/730 1184/1/731 1179/1/726 
f 1185/1/732 1186/1/782 1187/1/734 1188/1/735 
f 1185/1/732 1188/1/735 1189/1/736 1190/1/737 
f 1185/1/732 1190/1/737 1191/1/738 1186/1/782 
f 1192/1/739 1193/1/740 1194/1/741 1195/1/783 
f 1192/1/739 1195/1/783 1196/1/743 1197/1/779 
f 1192/1/739 1197/1/779 1198/1/745 1193/1/740 
f 1199/1/780 1200/1/747 1201/1/748 1202/1/749 
f 1199/1/780 1202/1/749 1203/1/750 1204/1/751 
f 1199/1/780 1204/1/751 1205/1/752 1200/1/747 
f 1205/1/752 1204/1/751 1193/1/740 1198/1/745 
f 1205/1/752 1198/1/745 1206/1/753 1207/1/754 
f 1205/1/752 1207/1/754 1208/1/755 1200/1/747 
f 1208/1/755 1209/1/756 1201/1/748 1200/1/747 
f 1208/1/755 1207/1/754 1210/1/757 1211/1/784 
f 1208/1/755 1211/1/784 1212/1/759 1209/1/756 
f 1212/1/759 1213/1/760 1214/1/781 1209/1/756 
f 1214/1/781 1213/1/760 1215/1/762 1216/1/763 
f 1214/1/781 1216/1/763 1183/1/730 1182/1/729 
f 1214/1/781 1182/1/729 1201/1/748 1209/1/756 
f 1216/1/763 1215/1/762 1217/1/764 1218/1/765 
f 1216/1/763 1218/1/765 1184/1/731 1183/1/730 
f 1218/1/765 1217/1/764 1219/1/766 1220/1/767 
f 1218/1/765 1220/1/767 1191/1/738 1184/1/731 
f 1220/1/767 1219/1/766 1221/1/768 1222/1/769 
f 1220/1/767 1222/1/769 1186/1/782 1191/1/738 
f 1222/1/769 1221/1/768 1223/1/770 1224/1/771 
f 1222/1/769 1224/1/771 1187/1/734 1186/1/782 
f 1224/1/771 1223/1/770 1225/1/785 1226/1/773 
f 1224/1/771 1226/1/773 1196/1/743 1187/1/734 
f 1226/1/773 1225/1/785 1227/1/774 1228/1/775 
f 1226/1/773 1228/1/775 1197/1/779 1196/1/743 
f 1228/1/775 1227/1/774 1229/1/776 1206/1/753 
f 1228/1/775 1206/1/753 1198/1/745 1197/1/779 
f 1229/1/776 1210/1/757 1207/1/754 1206/1/753 
f 1204/1/751 1203/1/750 1194/1/741 1193/1/740 
f 1203/1/750 1202/1/749 1181/1/728 1180/1/727 
f 1203/1/750 1180/1/727 1189/1/736 1194/1/741 
f 1202/1/749 1201/1/748 1182/1/729 1181/1/728 
f 1196/1/743 1195/1/783 1188/1/735 1187/1/734 
f 1195/1/783 1194/1/741 1189/1/736 1188/1/735 
f 1191/1/738 1190/1/737 1179/1/726 1184/1/731 
f 1190/1/737 1189/1/736 1180/1/727 1179/1/726 
f 1230/1/725 1231/1/786 1232/1/727 1233/1/728 
f 1230/1/725 1233/1/728 1234/1/729 1235/1/787 
f 1230/1/725 1235/1/787 1236/1/731 1231/1/786 
f 1237/1/732 1238/1/733 1239/1/734 1240/1/735 
f 1237/1/732 1240/1/735 1241/1/736 1242/1/737 
f 1237/1/732 1242/1/737 1243/1/788 1238/1/733 
f 1244/1/789 1245/1/740 1246/1/741 1247/1/742 
f 1244/1/789 1247/1/742 1248/1/743 1249/1/790 
f 1244/1/789 1249/1/790 1250/1/745 1245/1/740 
f 1251/1/746 1252/1/747 1253/1/748 1254/1/749 
f 1251/1/746 1254/1/749 1255/1/750 1256/1/751 
f 1251/1/746 1256/1/751 1257/1/791 1252/1/747 
f 1257/1/791 1256/1/751 1245/1/740 1250/1/745 
f 1257/1/791 1250/1/745 1258/1/753 1259/1/792 
f 1257/1/791 1259/1/792 1260/1/755 1252/1/747 
f 1260/1/755 1261/1/756 1253/1/748 1252/1/747 
f 1260/1/755 1259/1/792 1262/1/757 1263/1/758 
f 1260/1/755 1263/1/758 1264/1/759 1261/1/756 
f 1264/1/759 1265/1/760 1266/1/761 1261/1/756 
f 1266/1/761 1265/1/760 1267/1/762 1268/1/763 
f 1266/1/761 1268/1/763 1235/1/787 1234/1/729 
f 1266/1/761 1234/1/729 1253/1/748 1261/1/756 
f 1268/1/763 1267/1/762 1269/1/764 1270/1/765 
f 1268/1/763 1270/1/765 1236/1/731 1235/1/787 
f 1270/1/765 1269/1/764 1271/1/793 1272/1/767 
f 1270/1/765 1272/1/767 1243/1/788 1236/1/731 
f 1272/1/767 1271/1/793 1273/1/794 1274/1/795 
f 1272/1/767 1274/1/795 1238/1/733 1243/1/788 
f 1274/1/795 1273/1/794 1275/1/770 1276/1/771 
f 1274/1/795 1276/1/771 1239/1/734 1238/1/733 
f 1276/1/771 1275/1/770 1277/1/772 1278/1/773 
f 1276/1/771 1278/1/773 1248/1/743 1239/1/734 
f 1278/1/773 1277/1/772 1279/1/774 1280/1/775 
f 1278/1/773 1280/1/775 1249/1/790 1248/1/743 
f 1280/1/775 1279/1/774 1281/1/796 1258/1/753 
f 1280/1/775 1258/1/753 1250/1/745 1249/1/790 
f 1281/1/796 1262/1/757 1259/1/792 1258/1/753 
f 1256/1/751 1255/1/750 1246/1/741 1245/1/740 
f 1255/1/750 1254/1/749 1233/1/728 1232/1/727 
f 1255/1/750 1232/1/727 1241/1/736 1246/1/741 
f 1254/1/749 1253/1/748 1234/1/729 1233/1/728 
f 1248/1/743 1247/1/742 1240/1/735 1239/1/734 
f 1247/1/742 1246/1/741 1241/1/736 1240/1/735 
f 1243/1/788 1242/1/737 1231/1/786 1236/1/731 
f 1242/1/737 1241/1/736 1232/1/727 1231/1/786 
f 1282/1/725 1283/1/786 1284/1/727 1285/1/728 
f 1282/1/725 1285/1/728 1286/1/729 1287/1/797 
f 1282/1/725 1287/1/797 1288/1/731 1283/1/786 
f 1289/1/732 1290/1/777 1291/1/734 1292/1/735 
f 1289/1/732 1292/1/735 1293/1/736 1294/1/778 
f 1289/1/732 1294/1/778 1295/1/788 1290/1/777 
f 1296/1/789 1297/1/740 1298/1/741 1299/1/742 
f 1296/1/789 1299/1/742 1300/1/743 1301/1/744 
f 1296/1/789 1301/1/744 1302/1/745 1297/1/740 
f 1303/1/798 1304/1/747 1305/1/748 1306/1/749 
f 1303/1/798 1306/1/749 1307/1/750 1308/1/751 
f 1303/1/798 1308/1/751 1309/1/791 1304/1/747 
f 1309/1/791 1308/1/751 1297/1/740 1302/1/745 
f 1309/1/791 1302/1/745 1310/1/753 1311/1/792 
f 1309/1/791 1311/1/792 1312/1/755 1304/1/747 
f 1312/1/755 1313/1/756 1305/1/748 1304/1/747 
f 1312/1/755 1311/1/792 1314/1/757 1315/1/758 
f 1312/1/755 1315/1/758 1316/1/759 1313/1/756 
f 1316/1/759 1317/1/760 1318/1/781 1313/1/756 
f 1318/1/781 1317/1/760 1319/1/762 1320/1/763 
f 1318/1/781 1320/1/763 1287/1/797 1286/1/729 
f 1318/1/781 1286/1/729 1305/1/748 1313/1/756 
f 1320/1/763 1319/1/762 1321/1/764 1322/1/765 
f 1320/1/763 1322/1/765 1288/1/731 1287/1/797 
f 1322/1/765 1321/1/764 1323/1/793 1324/1/767 
f 1322/1/765 1324/1/767 1295/1/788 1288/1/731 
f 1324/1/767 1323/1/793 1325/1/794 1326/1/769 
f 1324/1/767 1326/1/769 1290/1/777 1295/1/788 
f 1326/1/769 1325/1/794 1327/1/770 1328/1/771 
f 1326/1/769 1328/1/771 1291/1/734 1290/1/777 
f 1328/1/771 1327/1/770 1329/1/772 1330/1/773 
f 1328/1/771 1330/1/773 1300/1/743 1291/1/734 
f 1330/1/773 1329/1/772 1331/1/774 1332/1/775 
f 1330/1/773 1332/1/775 1301/1/744 1300/1/743 
f 1332/1/775 1331/1/774 1333/1/796 1310/1/753 
f 1332/1/775 1310/1/753 1302/1/745 1301/1/744 
f 1333/1/796 1314/1/757 1311/1/792 1310/1/753 
f 1308/1/751 1307/1/750 1298/1/741 1297/1/740 
f 1307/1/750 1306/1/749 1285/1/728 1284/1/727 
f 1307/1/750 1284/1/727 1293/1/736 1298/1/741 
f 1306/1/749 1305/1/748 1286/1/729 1285/1/728 
f 1300/1/743 1299/1/742 1292/1/735 1291/1/734 
f 1299/1/742 1298/1/741 1293/1/736 1292/1/735 
f 1295/1/788 1294/1/778 1283/1/786 1288/1/731 
f 1294/1/778 1293/1/736 1284/1/727 1283/1/786 
f 1334/1/725 1335/1/786 1336/1/727 1337/1/728 
f 1334/1/725 1337/1/728 1338/1/729 1339/1/787 
f 1334/1/725 1339/1/787 1340/1/731 1335/1/786 
f 1341/1/732 1342/1/782 1343/1/734 1344/1/735 
f 1341/1/732 1344/1/735 1345/1/736 1346/1/737 
f 1341/1/732 1346/1/737 1347/1/788 1342/1/782 
f 1348/1/789 1349/1/740 1350/1/741 1351/1/783 
f 1348/1/789 1351/1/783 1352/1/743 1353/1/744 
f 1348/1/789 1353/1/744 1354/1/745 1349/1/740 
f 1355/1/798 1356/1/747 1357/1/748 1358/1/749 
f 1355/1/798 1358/1/749 1359/1/750 1360/1/751 
f 1355/1/798 1360/1/751 1361/1/791 1356/1/747 
f 1361/1/791 1360/1/751 1349/1/740 1354/1/745 
f 1361/1/791 1354/1/745 1362/1/753 1363/1/792 
f 1361/1/791 1363/1/792 1364/1/755 1356/1/747 
f 1364/1/755 1365/1/756 1357/1/748 1356/1/747 
f 1364/1/755 1363/1/792 1366/1/757 1367/1/784 
f 1364/1/755 1367/1/784 1368/1/759 1365/1/756 
f 1368/1/759 1369/1/760 1370/1/781 1365/1/756 
f 1370/1/781 1369/1/760 1371/1/762 1372/1/763 
f 1370/1/781 1372/1/763 1339/1/787 1338/1/729 
f 1370/1/781 1338/1/729 1357/1/748 1365/1/756 
f 1372/1/763 1371/1/762 1373/1/764 1374/1/765 
f 1372/1/763 1374/1/765 1340/1/731 1339/1/787 
f 1374/1/765 1373/1/764 1375/1/793 1376/1/767 
f 1374/1/765 1376/1/767 1347/1/788 1340/1/731 
f 1376/1/767 1375/1/793 1377/1/768 1378/1/769 
f 1376/1/767 1378/1/769 1342/1/782 1347/1/788 
f 1378/1/769 1377/1/768 1379/1/770 1380/1/771 
f 1378/1/769 1380/1/771 1343/1/734 1342/1/782 
f 1380/1/771 1379/1/770 1381/1/785 1382/1/773 
f 1380/1/771 1382/1/773 1352/1/743 1343/1/734 
f 1382/1/773 1381/1/785 1383/1/774 1384/1/799 
f 1382/1/773 1384/1/799 1353/1/744 1352/1/743 
f 1384/1/799 1383/1/774 1385/1/796 1362/1/753 
f 1384/1/799 1362/1/753 1354/1/745 1353/1/744 
f 1385/1/796 1366/1/757 1363/1/792 1362/1/753 
f 1360/1/751 1359/1/750 1350/1/741 1349/1/740 
f 1359/1/750 1358/1/749 1337/1/728 1336/1/727 
f 1359/1/750 1336/1/727 1345/1/736 1350/1/741 
f 1358/1/749 1357/1/748 1338/1/729 1337/1/728 
f 1352/1/743 1351/1/783 1344/1/735 1343/1/734 
f 1351/1/783 1350/1/741 1345/1/736 1344/1/735 
f 1347/1/788 1346/1/737 1335/1/786 1340/1/731 
f 1346/1/737 1345/1/736 1336/1/727 1335/1/786 
f 1386/1/725 1387/1/786 1388/1/727 1389/1/728 
f 1386/1/725 1389/1/728 1390/1/729 1391/1/730 
f 1386/1/725 1391/1/730 1392/1/731 1387/1/786 
f 1393/1/732 1394/1/733 1395/1/734 1396/1/735 
f 1393/1/732 1396/1/735 1397/1/736 1398/1/737 
f 1393/1/732 1398/1/737 1399/1/788 1394/1/733 
f 1400/1/739 1401/1/740 1402/1/741 1403/1/742 
f 1400/1/739 1403/1/742 1404/1/743 1405/1/744 
f 1400/1/739 1405/1/744 1406/1/745 1401/1/740 
f 1407/1/746 1408/1/747 1409/1/748 1410/1/749 
f 1407/1/746 1410/1/749 1411/1/750 1412/1/751 
f 1407/1/746 1412/1/751 1413/1/752 1408/1/747 
f 1413/1/752 1412/1/751 1401/1/740 1406/1/745 
f 1413/1/752 1406/1/745 1414/1/753 1415/1/754 
f 1413/1/752 1415/1/754 1416/1/755 1408/1/747 
f 1416/1/755 1417/1/756 1409/1/748 1408/1/747 
f 1416/1/755 1415/1/754 1418/1/757 1419/1/758 
f 1416/1/755 1419/1/758 1420/1/759 1417/1/756 
f 1420/1/759 1421/1/760 1422/1/761 1417/1/756 
f 1422/1/761 1421/1/760 1423/1/800 1424/1/763 
f 1422/1/761 1424/1/763 1391/1/730 1390/1/729 
f 1422/1/761 1390/1/729 1409/1/748 1417/1/756 
f 1424/1/763 1423/1/800 1425/1/764 1426/1/765 
f 1424/1/763 1426/1/765 1392/1/731 1391/1/730 
f 1426/1/765 1425/1/764 1427/1/793 1428/1/767 
f 1426/1/765 1428/1/767 1399/1/788 1392/1/731 
f 1428/1/767 1427/1/793 1429/1/794 1430/1/795 
f 1428/1/767 1430/1/795 1394/1/733 1399/1/788 
f 1430/1/795 1429/1/794 1431/1/770 1432/1/771 
f 1430/1/795 1432/1/771 1395/1/734 1394/1/733 
f 1432/1/771 1431/1/770 1433/1/772 1434/1/773 
f 1432/1/771 1434/1/773 1404/1/743 1395/1/734 
f 1434/1/773 1433/1/772 1435/1/774 1436/1/775 
f 1434/1/773 1436/1/775 1405/1/744 1404/1/743 
f 1436/1/775 1435/1/774 1437/1/776 1414/1/753 
f 1436/1/775 1414/1/753 1406/1/745 1405/1/744 
f 1437/1/776 1418/1/757 1415/1/754 1414/1/753 
f 1412/1/751 1411/1/750 1402/1/741 1401/1/740 
f 1411/1/750 1410/1/749 1389/1/728 1388/1/727 
f 1411/1/750 1388/1/727 1397/1/736 1402/1/741 
f 1410/1/749 1409/1/748 1390/1/729 1389/1/728 
f 1404/1/743 1403/1/742 1396/1/735 1395/1/734 
f 1403/1/742 1402/1/741 1397/1/736 1396/1/735 
f 1399/1/788 1398/1/737 1387/1/786 1392/1/731 
f 1398/1/737 1397/1/736 1388/1/727 1387/1/786 
f 1438/1/725 1439/1/786 1440/1/727 1441/1/728 
f 1438/1/725 1441/1/728 1442/1/729 1443/1/797 
f 1438/1/725 1443/1/797 1444/1/731 1439/1/786 
f 1445/1/732 1446/1/777 1447/1/734 1448/1/735 
f 1445/1/732 1448/1/735 1449/1/736 1450/1/778 
f 1445/1/732 1450/1/778 1451/1/788 1446/1/777 
f 1452/1/739 1453/1/740 1454/1/741 1455/1/742 
f 1452/1/739 1455/1/742 1456/1/743 1457/1/779 
f 1452/1/739 1457/1/779 1458/1/745 1453/1/740 
f 1459/1/780 1460/1/747 1461/1/748 1462/1/749 
f 1459/1/780 1462/1/749 1463/1/750 1464/1/751 
f 1459/1/780 1464/1/751 1465/1/752 1460/1/747 
f 1465/1/752 1464/1/751 1453/1/740 1458/1/745 
f 1465/1/752 1458/1/745 1466/1/753 1467/1/754 
f 1465/1/752 1467/1/754 1468/1/755 1460/1/747 
f 1468/1/755 1469/1/756 1461/1/748 1460/1/747 
f 1468/1/755 1467/1/754 1470/1/757 1471/1/758 
f 1468/1/755 1471/1/758 1472/1/759 1469/1/756 
f 1472/1/759 1473/1/760 1474/1/781 1469/1/756 
f 1474/1/781 1473/1/760 1475/1/800 1476/1/763 
f 1474/1/781 1476/1/763 1443/1/797 1442/1/729 
f 1474/1/781 1442/1/729 1461/1/748 1469/1/756 
f 1476/1/763 1475/1/800 1477/1/764 1478/1/765 
f 1476/1/763 1478/1/765 1444/1/731 1443/1/797 
f 1478/1/765 1477/1/764 1479/1/793 1480/1/767 
f 1478/1/765 1480/1/767 1451/1/788 1444/1/731 
f 1480/1/767 1479/1/793 1481/1/794 1482/1/795 
f 1480/1/767 1482/1/795 1446/1/777 1451/1/788 
f 1482/1/795 1481/1/794 1483/1/770 1484/1/771 
f 1482/1/795 1484/1/771 1447/1/734 1446/1/777 
f 1484/1/771 1483/1/770 1485/1/772 1486/1/773 
f 1484/1/771 1486/1/773 1456/1/743 1447/1/734 
f 1486/1/773 1485/1/772 1487/1/774 1488/1/775 
f 1486/1/773 1488/1/775 1457/1/779 1456/1/743 
f 1488/1/775 1487/1/774 1489/1/776 1466/1/753 
f 1488/1/775 1466/1/753 1458/1/745 1457/1/779 
f 1489/1/776 1470/1/757 1467/1/754 1466/1/753 
f 1464/1/751 1463/1/750 1454/1/741 1453/1/740 
f 1463/1/750 1462/1/749 1441/1/728 1440/1/727 
f 1463/1/750 1440/1/727 1449/1/736 1454/1/741 
f 1462/1/749 1461/1/748 1442/1/729 1441/1/728 
f 1456/1/743 1455/1/742 1448/1/735 1447/1/734 
f 1455/1/742 1454/1/741 1449/1/736 1448/1/735 
f 1451/1/788 1450/1/778 1439/1/786 1444/1/731 
f 1450/1/778 1449/1/736 1440/1/727 1439/1/786 
f 1490/1/725 1491/1/786 1492/1/727 1493/1/728 
f 1490/1/725 1493/1/728 1494/1/729 1495/1/730 
f 1490/1/725 1495/1/730 1496/1/731 1491/1/786 
f 1497/1/732 1498/1/782 1499/1/734 1500/1/735 
f 1497/1/732 1500/1/735 1501/1/736 1502/1/737 
f 1497/1/732 1502/1/737 1503/1/788 1498/1/782 
f 1504/1/739 1505/1/740 1506/1/741 1507/1/783 
f 1504/1/739 1507/1/783 1508/1/743 1509/1/779 
f 1504/1/739 1509/1/779 1510/1/745 1505/1/740 
f 1511/1/780 1512/1/747 1513/1/748 1514/1/749 
f 1511/1/780 1514/1/749 1515/1/750 1516/1/751 
f 1511/1/780 1516/1/751 1517/1/752 1512/1/747 
f 1517/1/752 1516/1/751 1505/1/740 1510/1/745 
f 1517/1/752 1510/1/745 1518/1/753 1519/1/754 
f 1517/1/752 1519/1/754 1520/1/755 1512/1/747 
f 1520/1/755 1521/1/756 1513/1/748 1512/1/747 
f 1520/1/755 1519/1/754 1522/1/757 1523/1/784 
f 1520/1/755 1523/1/784 1524/1/759 1521/1/756 
f 1524/1/759 1525/1/760 1526/1/781 1521/1/756 
f 1526/1/781 1525/1/760 1527/1/800 1528/1/763 
f 1526/1/781 1528/1/763 1495/1/730 1494/1/729 
f 1526/1/781 1494/1/729 1513/1/748 1521/1/756 
f 1528/1/763 1527/1/800 1529/1/764 1530/1/765 
f 1528/1/763 1530/1/765 1496/1/731 1495/1/730 
f 1530/1/765 1529/1/764 1531/1/793 1532/1/767 
f 1530/1/765 1532/1/767 1503/1/788 1496/1/731 
f 1532/1/767 1531/1/793 1533/1/768 1534/1/769 
f 1532/1/767 1534/1/769 1498/1/782 1503/1/788 
f 1534/1/769 1533/1/768 1535/1/770 1536/1/771 
f 1534/1/769 1536/1/771 1499/1/734 1498/1/782 
f 1536/1/771 1535/1/770 1537/1/785 1538/1/773 
f 1536/1/771 1538/1/773 1508/1/743 1499/1/734 
f 1538/1/773 1537/1/785 1539/1/774 1540/1/799 
f 1538/1/773 1540/1/799 1509/1/779 1508/1/743 
f 1540/1/799 1539/1/774 1541/1/776 1518/1/753 
f 1540/1/799 1518/1/753 1510/1/745 1509/1/779 
f 1541/1/776 1522/1/757 1519/1/754 1518/1/753 
f 1516/1/751 1515/1/750 1506/1/741 1505/1/740 
f 1515/1/750 1514/1/749 1493/1/728 1492/1/727 
f 1515/1/750 1492/1/727 1501/1/736 1506/1/741 
f 1514/1/749 1513/1/748 1494/1/729 1493/1/728 
f 1508/1/743 1507/1/783 1500/1/735 1499/1/734 
f 1507/1/783 1506/1/741 1501/1/736 1500/1/735 
f 1503/1/788 1502/1/737 1491/1/786 1496/1/731 
f 1502/1/737 1501/1/736 1492/1/727 1491/1/786 
f 1542/1/725 1543/1/786 1544/1/727 1545/1/728 
f 1542/1/725 1545/1/728 1546/1/729 1547/1/787 
f 1542/1/725 1547/1/787 1548/1/731 1543/1/786 
f 1549/1/801 1550/1/802 1551/1/734 1552/1/735 
f 1549/1/801 1552/1/735 1553/1/736 1554/1/778 
f 1549/1/801 1554/1/778 1555/1/788 1550/1/802 
f 1556/1/789 1557/1/740 1558/1/741 1559/1/742 
f 1556/1/789 1559/1/742 1560/1/743 1561/1/790 
f 1556/1/789 1561/1/790 1562/1/745 1557/1/740 
f 1563/1/746 1564/1/747 1565/1/748 1566/1/749 
f 1563/1/746 1566/1/749 1567/1/750 1568/1/751 
f 1563/1/746 1568/1/751 1569/1/791 1564/1/747 
f 1569/1/791 1568/1/751 1557/1/740 1562/1/745 
f 1569/1/791 1562/1/745 1570/1/753 1571/1/792 
f 1569/1/791 1571/1/792 1572/1/755 1564/1/747 
f 1572/1/755 1573/1/756 1565/1/748 1564/1/747 
f 1572/1/755 1571/1/792 1574/1/757 1575/1/758 
f 1572/1/755 1575/1/758 1576/1/759 1573/1/756 
f 1576/1/759 1577/1/760 1578/1/761 1573/1/756 
f 1578/1/761 1577/1/760 1579/1/762 1580/1/763 
f 1578/1/761 1580/1/763 1547/1/787 1546/1/729 
f 1578/1/761 1546/1/729 1565/1/748 1573/1/756 
f 1580/1/763 1579/1/762 1581/1/764 1582/1/765 
f 1580/1/763 1582/1/765 1548/1/731 1547/1/787 
f 1582/1/765 1581/1/764 1583/1/793 1584/1/767 
f 1582/1/765 1584/1/767 1555/1/788 1548/1/731 
f 1584/1/767 1583/1/793 1585/1/794 1586/1/795 
f 1584/1/767 1586/1/795 1550/1/802 1555/1/788 
f 1586/1/795 1585/1/794 1587/1/770 1588/1/771 
f 1586/1/795 1588/1/771 1551/1/734 1550/1/802 
f 1588/1/771 1587/1/770 1589/1/772 1590/1/773 
f 1588/1/771 1590/1/773 1560/1/743 1551/1/734 
f 1590/1/773 1589/1/772 1591/1/774 1592/1/775 
f 1590/1/773 1592/1/775 1561/1/790 1560/1/743 
f 1592/1/775 1591/1/774 1593/1/796 1570/1/753 
f 1592/1/775 1570/1/753 1562/1/745 1561/1/790 
f 1593/1/796 1574/1/757 1571/1/792 1570/1/753 
f 1568/1/751 1567/1/750 1558/1/741 1557/1/740 
f 1567/1/750 1566/1/749 1545/1/728 1544/1/727 
f 1567/1/750 1544/1/727 1553/1/736 1558/1/741 
f 1566/1/749 1565/1/748 1546/1/729 1545/1/728 
f 1560/1/743 1559/1/742 1552/1/735 1551/1/734 
f 1559/1/742 1558/1/741 1553/1/736 1552/1/735 
f 1555/1/788 1554/1/778 1543/1/786 1548/1/731 
f 1554/1/778 1553/1/736 1544/1/727 1543/1/786 
f 1594/1/725 1595/1/786 1596/1/727 1597/1/728 
f 1594/1/725 1597/1/728 1598/1/729 1599/1/797 
f 1594/1/725 1599/1/797 1600/1/731 1595/1/786 
f 1601/1/801 1602/1/782 1603/1/734 1604/1/735 
f 1601/1/801 1604/1/735 1605/1/736 1606/1/737 
f 1601/1/801 1606/1/737 1607/1/788 1602/1/782 
f 1608/1/789 1609/1/740 1610/1/741 1611/1/742 
f 1608/1/789 1611/1/742 1612/1/743 1613/1/744 
f 1608/1/789 1613/1/744 1614/1/745 1609/1/740 
f 1615/1/798 1616/1/747 1617/1/748 1618/1/749 
f 1615/1/798 1618/1/749 1619/1/750 1620/1/751 
f 1615/1/798 1620/1/751 1621/1/791 1616/1/747 
f 1621/1/791 1620/1/751 1609/1/740 1614/1/745 
f 1621/1/791 1614/1/745 1622/1/753 1623/1/792 
f 1621/1/791 1623/1/792 1624/1/755 1616/1/747 
f 1624/1/755 1625/1/756 1617/1/748 1616/1/747 
f 1624/1/755 1623/1/792 1626/1/757 1627/1/758 
f 1624/1/755 1627/1/758 1628/1/759 1625/1/756 
f 1628/1/759 1629/1/760 1630/1/781 1625/1/756 
f 1630/1/781 1629/1/760 1631/1/762 1632/1/763 
f 1630/1/781 1632/1/763 1599/1/797 1598/1/729 
f 1630/1/781 1598/1/729 1617/1/748 1625/1/756 
f 1632/1/763 1631/1/762 1633/1/764 1634/1/765 
f 1632/1/763 1634/1/765 1600/1/731 1599/1/797 
f 1634/1/765 1633/1/764 1635/1/793 1636/1/767 
f 1634/1/765 1636/1/767 1607/1/788 1600/1/731 
f 1636/1/767 1635/1/793 1637/1/794 1638/1/795 
f 1636/1/767 1638/1/795 1602/1/782 1607/1/788 
f 1638/1/795 1637/1/794 1639/1/770 1640/1/771 
f 1638/1/795 1640/1/771 1603/1/734 1602/1/782 
f 1640/1/771 1639/1/770 1641/1/772 1642/1/773 
f 1640/1/771 1642/1/773 1612/1/743 1603/1/734 
f 1642/1/773 1641/1/772 1643/1/774 1644/1/775 
f 1642/1/773 1644/1/775 1613/1/744 1612/1/743 
f 1644/1/775 1643/1/774 1645/1/796 1622/1/753 
f 1644/1/775 1622/1/753 1614/1/745 1613/1/744 
f 1645/1/796 1626/1/757 1623/1/792 1622/1/753 
f 1620/1/751 1619/1/750 1610/1/741 1609/1/740 
f 1619/1/750 1618/1/749 1597/1/728 1596/1/727 
f 1619/1/750 1596/1/727 1605/1/736 1610/1/741 
f 1618/1/749 1617/1/748 1598/1/729 1597/1/728 
f 1612/1/743 1611/1/742 1604/1/735 1603/1/734 
f 1611/1/742 1610/1/741 1605/1/736 1604/1/735 
f 1607/1/788 1606/1/737 1595/1/786 1600/1/731 
f 1606/1/737 1605/1/736 1596/1/727 1595/1/786 
f 1646/1/725 1647/1/786 1648/1/727 1649/1/728 
f 1646/1/725 1649/1/728 1650/1/729 1651/1/787 
f 1646/1/725 1651/1/787 1652/1/731 1647/1/786 
f 1653/1/801 1654/1/802 1655/1/734 1656/1/735 
f 1653/1/801 1656/1/735 1657/1/736 1658/1/778 
f 1653/1/801 1658/1/778 1659/1/788 1654/1/802 
f 1660/1/789 1661/1/740 1662/1/741 1663/1/783 
f 1660/1/789 1663/1/783 1664/1/743 1665/1/744 
f 1660/1/789 1665/1/744 1666/1/745 1661/1/740 
f 1667/1/798 1668/1/747 1669/1/748 1670/1/749 
f 1667/1/798 1670/1/749 1671/1/750 1672/1/751 
f 1667/1/798 1672/1/751 1673/1/791 1668/1/747 
f 1673/1/791 1672/1/751 1661/1/740 1666/1/745 
f 1673/1/791 1666/1/745 1674/1/753 1675/1/792 
f 1673/1/791 1675/1/792 1676/1/755 1668/1/747 
f 1676/1/755 1677/1/756 1669/1/748 1668/1/747 
f 1676/1/755 1675/1/792 1678/1/757 1679/1/784 
f 1676/1/755 1679/1/784 1680/1/759 1677/1/756 
f 1680/1/759 1681/1/760 1682/1/781 1677/1/756 
f 1682/1/781 1681/1/760 1683/1/762 1684/1/763 
f 1682/1/781 1684/1/763 1651/1/787 1650/1/729 
f 1682/1/781 1650/1/729 1669/1/748 1677/1/756 
f 1684/1/763 1683/1/762 1685/1/764 1686/1/765 
f 1684/1/763 1686/1/765 1652/1/731 1651/1/787 
f 1686/1/765 1685/1/764 1687/1/793 1688/1/767 
f 1686/1/765 1688/1/767 1659/1/788 1652/1/731 
f 1688/1/767 1687/1/793 1689/1/768 1690/1/769 
f 1688/1/767 1690/1/769 1654/1/802 1659/1/788 
f 1690/1/769 1689/1/768 1691/1/770 1692/1/771 
f 1690/1/769 1692/1/771 1655/1/734 1654/1/802 
f 1692/1/771 1691/1/770 1693/1/785 1694/1/773 
f 1692/1/771 1694/1/773 1664/1/743 1655/1/734 
f 1694/1/773 1693/1/785 1695/1/774 1696/1/799 
f 1694/1/773 1696/1/799 1665/1/744 1664/1/743 
f 1696/1/799 1695/1/774 1697/1/796 1674/1/753 
f 1696/1/799 1674/1/753 1666/1/745 1665/1/744 
f 1697/1/796 1678/1/757 1675/1/792 1674/1/753 
f 1672/1/751 1671/1/750 1662/1/741 1661/1/740 
f 1671/1/750 1670/1/749 1649/1/728 1648/1/727 
f 1671/1/750 1648/1/727 1657/1/736 1662/1/741 
f 1670/1/749 1669/1/748 1650/1/729 1649/1/728 
f 1664/1/743 1663/1/783 1656/1/735 1655/1/734 
f 1663/1/783 1662/1/741 1657/1/736 1656/1/735 
f 1659/1/788 1658/1/778 1647/1/786 1652/1/731 
f 1658/1/778 1657/1/736 1648/1/727 1647/1/786 
f 1698/65/803 1699/66/804 1700/67/805 1701/68/806 
f 1701/68/806 1700/67/805 1702/69/694 1703/70/686 
f 1704/71/689 1705/72/696 1699/66/804 1698/65/803 
f 1703/73/686 1704/74/689 1698/65/803 1701/68/806 
f 1700/67/805 1699/66/804 1705/75/696 1702/76/694 
f 1706/70/807 1707/69/808 1708/77/809 1709/78/810 
f 1710/68/811 1711/67/812 1707/69/808 1706/70/807 
f 1709/71/810 1708/72/809 1712/66/813 1713/65/814 
f 1706/73/807 1709/74/810 1713/65/814 1710/68/811 
f 1711/67/812 1712/66/813 1708/75/809 1707/76/808 
f 1714/20/815 1713/20/814 1712/20/813 1715/20/816 
f 1715/20/816 1712/20/813 1711/20/812 1716/20/817 
f 1716/20/817 1711/20/812 1710/20/811 1717/20/818 
f 1717/20/818 1710/20/811 1713/20/814 1714/20/815 
f 1718/20/805 1719/20/806 1720/20/803 1721/20/804 
f 1717/20/818 1714/20/815 1718/20/805 1721/20/804 
f 1716/20/817 1717/20/818 1721/20/804 1720/20/803 
f 1715/20/816 1716/20/817 1720/20/803 1719/20/806 
f 1714/20/815 1715/20/816 1719/20/806 1718/20/805 
f 1722/20/450 1723/79/819 1724/80/820 
f 1722/81/450 1724/80/820 1725/82/821 
f 1722/75/450 1725/82/821 1726/83/822 
f 1722/84/450 1726/83/822 1727/85/823 
f 1722/76/450 1727/85/823 1728/86/824 
f 1722/87/450 1728/86/824 1729/88/825 
f 1722/89/450 1729/88/825 1730/90/826 
f 1722/91/450 1730/90/826 1723/92/819 
f 1731/93/827 1732/94/828 1733/95/829 
f 1733/96/829 1732/95/828 1734/74/830 
f 1734/97/830 1732/74/828 1735/98/831 
f 1735/99/831 1732/98/828 1736/73/832 
f 1736/100/832 1732/73/828 1737/101/833 
f 1737/102/833 1732/101/828 1738/103/834 
f 1738/104/834 1732/103/828 1739/105/835 
f 1739/106/835 1732/105/828 1731/107/827 
f 1723/20/819 1740/20/836 1741/20/837 1724/20/820 
f 1724/20/820 1741/20/837 1742/20/838 1725/20/821 
f 1725/20/821 1742/20/838 1743/20/839 1726/20/822 
f 1726/20/822 1743/20/839 1744/20/8 1727/20/823 
f 1727/20/823 1744/20/8 1745/20/840 1728/20/824 
f 1728/20/824 1745/20/840 1746/20/841 1729/20/825 
f 1729/20/825 1746/20/841 1747/20/842 1730/20/826 
f 1730/20/826 1747/20/842 1740/20/836 1723/20/819 
f 1748/20/843 1731/20/827 1733/20/829 1749/20/844 
f 1749/20/844 1733/20/829 1734/20/830 1750/20/838 
f 1750/20/838 1734/20/830 1735/20/831 1751/20/839 
f 1751/20/839 1735/20/831 1736/20/832 1752/20/8 
f 1752/20/8 1736/20/832 1737/20/833 1753/20/840 
f 1753/20/840 1737/20/833 1738/20/834 1754/20/841 
f 1754/20/841 1738/20/834 1739/20/835 1755/20/845 
f 1755/20/845 1739/20/835 1731/20/827 1748/20/843 
f 1749/20/844 1750/20/838 1742/20/838 1741/20/837 
f 1750/20/838 1751/20/839 1743/20/839 1742/20/838 
f 1751/20/839 1752/20/8 1744/20/8 1743/20/839 
f 1752/20/8 1753/20/840 1745/20/840 1744/20/8 
f 1753/20/840 1754/20/841 1746/20/841 1745/20/840 
f 1754/20/841 1755/20/845 1747/20/842 1746/20/841 
f 1756/20/827 1757/20/846 1758/20/847 1759/20/819 
f 1741/20/837 1740/20/836 1759/20/819 1758/20/847 
f 1749/20/844 1741/20/837 1758/20/847 1757/20/846 
f 1748/20/843 1749/20/844 1757/20/846 1756/20/827 
f 1759/20/819 1760/20/848 1761/20/849 1756/20/827 
f 1755/20/845 1748/20/843 1756/20/827 1761/20/849 
f 1747/20/842 1755/20/845 1761/20/849 1760/20/848 
f 1740/20/836 1747/20/842 1760/20/848 1759/20/819 
f 1762/81/8 1763/80/850 1764/82/851 
f 1762/75/8 1764/82/851 1765/83/852 
f 1762/84/8 1765/83/852 1766/85/853 
f 1762/76/8 1766/85/853 1767/86/854 
f 1763/108/850 1768/96/855 1769/97/856 1764/109/851 
f 1764/109/851 1769/97/856 1770/99/857 1765/110/852 
f 1765/110/852 1770/99/857 1771/100/858 1766/111/853 
f 1766/111/853 1771/100/858 1772/102/859 1767/112/854 
f 1762/20/8 1773/20/860 1763/20/850 
f 1762/20/8 1767/20/854 1774/20/861 
f 1775/20/8 1776/20/862 1777/20/863 
f 1775/20/8 1777/20/863 1778/20/864 
f 1773/20/860 1779/20/865 1768/20/855 1763/20/850 
f 1767/20/854 1772/20/859 1780/20/866 1774/20/861 
f 1776/20/862 1781/20/867 1782/20/868 1777/20/863 
f 1777/20/863 1782/20/868 1783/20/869 1778/20/864 
f 1775/20/8 1778/20/864 1773/20/860 1762/20/8 
f 1762/20/8 1774/20/861 1776/20/862 1775/20/8 
f 1774/20/861 1780/20/866 1781/20/867 1776/20/862 
f 1784/20/870 1785/20/871 1786/20/872 1787/20/873 
f 1773/20/860 1778/20/864 1784/20/870 1787/20/873 
f 1779/20/865 1773/20/860 1787/20/873 1786/20/872 
f 1778/20/864 1783/20/869 1785/20/871 1784/20/870 
f 1788/81/8 1789/80/850 1790/82/851 
f 1788/75/8 1790/82/851 1791/83/852 
f 1788/84/8 1791/83/852 1792/85/853 
f 1788/76/8 1792/85/853 1793/86/854 
f 1789/108/850 1794/96/855 1795/97/856 1790/109/851 
f 1790/109/851 1795/97/856 1796/99/857 1791/110/852 
f 1791/110/852 1796/99/857 1797/100/858 1792/111/853 
f 1792/111/853 1797/100/858 1798/102/859 1793/112/854 
f 1788/20/8 1799/20/860 1789/20/850 
f 1788/20/8 1793/20/854 1800/20/874 
f 1801/20/8 1802/20/875 1803/20/863 
f 1801/20/8 1803/20/863 1804/20/864 
f 1799/20/860 1805/20/865 1794/20/855 1789/20/850 
f 1793/20/854 1798/20/859 1806/20/866 1800/20/874 
f 1802/20/875 1807/20/867 1808/20/868 1803/20/863 
f 1803/20/863 1808/20/868 1809/20/869 1804/20/864 
f 1801/20/8 1804/20/864 1799/20/860 1788/20/8 
f 1788/20/8 1800/20/874 1802/20/875 1801/20/8 
f 1800/20/874 1806/20/866 1807/20/867 1802/20/875 
f 1810/20/870 1811/20/871 1812/20/872 1813/20/873 
f 1799/20/860 1804/20/864 1810/20/870 1813/20/873 
f 1805/20/865 1799/20/860 1813/20/873 1812/20/872 
f 1804/20/864 1809/20/869 1811/20/871 1810/20/870 
# 1544 polygons - 45 triangles

