# Blender 5.1.2
# www.blender.org
mtllib vat5(export).mtl
o _
v 23.892841 7.671162 -3.172671
v 24.016460 4.512169 -3.063226
v 26.137665 7.671162 -3.172671
v 26.014046 4.512169 -3.063226
v 23.892841 7.671162 -1.559146
v 24.016460 4.512169 -1.559146
v 26.137665 7.671162 -1.559146
v 26.014046 4.512169 -1.559146
v 26.137665 8.358885 -1.559146
v 23.892841 8.358885 -1.559146
v 26.137665 7.873443 -3.172671
v 26.137665 8.358885 -2.697553
v 26.137665 8.059437 -3.144516
v 26.137665 8.214992 -3.064335
v 26.137665 8.315914 -2.944336
v 23.892841 8.358885 -2.697553
v 23.892841 7.873443 -3.172671
v 23.892841 8.315914 -2.944336
v 23.892841 8.214992 -3.064335
v 23.892841 8.059437 -3.144516
v 25.949596 7.671162 -3.172671
v 24.081995 7.671162 -3.172671
v 24.081995 4.512169 -3.172671
v 25.949596 4.512169 -3.063226
v 24.081995 7.671162 -1.559146
v 25.949596 7.671162 -1.559146
v 25.949596 4.512169 -1.559146
v 24.081995 4.512169 -1.559146
v 24.081995 8.358885 -1.559146
v 25.949596 8.358885 -1.559146
v 24.081995 7.873443 -3.172671
v 25.949596 7.873443 -3.172671
v 25.949596 8.059437 -3.144516
v 24.081995 8.059437 -3.144516
v 25.949596 8.214992 -3.064335
v 24.081995 8.214992 -3.064335
v 25.949596 8.315914 -2.944336
v 24.081995 8.315914 -2.944336
v 25.949596 8.358885 -2.697553
v 24.081995 8.358885 -2.697553
v 23.892841 4.799719 -3.017248
v 26.705666 5.385679 -3.172671
v 26.705666 5.385679 -1.559146
v 23.892841 4.799719 -2.277537
v 24.081995 4.679691 -1.559146
v 25.949596 4.679691 -1.559146
v 25.949596 4.679691 -3.172671
v 24.081995 4.679691 -3.172671
v 26.137665 8.358885 -1.612552
v 23.892841 8.358885 -1.612552
v 24.081995 8.358885 -1.612552
v 25.949596 8.358885 -1.612552
v 25.949596 8.323980 -2.694421
v 24.081995 8.323980 -2.694421
v 25.949596 8.323827 -1.612552
v 24.081995 7.866603 -3.138287
v 25.949596 7.866603 -3.138287
v 25.949596 8.283525 -2.930920
v 24.081995 8.283525 -2.930920
v 25.949596 8.190202 -3.039545
v 24.081995 8.190202 -3.039545
v 25.949596 8.046021 -3.112126
v 24.081995 8.046021 -3.112126
v 24.081995 8.323827 -1.612552
v 23.892841 7.873443 -1.559146
v 24.081995 7.870389 -1.559146
v 25.949596 7.876480 -1.559146
v 26.137665 7.873443 -1.559146
v 26.705666 4.512169 -3.172671
v 26.705666 4.512169 -1.559146
v 23.892841 4.512169 -1.559146
v 23.892841 4.512169 -3.172671
v 24.081995 4.512169 -1.559146
v 24.081995 4.512169 -3.063226
v 25.949596 4.512169 -3.172671
v 24.081995 4.457520 -1.559146
v 24.081995 4.457520 -3.063226
v 25.780867 4.457520 -3.063226
v 25.780867 4.457520 -1.559146
v 26.014046 4.457520 -3.063226
v 26.014046 4.457520 -1.559146
v 24.016460 4.457520 -1.559146
v 24.016460 4.457520 -3.063226
v 26.137665 8.358885 -2.207670
v 25.949596 8.358885 -2.207670
v 23.892841 8.358885 -2.207670
v 24.081995 8.358885 -2.207670
v 25.949596 8.323912 -2.205952
v 24.081995 8.323912 -2.205951
v 26.186108 6.252709 -3.129782
v 26.186108 6.252709 -1.602036
v 23.892841 5.889277 -2.277537
v 25.949596 6.181091 -1.559146
v 24.081995 6.181091 -3.172671
v 23.892841 5.889277 -3.017248
v 24.081995 6.181091 -1.559146
v 25.949596 6.181091 -3.172671
v 26.747570 4.612991 -2.986434
v 26.747570 4.612991 -1.745383
v 26.747570 5.284856 -2.986434
v 26.747570 5.284856 -1.745383
v 26.695232 4.612991 -2.986434
v 26.695232 4.612991 -1.745383
v 26.695232 5.284856 -2.986434
v 26.695232 5.284856 -1.745383
v 26.163227 7.837666 -1.531747
v 26.163376 7.792858 -1.531747
v 23.867277 7.792858 -1.531747
v 23.867128 7.837666 -1.531747
v 25.949596 7.838706 -1.531747
v 25.949596 7.793898 -1.531747
v 24.081995 7.791812 -1.531747
v 24.081995 7.836620 -1.531747
v 26.137665 7.792858 -1.559146
v 26.137665 7.837666 -1.559146
v 23.892841 7.792858 -3.172671
v 23.892841 7.837666 -3.172671
v 26.137665 7.837666 -3.172671
v 26.137665 7.792858 -3.172671
v 25.949596 7.792858 -3.172671
v 25.949596 7.837666 -3.172671
v 24.081995 7.837666 -3.172671
v 24.081995 7.792858 -3.172671
v 24.081995 7.836620 -1.559146
v 24.081995 7.791812 -1.559146
v 23.892841 7.837666 -1.559146
v 23.892841 7.792858 -1.559146
v 25.949596 7.793898 -1.559146
v 25.949596 7.838706 -1.559146
v 25.949596 7.792858 -3.204772
v 25.949596 7.837666 -3.204772
v 26.163301 7.837666 -3.195370
v 26.163301 7.792858 -3.195370
v 23.867203 7.792858 -3.195369
v 23.867203 7.837666 -3.195369
v 24.081995 7.837666 -3.204772
v 24.081995 7.792858 -3.204772
v 26.427763 6.252709 -3.129782
v 26.427763 6.252709 -1.602036
v 26.476208 6.252709 -3.172671
v 26.137665 6.252709 -3.172671
v 26.476208 6.252709 -1.559146
v 26.137665 6.252709 -1.559146
v 26.427763 6.302575 -3.079766
v 26.186108 6.302575 -3.079766
v 26.427763 6.302575 -1.652051
v 26.186108 6.302575 -1.652051
v 23.892841 4.799719 -2.277537
v 23.822229 4.833082 -2.310900
v 23.892841 4.799719 -3.017248
v 23.822229 4.833082 -2.983885
v 23.892841 5.889277 -2.277537
v 23.822229 5.855914 -2.310900
v 23.892841 5.889277 -3.017248
v 23.822229 5.855914 -2.983885
v 23.822229 4.799719 -2.277537
v 23.822229 4.799719 -3.017248
v 23.822229 5.889277 -3.017248
v 23.822229 5.889277 -2.277537
v 23.836033 4.833082 -2.310900
v 23.836033 4.833082 -2.983885
v 23.836033 5.855914 -2.983885
v 23.836033 5.855914 -2.310900
v 23.892841 6.181091 -3.172671
v 23.892841 4.679691 -3.172671
v 23.892841 4.679691 -1.559146
v 23.892841 6.181091 -1.559146
vn 0.9782 0.1932 -0.0758
vn 0.9782 0.1932 0.0758
vn 0.9702 0.2213 0.0985
vn 0.9702 0.2213 -0.0985
vn -1.0000 -0.0000 -0.0000
vn 0.0025 1.0000 0.0012
vn -0.0000 1.0000 -0.0000
vn 0.0029 1.0000 0.0014
vn 1.0000 0.0017 -0.0000
vn 1.0000 -0.0000 -0.0000
vn -0.0000 -0.0000 -1.0000
vn -0.0000 -0.0000 1.0000
vn 0.0220 -0.0000 -0.9998
vn -0.0219 -0.0000 -0.9998
vn 0.0020 1.0000 0.0012
vn 0.0020 1.0000 -0.0012
vn -0.0000 0.0750 -0.9972
vn -0.0000 0.0500 -0.9987
vn -0.0000 0.3080 -0.9514
vn -0.0000 0.6239 -0.7815
vn -0.0000 0.9065 -0.4222
vn -0.0000 0.9963 -0.0861
vn 0.9667 0.2558 -0.0000
vn -0.0000 -1.0000 -0.0000
vn -0.0000 0.9049 -0.4256
vn -0.0000 0.9964 -0.0845
vn -0.0000 0.6160 -0.7877
vn -0.0000 0.3008 -0.9537
vn -0.0000 0.1443 -0.9895
vn -0.0000 1.0000 0.0001
vn -0.0000 0.9808 0.1951
vn -0.0025 -1.0000 -0.0012
vn -0.0020 -1.0000 -0.0012
vn -0.0029 -1.0000 -0.0014
vn 0.9801 -0.1288 0.1508
vn 0.9702 -0.2213 0.0985
vn 0.9801 -0.1288 -0.1508
vn 0.9702 -0.2213 -0.0985
vn -1.0000 -0.0017 -0.0000
vn -0.0437 -0.0000 -0.9990
vn 0.0440 -0.0000 -0.9990
vn -0.0020 -1.0000 0.0012
vn -0.0025 -1.0000 0.0012
vn -0.0029 -1.0000 0.0014
vn 0.0025 1.0000 -0.0012
vn 0.0029 1.0000 -0.0014
vn -0.0000 0.9824 -0.1870
vn -0.0000 0.9824 0.1870
vn -0.0000 0.9242 -0.3820
vn -0.0000 0.9242 0.3820
vt 0.720221 0.081094
vt 0.869863 0.081094
vt 0.852591 0.090482
vt 0.737493 0.090482
vt 0.421031 0.284918
vt 0.568493 0.284918
vt 0.568493 0.300228
vt 0.421031 0.300228
vt 0.414463 0.609882
vt 0.414462 0.757339
vt 0.412387 0.759414
vt 0.412383 0.607379
vt 0.580882 0.757340
vt 0.596099 0.757340
vt 0.598173 0.759415
vt 0.580882 0.760274
vt 0.194573 0.755340
vt 0.194573 0.760274
vt 0.041802 0.760274
vt 0.041802 0.755340
vt 0.020548 0.336540
vt 0.020548 0.488584
vt 0.016453 0.488584
vt 0.016453 0.336540
vt 0.859569 0.871967
vt 0.853882 0.858814
vt 0.857070 0.858489
vt 0.862390 0.870447
vt 0.216895 0.104444
vt 0.216895 0.255708
vt 0.213694 0.255708
vt 0.213694 0.104444
vt 0.871083 0.883067
vt 0.873108 0.880583
vt 0.869446 0.793193
vt 0.885059 0.741092
vt 0.888128 0.742011
vt 0.872553 0.793960
vt 0.230594 0.076393
vt 0.230594 0.227657
vt 0.225604 0.213991
vt 0.225604 0.076393
vt 0.354096 0.148740
vt 0.398740 0.148740
vt 0.398184 0.299851
vt 0.354096 0.299851
vt 0.404216 0.404781
vt 0.404216 0.420091
vt 0.253104 0.420091
vt 0.253104 0.404781
vt 0.564614 0.437299
vt 0.579908 0.437299
vt 0.579908 0.588561
vt 0.564614 0.588561
vt 0.564614 0.603881
vt 0.579908 0.603881
vt 0.232156 0.220132
vt 0.232156 0.068852
vt 0.236247 0.068852
vt 0.236247 0.220132
vt 0.500157 0.376063
vt 0.579909 0.376063
vt 0.004461 0.058508
vt 0.004566 0.075794
vt 0.000471 0.075796
vt 0.000366 0.058499
vt 0.230594 0.232877
vt 0.225604 0.232877
vt 0.218750 0.094814
vt 0.218750 0.089511
vt 0.223744 0.089511
vt 0.223744 0.094814
vt 0.191929 0.340260
vt 0.191929 0.420091
vt 0.429768 0.609884
vt 0.429768 0.607380
vt 0.419521 0.404781
vt 0.419521 0.420091
vt 0.580883 0.609882
vt 0.580883 0.607379
vt 0.026418 0.755340
vt 0.026418 0.760274
vt 0.210045 0.755340
vt 0.210045 0.760274
vt 0.008873 0.331050
vt 0.008873 0.315620
vt 0.026240 0.315619
vt 0.026240 0.331050
vt 0.008873 0.162387
vt 0.008873 0.146867
vt 0.026240 0.146867
vt 0.026240 0.162387
vt 0.041096 0.146867
vt 0.041096 0.162387
vt 0.041096 0.315620
vt 0.041096 0.331050
vt 0.194568 0.621070
vt 0.210041 0.621070
vt 0.210044 0.632255
vt 0.194572 0.632255
vt 0.026414 0.621070
vt 0.041798 0.621070
vt 0.041801 0.632255
vt 0.026417 0.632255
vt 0.210046 0.655097
vt 0.194573 0.655097
vt 0.041802 0.655097
vt 0.026418 0.655097
vt 0.404216 0.267566
vt 0.419521 0.267566
vt 0.237887 0.261021
vt 0.253104 0.267566
vt 0.210495 0.261021
vt 0.427536 0.437299
vt 0.420997 0.422067
vt 0.420997 0.394647
vt 0.427535 0.603881
vt 0.427535 0.588561
vt 0.728310 0.468847
vt 0.728310 0.605023
vt 0.580844 0.605023
vt 0.580844 0.468847
vt 0.720221 0.000481
vt 0.869863 0.000481
vt 0.441583 0.913242
vt 0.441583 0.762125
vt 0.589041 0.762126
vt 0.589041 0.913242
vt 0.718037 0.136758
vt 0.718037 0.273973
vt 0.570574 0.273973
vt 0.570574 0.136758
vt 0.739726 0.762130
vt 0.739726 0.913242
vt 0.592264 0.913242
vt 0.592264 0.762130
vt 0.194573 0.700357
vt 0.210045 0.700357
vt 0.026418 0.700357
vt 0.041802 0.700357
vt 0.882342 0.462975
vt 0.866798 0.470320
vt 0.865297 0.467489
vt 0.880318 0.460492
vt 0.740956 0.321843
vt 0.762884 0.321841
vt 0.762884 0.474882
vt 0.740956 0.474883
vt 0.730812 0.321846
vt 0.730812 0.474886
vt 0.312639 0.622065
vt 0.326484 0.622065
vt 0.326484 0.776256
vt 0.312639 0.776256
vt 0.295787 0.622065
vt 0.295787 0.776256
vt 0.808093 0.321842
vt 0.863014 0.321842
vt 0.863014 0.474882
vt 0.808093 0.474882
vt 0.856595 0.836081
vt 0.859732 0.836722
vt 0.893856 0.451875
vt 0.891036 0.450355
vt 0.899543 0.438722
vt 0.896356 0.438397
vt 0.883979 0.373103
vt 0.896831 0.415990
vt 0.893693 0.416632
vt 0.880872 0.373870
vt 0.886627 0.890411
vt 0.888128 0.887580
vt 0.197744 0.292237
vt 0.197744 0.139488
vt 0.200913 0.139489
vt 0.200913 0.292237
vt 0.188511 0.765775
vt 0.188511 0.913242
vt 0.171513 0.910669
vt 0.157297 0.903341
vt 0.148074 0.892373
vt 0.144147 0.869819
vt 0.144147 0.825047
vt 0.144147 0.770656
vt 0.144147 0.765775
vt 0.398461 0.315068
vt 0.354096 0.315068
vt 0.919105 0.000940
vt 0.919105 0.148402
vt 0.874740 0.148402
vt 0.874740 0.143521
vt 0.874740 0.089132
vt 0.874740 0.044361
vt 0.878667 0.021808
vt 0.887890 0.010841
vt 0.902107 0.003513
vt 0.398461 0.133435
vt 0.354096 0.133435
vt 0.601673 0.756628
vt 0.616978 0.756628
vt 0.616978 0.759132
vt 0.599605 0.759132
vt 0.354999 0.753425
vt 0.354999 0.615965
vt 0.410959 0.605963
vt 0.410959 0.753425
vt 0.193369 0.615965
vt 0.193369 0.753425
vt 0.183367 0.753425
vt 0.183367 0.605963
vt 0.000000 0.000000
vt 0.349784 0.615965
vt 0.198672 0.615965
vt 0.198672 0.605963
vt 0.349784 0.605963
vt 0.000000 0.009132
vt 0.608514 0.747717
vt 0.608514 0.610257
vt 0.745973 0.610257
vt 0.745973 0.747717
vt 0.764840 0.747717
vt 0.764840 0.610257
vt 0.603211 0.747717
vt 0.603211 0.610257
vt 0.556649 0.579909
vt 0.556649 0.442449
vt 0.561644 0.442449
vt 0.561644 0.579909
vt 0.218750 0.251142
vt 0.218750 0.245927
vt 0.223744 0.232274
vt 0.223744 0.251142
vt 0.230594 0.071085
vt 0.225604 0.071085
vt 0.200485 0.561644
vt 0.200485 0.424180
vt 0.205479 0.424180
vt 0.205479 0.561644
vt 0.868366 0.321004
vt 0.865297 0.321923
vt 0.718037 0.000578
vt 0.570574 0.000578
vt 0.011922 0.913242
vt 0.011922 0.765776
vt 0.141553 0.765776
vt 0.141553 0.913242
vt 0.421031 0.011524
vt 0.568493 0.011524
vt 0.568493 0.147703
vt 0.421031 0.147703
vt 0.728310 0.331637
vt 0.580844 0.331637
vt 0.291492 0.603881
vt 0.291492 0.588561
vt 0.291492 0.437299
vt 0.291492 0.422067
vt 0.237887 0.131387
vt 0.253104 0.131387
vt 0.404216 0.131387
vt 0.419521 0.131387
vt 0.205811 0.232877
vt 0.205811 0.119455
vt 0.210046 0.119455
vt 0.210046 0.232877
vt 0.869863 0.162100
vt 0.852591 0.152788
vt 0.720221 0.162100
vt 0.737493 0.152788
vt 0.045905 0.739726
vt 0.045905 0.626301
vt 0.107306 0.626301
vt 0.107306 0.739726
vt 0.007181 0.141553
vt 0.007181 0.080151
vt 0.011416 0.080151
vt 0.011416 0.141553
vt 0.004566 0.514002
vt 0.004566 0.575342
vt 0.000327 0.575342
vt 0.000327 0.514002
vt 0.194064 0.425394
vt 0.194064 0.538813
vt 0.189829 0.538813
vt 0.189829 0.425394
vt 0.768091 0.609166
vt 0.616978 0.609166
vt 0.616978 0.606232
vt 0.768091 0.606232
vt 0.272161 0.575342
vt 0.272161 0.423301
vt 0.276256 0.423301
vt 0.276256 0.575342
vt 0.236301 0.051453
vt 0.232210 0.051453
vt 0.236301 0.237443
vt 0.232210 0.237443
vt 0.004461 0.226907
vt 0.004566 0.244292
vt 0.000471 0.244282
vt 0.000366 0.226909
vt 0.783308 0.609166
vt 0.785382 0.607091
vt 0.429767 0.757339
vt 0.429767 0.760273
vt 0.601673 0.609166
vt 0.599599 0.607091
vt 0.768091 0.756628
vt 0.783308 0.756628
vt 0.785388 0.759132
vt 0.768091 0.759132
vt 0.596100 0.609884
vt 0.598169 0.607380
vt 0.000801 0.913242
vt 0.000801 0.765776
vt 0.401731 0.315069
vt 0.401636 0.299851
vt 0.237887 0.120265
vt 0.253104 0.120170
vt 0.191781 0.913242
vt 0.191781 0.765775
vt 0.005564 0.146867
vt 0.005564 0.162387
vt 0.421031 0.000402
vt 0.568493 0.000402
vt 0.280381 0.603881
vt 0.280381 0.588561
vt 0.922374 0.148402
vt 0.922374 0.000940
vt 0.280381 0.437299
vt 0.280381 0.422067
vt 0.005564 0.315620
vt 0.005564 0.331050
vt 0.404216 0.120361
vt 0.419521 0.120265
vt 0.401827 0.148740
vt 0.401731 0.133435
vt 0.034247 0.166309
vt 0.034247 0.305936
vt 0.029689 0.301365
vt 0.029689 0.170880
vt 0.885203 0.610236
vt 0.904756 0.610236
vt 0.908676 0.614155
vt 0.881283 0.614155
vt 0.904756 0.470617
vt 0.885203 0.470618
vt 0.881283 0.466698
vt 0.908676 0.466698
vt 0.151680 0.748858
vt 0.151680 0.618381
vt 0.171233 0.618381
vt 0.171233 0.748858
vt 0.438356 0.798648
vt 0.438356 0.821918
vt 0.432932 0.821918
vt 0.432932 0.798648
vt 0.041096 0.166313
vt 0.041096 0.305936
vt 0.036539 0.301365
vt 0.036539 0.170884
vt 0.768385 0.728310
vt 0.768385 0.705722
vt 0.773973 0.705722
vt 0.773973 0.728311
vt 0.416661 0.685822
vt 0.422374 0.685822
vt 0.422374 0.753425
vt 0.416661 0.753425
vt 0.335616 0.721461
vt 0.329897 0.721461
vt 0.329897 0.621984
vt 0.335616 0.621984
vt 0.431507 0.753425
vt 0.425793 0.753425
vt 0.425793 0.685824
vt 0.431507 0.685824
vt 0.174652 0.612753
vt 0.180365 0.612753
vt 0.180365 0.712329
vt 0.174652 0.712329
vt 0.023996 0.488584
vt 0.023996 0.395199
vt 0.025114 0.395199
vt 0.025114 0.488584
vt 0.889784 0.355398
vt 0.951289 0.355398
vt 0.954338 0.358448
vt 0.886735 0.358448
vt 0.951289 0.261921
vt 0.954338 0.258872
vt 0.889784 0.261921
vt 0.886735 0.258872
vt 0.194064 0.153097
vt 0.194064 0.246575
vt 0.192947 0.246575
vt 0.192947 0.153097
vt 0.002283 0.248997
vt 0.002283 0.310502
vt 0.001166 0.310502
vt 0.001166 0.248997
vt 0.197513 0.484018
vt 0.197513 0.422515
vt 0.198630 0.422515
vt 0.198630 0.484018
vt 0.554289 0.273949
vt 0.554289 0.174373
vt 0.486686 0.273949
vt 0.486686 0.174373
s 1
usemtl Main
f 42/1/1 43/2/2 101/3/3 100/4/4
f 166/5/5 165/6/5 72/7/5 71/8/5
f 126/9/6 117/10/7 135/11/7 109/12/8
f 121/13/7 118/14/7 132/15/7 131/16/7
f 51/17/7 29/18/7 30/19/7 52/20/7
f 132/21/9 106/22/9 107/23/9 133/24/9
f 36/25/10 38/26/10 59/27/10 61/28/10
f 51/29/11 52/30/11 55/31/11 64/32/11
f 34/33/10 36/25/10 61/28/10 63/34/10
f 87/35/10 51/36/10 64/37/10 89/38/10
f 74/39/11 24/40/11 78/41/11 77/42/11
f 29/43/12 66/44/12 67/45/12 30/46/12
f 45/47/12 73/48/12 27/49/12 46/50/12
f 47/51/11 75/52/11 23/53/11 48/54/11
f 165/55/11 48/54/11 23/53/11 72/56/11
f 130/57/13 137/58/14 136/59/14 131/60/13
f 47/51/11 42/61/11 69/62/11 75/52/11
f 106/63/12 110/64/12 111/65/12 107/66/12
f 24/40/11 4/67/11 80/68/11 78/41/11
f 28/69/12 6/70/12 82/71/12 76/72/12
f 43/73/12 46/50/12 27/49/12 70/74/12
f 124/75/15 126/9/6 109/12/8 113/76/15
f 45/47/12 166/77/12 71/78/12 73/48/12
f 129/79/16 124/75/15 113/76/15 110/80/16
f 49/81/7 52/20/7 30/19/7 9/82/7
f 51/17/7 50/83/7 10/84/7 29/18/7
f 11/85/17 32/86/18 33/87/19 13/88/19
f 31/89/18 17/90/17 20/91/19 34/92/19
f 34/92/19 20/91/19 19/93/20 36/94/20
f 13/88/19 33/87/19 35/95/20 14/96/20
f 36/97/20 19/98/20 18/99/21 38/100/21
f 14/101/20 35/102/20 37/103/21 15/104/21
f 38/100/21 18/99/21 16/105/22 40/106/22
f 15/104/21 37/103/21 39/107/22 12/108/22
f 96/109/12 167/110/12 166/77/12 45/47/12
f 143/111/12 93/112/12 46/50/12 43/73/12 142/113/12
f 97/114/11 141/115/11 140/116/11 42/61/11 47/51/11
f 164/117/11 94/118/11 48/54/11 165/55/11
f 94/119/10 22/120/10 25/121/10 96/122/10
f 140/123/23 142/124/23 43/2/2 42/1/1
f 47/125/7 48/126/7 45/127/7 46/128/7
f 97/129/5 47/130/5 46/131/5 93/132/5
f 22/133/24 21/134/24 26/135/24 25/136/24
f 87/137/7 86/138/7 50/83/7 51/17/7
f 84/139/7 85/140/7 52/20/7 49/81/7
f 33/141/5 32/142/5 57/143/5 62/144/5
f 59/145/25 54/146/26 53/147/26 58/148/25
f 61/149/27 59/145/25 58/148/25 60/150/27
f 63/151/28 61/152/27 60/153/27 62/154/28
f 56/155/29 63/151/28 62/154/28 57/156/29
f 89/157/30 64/158/30 55/159/30 88/160/30
f 38/26/10 40/161/10 54/162/10 59/27/10
f 35/163/5 33/141/5 62/144/5 60/164/5
f 37/165/5 35/163/5 60/164/5 58/166/5
f 85/167/5 39/168/5 53/169/5 88/170/5
f 39/168/5 37/165/5 58/166/5 53/169/5
f 31/171/10 34/33/10 63/34/10 56/172/10
f 32/173/31 31/174/31 56/175/31 57/176/31
f 68/177/10 11/178/10 13/179/10 14/180/10 15/181/10 12/182/10 84/183/10 49/184/10 9/185/10
f 67/45/12 68/186/12 9/187/12 30/46/12
f 17/188/5 65/189/5 10/190/5 50/191/5 86/192/5 16/193/5 18/194/5 19/195/5 20/196/5
f 65/197/12 66/44/12 29/43/12 10/198/12
f 127/199/32 125/200/33 112/201/33 108/202/34
f 8/203/24 4/204/24 69/205/24 70/206/24
f 2/207/24 6/208/24 71/209/24 72/210/24
f 28/211/7 27/211/7 73/211/7
f 24/212/24 74/213/24 23/214/24 75/215/24
f 74/213/24 2/207/24 72/210/24 23/214/24
f 4/204/24 24/212/24 75/215/24 69/205/24
f 27/216/7 8/216/7 70/216/7
f 6/211/7 28/211/7 73/211/7 71/211/7
f 76/217/24 77/218/24 78/219/24 79/220/24
f 81/221/24 79/220/24 78/219/24 80/222/24
f 76/217/24 82/223/24 83/224/24 77/218/24
f 6/225/5 2/226/5 83/227/5 82/228/5
f 8/229/12 27/230/12 79/231/12 81/232/12
f 2/233/11 74/39/11 77/42/11 83/234/11
f 27/230/12 28/69/12 76/72/12 79/231/12
f 4/235/10 8/236/10 81/237/10 80/238/10
f 52/239/5 85/167/5 88/170/5 55/240/5
f 54/146/26 89/157/30 88/160/30 53/147/26
f 12/108/22 39/107/22 85/140/7 84/139/7
f 40/106/22 16/105/22 86/138/7 87/137/7
f 40/161/10 87/35/10 89/38/10 54/162/10
f 21/241/5 97/129/5 93/132/5 26/242/5
f 3/243/10 7/244/10 143/245/10 141/246/10
f 5/247/5 1/248/5 164/249/5 167/250/5
f 48/251/10 94/119/10 96/122/10 45/252/10
f 1/253/11 22/254/11 94/118/11 164/117/11
f 21/255/11 3/256/11 141/115/11 97/114/11
f 7/257/12 26/258/12 93/112/12 143/111/12
f 25/259/12 5/260/12 167/110/12 96/109/12
f 100/261/24 101/262/24 105/263/24 104/264/24
f 43/2/2 70/265/35 99/266/36 101/3/3
f 69/267/37 42/1/1 100/4/4 98/268/38
f 70/265/35 69/267/37 98/268/38 99/266/36
f 104/269/10 105/270/10 103/271/10 102/272/10
f 98/273/12 100/274/12 104/275/12 102/276/12
f 101/277/11 99/278/11 103/279/11 105/280/11
f 99/281/7 98/282/7 102/283/7 103/284/7
f 120/285/24 123/286/24 137/287/24 130/288/24
f 109/289/39 135/290/39 134/291/39 108/292/39
f 135/293/40 136/59/14 137/58/14 134/294/40
f 131/60/13 132/295/41 133/296/41 130/57/13
f 113/297/12 109/298/12 108/299/12 112/300/12
f 112/300/12 111/65/12 110/64/12 113/297/12
f 119/301/24 120/285/24 130/288/24 133/302/24
f 122/303/7 121/13/7 131/16/7 136/304/7
f 123/286/24 116/305/24 134/306/24 137/287/24
f 128/307/42 114/308/43 107/309/44 111/310/42
f 125/200/33 128/307/42 111/310/42 112/201/33
f 114/308/43 119/301/24 133/302/24 107/309/44
f 115/311/45 129/79/16 110/80/16 106/312/46
f 117/10/7 122/303/7 136/304/7 135/11/7
f 118/14/7 115/311/45 106/312/46 132/15/7
f 116/305/24 127/199/32 108/202/34 134/306/24
f 3/243/10 119/313/10 114/314/10 7/244/10
f 115/315/12 68/186/12 67/45/12 129/316/12
f 7/257/12 114/317/12 128/318/12 26/258/12
f 118/319/10 11/178/10 68/177/10 115/320/10
f 117/321/11 17/90/17 31/89/18 122/322/11
f 5/247/5 127/323/5 116/324/5 1/248/5
f 1/253/11 116/325/11 123/326/11 22/254/11
f 126/327/5 65/189/5 17/188/5 117/328/5
f 21/255/11 120/329/11 119/330/11 3/256/11
f 121/331/11 32/86/18 11/85/17 118/332/11
f 32/86/18 121/331/11 122/322/11 31/89/18
f 120/329/11 21/255/11 22/254/11 123/326/11
f 25/259/12 125/333/12 127/334/12 5/260/12
f 128/318/12 125/333/12 25/259/12 26/258/12
f 124/335/12 66/44/12 65/197/12 126/336/12
f 67/45/12 66/44/12 124/335/12 129/316/12
f 139/337/10 138/338/10 144/339/10 146/340/10
f 90/341/47 138/342/47 140/343/7 141/344/7
f 139/345/48 91/346/48 143/347/7 142/348/7
f 91/346/48 90/341/47 141/344/7 143/347/7
f 138/342/47 139/345/48 142/348/7 140/343/7
f 145/349/49 147/350/50 146/351/50 144/352/49
f 91/353/48 139/354/48 146/355/50 147/356/50
f 90/357/5 91/358/5 147/359/5 145/360/5
f 138/361/47 90/362/47 145/363/49 144/364/49
f 148/365/24 156/366/24 157/367/24 150/368/24
f 150/369/11 157/370/11 158/371/11 154/372/11
f 154/373/7 158/374/7 159/375/7 152/376/7
f 152/377/12 159/378/12 156/379/12 148/380/12
f 149/381/11 153/382/11 163/383/11 160/384/11
f 149/385/5 151/386/5 157/387/5 156/388/5
f 151/386/5 155/389/5 158/390/5 157/387/5
f 155/389/5 153/391/5 159/392/5 158/390/5
f 153/391/5 149/385/5 156/388/5 159/392/5
f 155/393/12 151/394/12 161/395/12 162/396/12
f 153/397/24 155/398/24 162/399/24 163/400/24
f 151/401/7 149/402/7 160/403/7 161/404/7
f 41/405/5 95/406/5 164/249/5 165/6/5
f 44/407/5 41/405/5 165/6/5 166/5/5
f 92/408/5 44/407/5 166/5/5 167/250/5
f 95/406/5 92/408/5 167/250/5 164/249/5
f 95/406/5 41/405/5 44/407/5 92/408/5
o Plane
v 25.965981 7.699241 -3.091541
v 25.965981 7.577762 -3.119082
v 24.048351 7.699241 -3.091541
v 24.048351 7.577762 -3.119081
v 25.475975 7.699241 -3.091541
v 25.228525 7.668740 -3.098456
v 24.785807 7.668740 -3.098456
v 24.538357 7.699241 -3.091541
v 24.538357 7.577762 -3.119081
v 24.785807 7.547262 -3.125996
v 25.228525 7.547262 -3.125996
v 25.475975 7.577762 -3.119082
vn -0.0000 0.2211 -0.9753
vt 0.461297 0.680081
vt 0.461297 0.669857
vt 0.484032 0.672424
vt 0.484032 0.682648
vt 0.547445 0.669857
vt 0.547445 0.680081
vt 0.524709 0.682648
vt 0.524709 0.672424
vt 0.592466 0.669857
vt 0.592466 0.680081
vt 0.416276 0.680081
vt 0.416276 0.669857
s 0
usemtl Main
f 176/409/51 175/410/51 174/411/51 177/412/51
f 172/413/51 179/414/51 178/415/51 173/416/51
f 177/412/51 174/411/51 173/416/51 178/415/51
f 168/417/51 169/418/51 179/414/51 172/413/51
f 175/410/51 176/409/51 171/419/51 170/420/51
o Plane.001
v 25.965984 7.582278 -3.091532
v 25.965984 7.466463 -3.119099
v 25.475979 7.582278 -3.091532
v 25.228529 7.553200 -3.098453
v 25.475979 7.466463 -3.119099
v 25.228529 7.437385 -3.126020
v 24.785810 7.437385 -3.126020
v 24.538361 7.466463 -3.119099
v 24.785810 7.553200 -3.098453
v 24.538361 7.582278 -3.091532
v 24.048355 7.582278 -3.091532
v 24.048355 7.466463 -3.119099
vn -0.0000 0.2316 -0.9728
vt 0.410959 0.038579
vt 0.410959 0.048803
vt 0.365938 0.048803
vt 0.365938 0.038579
vt 0.343202 0.051370
vt 0.343202 0.041146
vt 0.302526 0.051370
vt 0.302526 0.041146
vt 0.279790 0.048803
vt 0.279790 0.038579
vt 0.234769 0.048803
vt 0.234769 0.038579
s 0
usemtl Main
f 180/421/52 181/422/52 184/423/52 182/424/52
f 182/424/52 184/423/52 185/425/52 183/426/52
f 186/427/52 188/428/52 183/426/52 185/425/52
f 187/429/52 189/430/52 188/428/52 186/427/52
f 189/430/52 187/429/52 191/431/52 190/432/52
o Plane.002
v 25.965977 7.474822 -3.089838
v 25.965977 7.353646 -3.118681
v 25.475971 7.474822 -3.089838
v 25.228521 7.444398 -3.097080
v 25.475971 7.353646 -3.118681
v 25.228521 7.323222 -3.125923
v 24.785803 7.323222 -3.125923
v 24.538353 7.353646 -3.118681
v 24.785803 7.444398 -3.097080
v 24.538353 7.474822 -3.089838
v 24.048347 7.474822 -3.089838
v 24.048347 7.353646 -3.118681
vn -0.0000 0.2316 -0.9728
vt 0.413242 0.014606
vt 0.413242 0.024830
vt 0.368221 0.024830
vt 0.368221 0.014606
vt 0.345485 0.027397
vt 0.345485 0.017173
vt 0.304809 0.027397
vt 0.304809 0.017173
vt 0.282073 0.024830
vt 0.282073 0.014606
vt 0.237052 0.024830
vt 0.237052 0.014606
s 0
usemtl Main
f 192/433/53 193/434/53 196/435/53 194/436/53
f 194/436/53 196/435/53 197/437/53 195/438/53
f 198/439/53 200/440/53 195/438/53 197/437/53
f 199/441/53 201/442/53 200/440/53 198/439/53
f 201/442/53 199/441/53 203/443/53 202/444/53
o Plane.003
v 25.965981 7.358754 -3.091397
v 25.965981 7.242353 -3.119103
v 25.475975 7.358754 -3.091397
v 25.228525 7.329528 -3.098353
v 25.475975 7.242353 -3.119103
v 25.228525 7.213128 -3.126060
v 24.785807 7.213128 -3.126060
v 24.538357 7.242353 -3.119103
v 24.785807 7.329528 -3.098353
v 24.538357 7.358754 -3.091397
v 24.048351 7.358754 -3.091397
v 24.048351 7.242353 -3.119103
vn -0.0000 0.2316 -0.9728
vt 0.234018 0.598173
vt 0.223794 0.598173
vt 0.223794 0.553152
vt 0.234018 0.553152
vt 0.221227 0.530417
vt 0.231451 0.530417
vt 0.221227 0.489740
vt 0.231451 0.489740
vt 0.223794 0.467005
vt 0.234018 0.467005
vt 0.223794 0.421984
vt 0.234018 0.421984
s 0
usemtl Main
f 204/445/54 205/446/54 208/447/54 206/448/54
f 206/448/54 208/447/54 209/449/54 207/450/54
f 210/451/54 212/452/54 207/450/54 209/449/54
f 211/453/54 213/454/54 212/452/54 210/451/54
f 213/454/54 211/453/54 215/455/54 214/456/54
o Plane.004
v 25.965981 7.250363 -3.090053
v 25.965981 7.129690 -3.118776
v 25.475975 7.250363 -3.090053
v 25.228525 7.220065 -3.097265
v 25.475975 7.129690 -3.118776
v 25.228525 7.099391 -3.125988
v 24.785807 7.099391 -3.125988
v 24.538357 7.129690 -3.118776
v 24.785807 7.220065 -3.097265
v 24.538357 7.250363 -3.090053
v 24.048351 7.250363 -3.090053
v 24.048351 7.129690 -3.118776
vn -0.0000 0.2316 -0.9728
vt 0.415525 0.051136
vt 0.415525 0.061360
vt 0.370504 0.061360
vt 0.370504 0.051136
vt 0.347769 0.063927
vt 0.347769 0.053703
vt 0.307092 0.063927
vt 0.307092 0.053703
vt 0.284356 0.061360
vt 0.284356 0.051136
vt 0.239335 0.061360
vt 0.239335 0.051136
s 0
usemtl Main
f 216/457/55 217/458/55 220/459/55 218/460/55
f 218/460/55 220/459/55 221/461/55 219/462/55
f 222/463/55 224/464/55 219/462/55 221/461/55
f 223/465/55 225/466/55 224/464/55 222/463/55
f 225/466/55 223/465/55 227/467/55 226/468/55
o Plane.005
v 25.965981 7.135107 -3.091300
v 25.965981 7.018241 -3.119117
v 25.475975 7.135107 -3.091300
v 25.228525 7.105764 -3.098284
v 25.475975 7.018241 -3.119117
v 25.228525 6.988899 -3.126101
v 24.785807 6.988899 -3.126101
v 24.538357 7.018241 -3.119117
v 24.785807 7.105764 -3.098284
v 24.538357 7.135107 -3.091300
v 24.048351 7.135107 -3.091300
v 24.048351 7.018241 -3.119117
vn -0.0000 0.2316 -0.9728
vt 0.245434 0.598173
vt 0.235210 0.598173
vt 0.235210 0.553152
vt 0.245434 0.553152
vt 0.232643 0.530417
vt 0.242867 0.530417
vt 0.232643 0.489740
vt 0.242867 0.489740
vt 0.235210 0.467005
vt 0.245434 0.467005
vt 0.235210 0.421984
vt 0.245434 0.421984
s 0
usemtl Main
f 228/469/56 229/470/56 232/471/56 230/472/56
f 230/472/56 232/471/56 233/473/56 231/474/56
f 234/475/56 236/476/56 231/474/56 233/473/56
f 235/477/56 237/478/56 236/476/56 234/475/56
f 237/478/56 235/477/56 239/479/56 238/480/56
o Plane.006
v 25.965981 7.025974 -3.090233
v 25.965981 6.905702 -3.118861
v 25.475975 7.025974 -3.090233
v 25.228525 6.995777 -3.097421
v 25.475975 6.905702 -3.118861
v 25.228525 6.875505 -3.126049
v 24.785807 6.875505 -3.126049
v 24.538357 6.905702 -3.118861
v 24.785807 6.995777 -3.097421
v 24.538357 7.025974 -3.090233
v 24.048351 7.025974 -3.090233
v 24.048351 6.905702 -3.118861
vn -0.0000 0.2316 -0.9728
vt 0.256849 0.598173
vt 0.246625 0.598173
vt 0.246625 0.553152
vt 0.256849 0.553152
vt 0.244058 0.530417
vt 0.254282 0.530417
vt 0.244058 0.489740
vt 0.254282 0.489740
vt 0.246625 0.467005
vt 0.256849 0.467005
vt 0.246625 0.421984
vt 0.256849 0.421984
s 0
usemtl Main
f 240/481/57 241/482/57 244/483/57 242/484/57
f 242/484/57 244/483/57 245/485/57 243/486/57
f 246/487/57 248/488/57 243/486/57 245/485/57
f 247/489/57 249/490/57 248/488/57 246/487/57
f 249/490/57 247/489/57 251/491/57 250/492/57
o Plane.007
v 25.965981 6.911369 -3.091233
v 25.965981 6.794135 -3.119138
v 25.475975 6.911369 -3.091233
v 25.228525 6.881935 -3.098240
v 25.475975 6.794135 -3.119138
v 25.228525 6.764700 -3.126145
v 24.785807 6.764700 -3.126145
v 24.538357 6.794135 -3.119138
v 24.785807 6.881935 -3.098240
v 24.538357 6.911369 -3.091233
v 24.048351 6.911369 -3.091233
v 24.048351 6.794135 -3.119138
vn -0.0000 0.2316 -0.9728
vt 0.374429 0.000907
vt 0.374429 0.011132
vt 0.329408 0.011132
vt 0.329408 0.000907
vt 0.306673 0.013699
vt 0.306673 0.003474
vt 0.265996 0.013699
vt 0.265996 0.003474
vt 0.243261 0.011132
vt 0.243261 0.000907
vt 0.198239 0.011132
vt 0.198239 0.000907
s 0
usemtl Main
f 252/493/58 253/494/58 256/495/58 254/496/58
f 254/496/58 256/495/58 257/497/58 255/498/58
f 258/499/58 260/500/58 255/498/58 257/497/58
f 259/501/58 261/502/58 260/500/58 258/499/58
f 261/502/58 259/501/58 263/503/58 262/504/58
o Plane.008
v 25.965981 6.801644 -3.090389
v 25.965981 6.681694 -3.118941
v 25.475975 6.801644 -3.090389
v 25.228525 6.771528 -3.097558
v 25.475975 6.681694 -3.118941
v 25.228525 6.651577 -3.126109
v 24.785807 6.651577 -3.126109
v 24.538357 6.681694 -3.118941
v 24.785807 6.771528 -3.097558
v 24.538357 6.801644 -3.090389
v 24.048351 6.801644 -3.090389
v 24.048351 6.681694 -3.118941
vn -0.0000 0.2316 -0.9728
vt 0.469178 0.560268
vt 0.469178 0.570492
vt 0.424157 0.570492
vt 0.424157 0.560268
vt 0.401421 0.573059
vt 0.401421 0.562835
vt 0.360745 0.573059
vt 0.360745 0.562835
vt 0.338009 0.570492
vt 0.338009 0.560268
vt 0.292988 0.570492
vt 0.292988 0.560268
s 0
usemtl Main
f 264/505/59 265/506/59 268/507/59 266/508/59
f 266/508/59 268/507/59 269/509/59 267/510/59
f 270/511/59 272/512/59 267/510/59 269/509/59
f 271/513/59 273/514/59 272/512/59 270/511/59
f 273/514/59 271/513/59 275/515/59 274/516/59
o Plane.009
v 25.965981 6.687557 -3.091191
v 25.965981 6.570029 -3.119166
v 25.475975 6.687557 -3.091191
v 25.228525 6.658049 -3.098215
v 25.475975 6.570029 -3.119166
v 25.228525 6.540521 -3.126190
v 24.785807 6.540521 -3.126190
v 24.538357 6.570029 -3.119166
v 24.785807 6.658049 -3.098215
v 24.538357 6.687557 -3.091191
v 24.048351 6.687557 -3.091191
v 24.048351 6.570029 -3.119166
vn -0.0000 0.2316 -0.9728
vt 0.415525 0.062551
vt 0.415525 0.072775
vt 0.370504 0.072775
vt 0.370504 0.062551
vt 0.347769 0.075342
vt 0.347768 0.065118
vt 0.307092 0.075342
vt 0.307092 0.065118
vt 0.284356 0.072775
vt 0.284356 0.062551
vt 0.239335 0.072775
vt 0.239335 0.062551
s 0
usemtl Main
f 276/517/60 277/518/60 280/519/60 278/520/60
f 278/520/60 280/519/60 281/521/60 279/522/60
f 282/523/60 284/524/60 279/522/60 281/521/60
f 283/525/60 285/526/60 284/524/60 282/523/60
f 285/526/60 283/525/60 287/527/60 286/528/60
o Plane.010
v 25.965981 6.577363 -3.090523
v 25.965981 6.457669 -3.119013
v 25.475975 6.577363 -3.090523
v 25.228525 6.547311 -3.097676
v 25.475975 6.457669 -3.119013
v 25.228525 6.427618 -3.126166
v 24.785807 6.427618 -3.126166
v 24.538357 6.457669 -3.119013
v 24.785807 6.547311 -3.097676
v 24.538357 6.577363 -3.090522
v 24.048351 6.577363 -3.090522
v 24.048351 6.457669 -3.119013
vn -0.0000 0.2316 -0.9728
vt 0.469178 0.571684
vt 0.469178 0.581908
vt 0.424157 0.581908
vt 0.424157 0.571684
vt 0.401421 0.584475
vt 0.401421 0.574251
vt 0.360745 0.584475
vt 0.360745 0.574251
vt 0.338009 0.581908
vt 0.338009 0.571684
vt 0.292988 0.581908
vt 0.292988 0.571684
s 0
usemtl Main
f 288/529/61 289/530/61 292/531/61 290/532/61
f 290/532/61 292/531/61 293/533/61 291/534/61
f 294/535/61 296/536/61 291/534/61 293/533/61
f 295/537/61 297/538/61 296/536/61 294/535/61
f 297/538/61 295/537/61 299/539/61 298/540/61
o Plane.011
v 25.965981 6.463690 -3.091167
v 25.965981 6.345928 -3.119198
v 25.475975 6.463690 -3.091167
v 25.228525 6.434123 -3.098205
v 25.475975 6.345928 -3.119198
v 25.228525 6.316361 -3.126235
v 24.785807 6.316361 -3.126235
v 24.538357 6.345928 -3.119198
v 24.785807 6.434123 -3.098205
v 24.538357 6.463690 -3.091167
v 24.048351 6.463690 -3.091167
v 24.048351 6.345928 -3.119198
vn -0.0000 0.2316 -0.9728
vt 0.222603 0.598173
vt 0.212379 0.598173
vt 0.212379 0.553152
vt 0.222603 0.553152
vt 0.209811 0.530417
vt 0.220036 0.530417
vt 0.209811 0.489740
vt 0.220036 0.489740
vt 0.212379 0.467005
vt 0.222603 0.467005
vt 0.212379 0.421984
vt 0.222603 0.421984
s 0
usemtl Main
f 300/541/62 301/542/62 304/543/62 302/544/62
f 302/544/62 304/543/62 305/545/62 303/546/62
f 306/547/62 308/548/62 303/546/62 305/545/62
f 307/549/62 309/550/62 308/548/62 306/547/62
f 309/550/62 307/549/62 311/551/62 310/552/62
o Plane.012
v 25.965981 6.353122 -3.090640
v 25.965981 6.233634 -3.119082
v 25.475975 6.353122 -3.090640
v 25.228525 6.323121 -3.097781
v 25.475975 6.233634 -3.119082
v 25.228525 6.203633 -3.126223
v 24.785807 6.203633 -3.126223
v 24.538357 6.233634 -3.119082
v 24.785807 6.323121 -3.097781
v 24.538357 6.353122 -3.090640
v 24.048351 6.353122 -3.090640
v 24.048351 6.233634 -3.119081
vn -0.0000 0.2316 -0.9728
vt 0.410959 0.027163
vt 0.410959 0.037387
vt 0.365938 0.037387
vt 0.365938 0.027163
vt 0.343202 0.039954
vt 0.343202 0.029730
vt 0.302526 0.039954
vt 0.302526 0.029730
vt 0.279790 0.037387
vt 0.279790 0.027163
vt 0.234769 0.037387
vt 0.234769 0.027163
s 0
usemtl Main
f 312/553/63 313/554/63 316/555/63 314/556/63
f 314/556/63 316/555/63 317/557/63 315/558/63
f 318/559/63 320/560/63 315/558/63 317/557/63
f 319/561/63 321/562/63 320/560/63 318/559/63
f 321/562/63 319/561/63 323/563/63 322/564/63
o Plane.013
v 25.965981 6.239780 -3.091160
v 25.965981 6.121832 -3.119235
v 25.475975 6.239780 -3.091160
v 25.228525 6.210166 -3.098209
v 25.475975 6.121832 -3.119235
v 25.228525 6.092218 -3.126284
v 24.785807 6.092218 -3.126284
v 24.538357 6.121832 -3.119235
v 24.785807 6.210166 -3.098209
v 24.538357 6.239780 -3.091160
v 24.048351 6.239780 -3.091160
v 24.048351 6.121832 -3.119235
vn -0.0000 0.2316 -0.9728
vt 0.592466 0.635610
vt 0.592466 0.645835
vt 0.547445 0.645835
vt 0.547445 0.635610
vt 0.524709 0.648402
vt 0.524709 0.638178
vt 0.484033 0.648402
vt 0.484033 0.638178
vt 0.461297 0.645835
vt 0.461297 0.635610
vt 0.416276 0.645835
vt 0.416276 0.635610
s 0
usemtl Main
f 324/565/64 325/566/64 328/567/64 326/568/64
f 326/568/64 328/567/64 329/569/64 327/570/64
f 330/571/64 332/572/64 327/570/64 329/569/64
f 331/573/64 333/574/64 332/572/64 330/571/64
f 333/574/64 331/573/64 335/575/64 334/576/64
o Plane.014
v 25.965981 6.128914 -3.090745
v 25.965981 6.009590 -3.119147
v 25.475975 6.128914 -3.090745
v 25.228525 6.098955 -3.097876
v 25.475975 6.009590 -3.119147
v 25.228525 5.979630 -3.126278
v 24.785807 5.979630 -3.126278
v 24.538357 6.009590 -3.119147
v 24.785807 6.098955 -3.097876
v 24.538357 6.128914 -3.090745
v 24.048351 6.128914 -3.090745
v 24.048351 6.009590 -3.119147
vn -0.0000 0.2316 -0.9728
vt 0.268265 0.598173
vt 0.258041 0.598173
vt 0.258041 0.553152
vt 0.268265 0.553152
vt 0.255474 0.530417
vt 0.265698 0.530417
vt 0.255474 0.489740
vt 0.265698 0.489740
vt 0.258041 0.467005
vt 0.268265 0.467005
vt 0.258041 0.421984
vt 0.268265 0.421984
s 0
usemtl Main
f 336/577/65 337/578/65 340/579/65 338/580/65
f 338/580/65 340/579/65 341/581/65 339/582/65
f 342/583/65 344/584/65 339/582/65 341/581/65
f 343/585/65 345/586/65 344/584/65 342/583/65
f 345/586/65 343/585/65 347/587/65 346/588/65
o Plane.015
v 25.965981 6.015836 -3.091165
v 25.965981 5.897740 -3.119275
v 25.475975 6.015836 -3.091165
v 25.228525 5.986185 -3.098223
v 25.475975 5.897740 -3.119275
v 25.228525 5.868089 -3.126333
v 24.785807 5.868089 -3.126333
v 24.538357 5.897740 -3.119275
v 24.785807 5.986185 -3.098223
v 24.538357 6.015836 -3.091165
v 24.048351 6.015836 -3.091165
v 24.048351 5.897740 -3.119275
vn -0.0000 0.2316 -0.9728
vt 0.592466 0.647026
vt 0.592466 0.657250
vt 0.547445 0.657250
vt 0.547445 0.647026
vt 0.524709 0.659817
vt 0.524709 0.649593
vt 0.484033 0.659817
vt 0.484033 0.649593
vt 0.461297 0.657250
vt 0.461297 0.647026
vt 0.416276 0.657250
vt 0.416276 0.647026
s 0
usemtl Main
f 348/589/66 349/590/66 352/591/66 350/592/66
f 350/592/66 352/591/66 353/593/66 351/594/66
f 354/595/66 356/596/66 351/594/66 353/593/66
f 355/597/66 357/598/66 356/596/66 354/595/66
f 357/598/66 355/597/66 359/599/66 358/600/66
o Plane.016
v 25.965981 5.904732 -3.090837
v 25.965981 5.785539 -3.119209
v 25.475975 5.904732 -3.090837
v 25.228525 5.874806 -3.097961
v 25.475975 5.785539 -3.119209
v 25.228525 5.755612 -3.126332
v 24.785807 5.755612 -3.126332
v 24.538357 5.785539 -3.119209
v 24.785807 5.874806 -3.097961
v 24.538357 5.904732 -3.090837
v 24.048351 5.904732 -3.090837
v 24.048351 5.785539 -3.119209
vn -0.0000 0.2316 -0.9728
vt 0.415525 0.073967
vt 0.415525 0.084191
vt 0.370504 0.084191
vt 0.370504 0.073967
vt 0.347769 0.086758
vt 0.347769 0.076534
vt 0.307092 0.086758
vt 0.307092 0.076534
vt 0.284356 0.084191
vt 0.284356 0.073967
vt 0.239335 0.084191
vt 0.239335 0.073967
s 0
usemtl Main
f 360/601/67 361/602/67 364/603/67 362/604/67
f 362/604/67 364/603/67 365/605/67 363/606/67
f 366/607/67 368/608/67 363/606/67 365/605/67
f 367/609/67 369/610/67 368/608/67 366/607/67
f 369/610/67 367/609/67 371/611/67 370/612/67
o Plane.017
v 25.965981 5.791864 -3.091177
v 25.965981 5.673650 -3.119316
v 25.475975 5.791864 -3.091177
v 25.228525 5.762184 -3.098242
v 25.475975 5.673650 -3.119316
v 25.228525 5.643970 -3.126380
v 24.785807 5.643970 -3.126380
v 24.538357 5.673650 -3.119316
v 24.785807 5.762184 -3.098242
v 24.538357 5.791864 -3.091177
v 24.048351 5.791864 -3.091177
v 24.048351 5.673650 -3.119316
vn -0.0000 0.2316 -0.9728
vt 0.415525 0.085382
vt 0.415525 0.095606
vt 0.370504 0.095606
vt 0.370504 0.085382
vt 0.347769 0.098174
vt 0.347768 0.087949
vt 0.307092 0.098174
vt 0.307092 0.087949
vt 0.284356 0.095606
vt 0.284356 0.085382
vt 0.239335 0.095606
vt 0.239335 0.085382
s 0
usemtl Main
f 372/613/68 373/614/68 376/615/68 374/616/68
f 374/616/68 376/615/68 377/617/68 375/618/68
f 378/619/68 380/620/68 375/618/68 377/617/68
f 379/621/68 381/622/68 380/620/68 378/619/68
f 381/622/68 379/621/68 383/623/68 382/624/68
o Plane.018
v 25.965981 5.680572 -3.090922
v 25.965981 5.561483 -3.119268
v 25.475975 5.680572 -3.090922
v 25.228525 5.650671 -3.098039
v 25.475975 5.561483 -3.119268
v 25.228525 5.531583 -3.126385
v 24.785807 5.531583 -3.126385
v 24.538357 5.561483 -3.119268
v 24.785807 5.650671 -3.098039
v 24.538357 5.680572 -3.090922
v 24.048351 5.680572 -3.090922
v 24.048351 5.561483 -3.119268
vn -0.0000 0.2316 -0.9728
vt 0.598173 0.301136
vt 0.598173 0.311360
vt 0.553152 0.311360
vt 0.553152 0.301136
vt 0.530417 0.313927
vt 0.530417 0.303703
vt 0.489740 0.313927
vt 0.489740 0.303703
vt 0.467005 0.311360
vt 0.467005 0.301136
vt 0.421984 0.311360
vt 0.421984 0.301136
s 0
usemtl Main
f 384/625/69 385/626/69 388/627/69 386/628/69
f 386/628/69 388/627/69 389/629/69 387/630/69
f 390/631/69 392/632/69 387/630/69 389/629/69
f 391/633/69 393/634/69 392/632/69 390/631/69
f 393/634/69 391/633/69 395/635/69 394/636/69
o Plane.019
v 25.965981 5.567873 -3.091198
v 25.965981 5.449565 -3.119359
v 25.475975 5.567873 -3.091198
v 25.228525 5.538168 -3.098269
v 25.475975 5.449565 -3.119359
v 25.228525 5.419861 -3.126429
v 24.785807 5.419861 -3.126429
v 24.538357 5.449565 -3.119359
v 24.785807 5.538168 -3.098269
v 24.538357 5.567873 -3.091198
v 24.048351 5.567873 -3.091198
v 24.048351 5.449565 -3.119359
vn -0.0000 0.2316 -0.9728
vt 0.415525 0.096798
vt 0.415525 0.107022
vt 0.370504 0.107022
vt 0.370504 0.096798
vt 0.347769 0.109589
vt 0.347769 0.099365
vt 0.307092 0.109589
vt 0.307092 0.099365
vt 0.284356 0.107022
vt 0.284356 0.096798
vt 0.239335 0.107022
vt 0.239335 0.096798
s 0
usemtl Main
f 396/637/70 397/638/70 400/639/70 398/640/70
f 398/640/70 400/639/70 401/641/70 399/642/70
f 402/643/70 404/644/70 399/642/70 401/641/70
f 403/645/70 405/646/70 404/644/70 402/643/70
f 405/646/70 403/645/70 407/647/70 406/648/70
o Plane.020
v 25.965981 5.456429 -3.091001
v 25.965981 5.337423 -3.119328
v 25.475975 5.456429 -3.091001
v 25.228525 5.426549 -3.098113
v 25.475975 5.337423 -3.119328
v 25.228525 5.307544 -3.126440
v 24.785807 5.307544 -3.126440
v 24.538357 5.337423 -3.119328
v 24.785807 5.426549 -3.098113
v 24.538357 5.456429 -3.091001
v 24.048351 5.456429 -3.091001
v 24.048351 5.337423 -3.119328
vn -0.0000 0.2316 -0.9728
vt 0.598173 0.312551
vt 0.598173 0.322775
vt 0.553152 0.322775
vt 0.553152 0.312551
vt 0.530417 0.325343
vt 0.530417 0.315118
vt 0.489740 0.325343
vt 0.489740 0.315118
vt 0.467005 0.322775
vt 0.467005 0.312551
vt 0.421984 0.322775
vt 0.421984 0.312551
s 0
usemtl Main
f 408/649/71 409/650/71 412/651/71 410/652/71
f 410/652/71 412/651/71 413/653/71 411/654/71
f 414/655/71 416/656/71 411/654/71 413/653/71
f 415/657/71 417/658/71 416/656/71 414/655/71
f 417/658/71 415/657/71 419/659/71 418/660/71
o Plane.021
v 25.965981 5.343864 -3.091226
v 25.965981 5.225482 -3.119404
v 25.475975 5.343864 -3.091226
v 25.228525 5.314141 -3.098300
v 25.475975 5.225482 -3.119404
v 25.228525 5.195759 -3.126479
v 24.785807 5.195759 -3.126479
v 24.538357 5.225482 -3.119404
v 24.785807 5.314141 -3.098300
v 24.538357 5.343864 -3.091226
v 24.048351 5.343864 -3.091226
v 24.048351 5.225482 -3.119404
vn -0.0000 0.2316 -0.9728
vt 0.013699 0.509132
vt 0.003474 0.509132
vt 0.003474 0.464111
vt 0.013699 0.464111
vt 0.000907 0.441376
vt 0.011132 0.441376
vt 0.000907 0.400699
vt 0.011132 0.400699
vt 0.003474 0.377964
vt 0.013699 0.377964
vt 0.003474 0.332942
vt 0.013699 0.332942
s 0
usemtl Main
f 420/661/72 421/662/72 424/663/72 422/664/72
f 422/664/72 424/663/72 425/665/72 423/666/72
f 426/667/72 428/668/72 423/666/72 425/665/72
f 427/669/72 429/670/72 428/668/72 426/667/72
f 429/670/72 427/669/72 431/671/72 430/672/72
o Plane.022
v 25.965981 5.232300 -3.091073
v 25.965981 5.113360 -3.119384
v 25.475975 5.232300 -3.091073
v 25.228525 5.202437 -3.098181
v 25.475975 5.113360 -3.119384
v 25.228525 5.083498 -3.126492
v 24.785807 5.083498 -3.126492
v 24.538357 5.113360 -3.119384
v 24.785807 5.202437 -3.098181
v 24.538357 5.232300 -3.091073
v 24.048351 5.232300 -3.091073
v 24.048351 5.113360 -3.119384
vn -0.0000 0.2316 -0.9728
vt 0.592466 0.658442
vt 0.592466 0.668666
vt 0.547445 0.668666
vt 0.547445 0.658442
vt 0.524709 0.671233
vt 0.524709 0.661009
vt 0.484033 0.671233
vt 0.484033 0.661009
vt 0.461297 0.668666
vt 0.461297 0.658442
vt 0.416276 0.668666
vt 0.416276 0.658442
s 0
usemtl Main
f 432/673/73 433/674/73 436/675/73 434/676/73
f 434/676/73 436/675/73 437/677/73 435/678/73
f 438/679/73 440/680/73 435/678/73 437/677/73
f 439/681/73 441/682/73 440/680/73 438/679/73
f 441/682/73 439/681/73 443/683/73 442/684/73
o Plane.023
v 25.965981 5.119841 -3.091258
v 25.965981 5.001398 -3.119451
v 25.475975 5.119841 -3.091258
v 25.228525 5.090103 -3.098336
v 25.475975 5.001398 -3.119451
v 25.228525 4.971661 -3.126529
v 24.785807 4.971661 -3.126529
v 24.538357 5.001398 -3.119451
v 24.785807 5.090103 -3.098336
v 24.538357 5.119841 -3.091258
v 24.048351 5.119841 -3.091258
v 24.048351 5.001398 -3.119451
vn -0.0000 0.2316 -0.9728
vt 0.469178 0.537437
vt 0.469178 0.547661
vt 0.424157 0.547661
vt 0.424157 0.537437
vt 0.401422 0.550228
vt 0.401422 0.540004
vt 0.360745 0.550228
vt 0.360745 0.540004
vt 0.338009 0.547661
vt 0.338009 0.537437
vt 0.292988 0.547661
vt 0.292988 0.537437
s 0
usemtl Main
f 444/685/74 445/686/74 448/687/74 446/688/74
f 446/688/74 448/687/74 449/689/74 447/690/74
f 450/691/74 452/692/74 447/690/74 449/689/74
f 451/693/74 453/694/74 452/692/74 450/691/74
f 453/694/74 451/693/74 455/695/74 454/696/74
o Plane.024
v 25.965981 5.008180 -3.091142
v 25.965981 4.889294 -3.119440
v 25.475975 5.008180 -3.091142
v 25.228525 4.978331 -3.098247
v 25.475975 4.889294 -3.119440
v 25.228525 4.859445 -3.126545
v 24.785807 4.859445 -3.126545
v 24.538357 4.889294 -3.119440
v 24.785807 4.978331 -3.098247
v 24.538357 5.008180 -3.091142
v 24.048351 5.008180 -3.091142
v 24.048351 4.889294 -3.119440
vn -0.0000 0.2316 -0.9728
vt 0.469178 0.548853
vt 0.469178 0.559077
vt 0.424157 0.559077
vt 0.424157 0.548853
vt 0.401422 0.561644
vt 0.401422 0.551419
vt 0.360745 0.561644
vt 0.360745 0.551419
vt 0.338009 0.559077
vt 0.338009 0.548853
vt 0.292988 0.559077
vt 0.292988 0.548853
s 0
usemtl Main
f 456/697/75 457/698/75 460/699/75 458/700/75
f 458/700/75 460/699/75 461/701/75 459/702/75
f 462/703/75 464/704/75 459/702/75 461/701/75
f 463/705/75 465/706/75 464/704/75 462/703/75
f 465/706/75 463/705/75 467/707/75 466/708/75
o Plane.025
v 25.965981 4.895807 -3.091294
v 25.965981 4.777317 -3.119498
v 25.475975 4.895807 -3.091294
v 25.228525 4.866057 -3.098375
v 25.475975 4.777317 -3.119498
v 25.228525 4.747567 -3.126579
v 24.785807 4.747567 -3.126579
v 24.538357 4.777317 -3.119498
v 24.785807 4.866057 -3.098375
v 24.538357 4.895807 -3.091294
v 24.048351 4.895807 -3.091294
v 24.048351 4.777317 -3.119498
vn -0.0000 0.2316 -0.9728
vt 0.592466 0.612779
vt 0.592466 0.623004
vt 0.547445 0.623004
vt 0.547445 0.612779
vt 0.524709 0.625571
vt 0.524709 0.615347
vt 0.484032 0.625571
vt 0.484032 0.615347
vt 0.461297 0.623004
vt 0.461297 0.612779
vt 0.416276 0.623004
vt 0.416276 0.612779
s 0
usemtl Main
f 468/709/76 469/710/76 472/711/76 470/712/76
f 470/712/76 472/711/76 473/713/76 471/714/76
f 474/715/76 476/716/76 471/714/76 473/713/76
f 475/717/76 477/718/76 476/716/76 474/715/76
f 477/718/76 475/717/76 479/719/76 478/720/76
o Plane.026
v 25.965981 4.784070 -3.091205
v 25.965981 4.665226 -3.119493
v 25.475975 4.784070 -3.091205
v 25.228525 4.754231 -3.098308
v 25.475975 4.665226 -3.119493
v 25.228525 4.635388 -3.126595
v 24.785807 4.635388 -3.126595
v 24.538357 4.665226 -3.119493
v 24.785807 4.754231 -3.098308
v 24.538357 4.784070 -3.091205
v 24.048351 4.784070 -3.091205
v 24.048351 4.665226 -3.119493
vn -0.0000 0.2316 -0.9728
vt 0.592466 0.624195
vt 0.592466 0.634419
vt 0.547445 0.634419
vt 0.547445 0.624195
vt 0.524709 0.636986
vt 0.524709 0.626762
vt 0.484032 0.636986
vt 0.484032 0.626762
vt 0.461297 0.634419
vt 0.461297 0.624195
vt 0.416276 0.634419
vt 0.416276 0.624195
s 0
usemtl Main
f 480/721/77 481/722/77 484/723/77 482/724/77
f 482/724/77 484/723/77 485/725/77 483/726/77
f 486/727/77 488/728/77 483/726/77 485/725/77
f 487/729/77 489/730/77 488/728/77 486/727/77
f 489/730/77 487/729/77 491/731/77 490/732/77
o Cylinder
v 23.754269 7.276991 -2.347221
v 23.789280 7.697114 -2.347221
v 23.758305 7.276991 -2.388202
v 23.793015 7.697114 -2.385134
v 23.770258 7.276991 -2.427608
v 23.804071 7.697114 -2.421589
v 23.789671 7.276991 -2.463925
v 23.822031 7.697114 -2.455186
v 23.815794 7.276991 -2.495757
v 23.846199 7.697114 -2.484635
v 23.847626 7.276991 -2.521881
v 23.875647 7.697114 -2.508803
v 23.911858 7.276991 -2.553247
v 23.915485 7.697114 -2.529515
v 23.911858 7.276991 -2.141196
v 23.915485 7.697114 -2.164928
v 23.847626 7.276991 -2.172562
v 23.875647 7.697114 -2.185640
v 23.815794 7.276991 -2.198685
v 23.846199 7.697114 -2.209808
v 23.789671 7.276991 -2.230517
v 23.822031 7.697114 -2.239256
v 23.770258 7.276991 -2.266834
v 23.804071 7.697114 -2.272854
v 23.758305 7.276991 -2.306240
v 23.793015 7.697114 -2.309309
v 23.858343 7.313682 -2.188601
v 23.829435 7.660424 -2.212326
v 23.829435 7.313682 -2.212326
v 23.805710 7.660424 -2.241235
v 23.805710 7.313682 -2.241235
v 23.911858 7.313682 -2.156690
v 23.911858 7.660424 -2.156690
v 23.911858 7.660424 -2.537752
v 23.911858 7.313682 -2.537752
v 23.788080 7.660424 -2.274216
v 23.788080 7.313682 -2.274216
v 23.773560 7.313682 -2.347221
v 23.773560 7.660424 -2.347221
v 23.777225 7.660424 -2.310004
v 23.777225 7.313682 -2.310004
v 23.754269 7.660424 -2.347221
v 23.754269 7.313682 -2.347221
v 23.758305 7.313682 -2.388202
v 23.758305 7.660424 -2.388202
v 23.770258 7.313682 -2.427608
v 23.770258 7.660424 -2.427608
v 23.789671 7.313682 -2.463925
v 23.789671 7.660424 -2.463925
v 23.815794 7.313682 -2.495757
v 23.815794 7.660424 -2.495757
v 23.847626 7.313682 -2.521881
v 23.847626 7.660424 -2.521881
v 23.911858 7.313682 -2.553247
v 23.911858 7.660424 -2.553247
v 23.911858 7.660424 -2.141196
v 23.911858 7.313682 -2.141196
v 23.847626 7.313682 -2.172562
v 23.847626 7.660424 -2.172562
v 23.815794 7.313682 -2.198685
v 23.815794 7.660424 -2.198685
v 23.789671 7.313682 -2.230517
v 23.789671 7.660424 -2.230517
v 23.770258 7.313682 -2.266834
v 23.770258 7.660424 -2.266834
v 23.758305 7.313682 -2.306240
v 23.758305 7.660424 -2.306240
v 23.858343 7.660424 -2.188601
v 23.858343 7.313682 -2.505842
v 23.858343 7.660424 -2.505842
v 23.829435 7.313682 -2.482117
v 23.829435 7.660424 -2.482117
v 23.805710 7.313682 -2.453208
v 23.805710 7.660424 -2.453208
v 23.788080 7.313682 -2.420226
v 23.788080 7.660424 -2.420226
v 23.777225 7.313682 -2.384439
v 23.777225 7.660424 -2.384439
v 23.795773 7.313682 -2.378813
v 23.795773 7.660424 -2.378813
v 23.806629 7.313682 -2.414600
v 23.806629 7.660424 -2.414600
v 23.820692 7.313682 -2.440912
v 23.820692 7.660424 -2.440912
v 23.844418 7.313682 -2.469821
v 23.844418 7.660424 -2.469821
v 23.841730 7.313682 -2.227309
v 23.870640 7.313682 -2.203584
v 23.805174 7.313682 -2.283353
v 23.822803 7.313682 -2.250371
v 23.805174 7.660424 -2.283353
v 23.796515 7.660424 -2.311904
v 23.792849 7.660424 -2.349121
v 23.870640 7.660424 -2.203584
v 23.841730 7.660424 -2.227309
v 23.822803 7.660424 -2.250371
v 23.792849 7.313682 -2.349121
v 23.796515 7.313682 -2.311904
v 23.763227 7.267115 -2.347221
v 23.766718 7.267115 -2.382668
v 23.777058 7.267115 -2.416753
v 23.793848 7.267115 -2.448166
v 23.816444 7.267115 -2.475699
v 23.843979 7.267115 -2.498296
v 23.899536 7.267115 -2.525426
v 23.899536 7.267115 -2.169017
v 23.843979 7.267115 -2.196147
v 23.816444 7.267115 -2.218743
v 23.793848 7.267115 -2.246277
v 23.777058 7.267115 -2.277689
v 23.766718 7.267115 -2.311774
v 23.763227 7.238897 -2.347221
v 23.766718 7.238897 -2.382668
v 23.777058 7.238897 -2.416753
v 23.793848 7.238897 -2.448166
v 23.816444 7.238897 -2.475699
v 23.843979 7.238897 -2.498296
v 23.899536 7.238897 -2.525426
v 23.899536 7.238897 -2.169017
v 23.843979 7.238897 -2.196147
v 23.816444 7.238897 -2.218743
v 23.793848 7.238897 -2.246277
v 23.777058 7.238897 -2.277689
v 23.766718 7.238897 -2.311774
v 23.755630 7.232076 -2.347221
v 23.759583 7.232076 -2.387362
v 23.771292 7.232076 -2.425959
v 23.790306 7.232076 -2.461531
v 23.815893 7.232076 -2.492710
v 23.847073 7.232076 -2.518297
v 23.909985 7.232076 -2.549019
v 23.909985 7.232076 -2.145423
v 23.847073 7.232076 -2.176145
v 23.815893 7.232076 -2.201733
v 23.790306 7.232076 -2.232912
v 23.771292 7.232076 -2.268484
v 23.759583 7.232076 -2.307081
v 23.755630 7.209944 -2.347221
v 23.759583 7.209944 -2.387362
v 23.771292 7.209944 -2.425959
v 23.790306 7.209944 -2.461531
v 23.815893 7.209944 -2.492710
v 23.847073 7.209944 -2.518297
v 23.909985 7.209944 -2.549019
v 23.909985 7.209944 -2.145423
v 23.847073 7.209944 -2.176145
v 23.815893 7.209944 -2.201733
v 23.790306 7.209944 -2.232912
v 23.771292 7.209944 -2.268484
v 23.759583 7.209944 -2.307081
v 23.758305 7.697114 -2.388202
v 23.754269 7.697114 -2.347221
v 23.770258 7.697114 -2.427608
v 23.789671 7.697114 -2.463925
v 23.815794 7.697114 -2.495757
v 23.847626 7.697114 -2.521881
v 23.911858 7.697114 -2.553247
v 23.911858 7.697114 -2.141196
v 23.847626 7.697114 -2.172562
v 23.815794 7.697114 -2.198685
v 23.789671 7.697114 -2.230517
v 23.770258 7.697114 -2.266834
v 23.758305 7.697114 -2.306240
v 23.793015 7.729549 -2.385134
v 23.789280 7.729549 -2.347221
v 23.804071 7.729549 -2.421589
v 23.822031 7.729549 -2.455186
v 23.846199 7.729549 -2.484635
v 23.875647 7.729549 -2.508803
v 23.915485 7.729549 -2.529515
v 23.915485 7.729549 -2.164928
v 23.875647 7.729549 -2.185640
v 23.846199 7.729549 -2.209808
v 23.822031 7.729549 -2.239256
v 23.804071 7.729549 -2.272854
v 23.793015 7.729549 -2.309309
vn -0.0000 1.0000 -0.0000
vn -0.7730 -0.0000 0.6344
vn 1.0000 -0.0000 -0.0000
vn -0.0000 -1.0000 -0.0000
vn -0.1975 -0.8930 0.4045
vn -0.2358 -0.8829 0.4061
vn -0.2935 -0.8647 0.4075
vn -0.6344 -0.0000 -0.7730
vn -0.5749 -0.0000 -0.8182
vn -0.5122 -0.0000 0.8589
vn -0.4613 -0.0000 -0.8873
vn -0.5508 -0.0000 -0.8346
vn -0.7730 -0.0000 -0.6344
vn -0.9569 -0.0000 0.2903
vn -0.2358 -0.8829 -0.4061
vn -0.1975 -0.8930 -0.4045
vn -0.2935 -0.8647 -0.4075
vn -0.9952 -0.0000 -0.0980
vn -0.8819 -0.0000 -0.4714
vn -0.5403 -0.0000 -0.8415
vn -0.4388 -0.0000 -0.8986
vn -0.9808 -0.0000 0.1951
vn -1.0000 -0.0000 -0.0000
vn -0.9808 -0.0000 -0.1951
vn -0.9239 -0.0000 -0.3827
vn -0.8315 -0.0000 -0.5556
vn -0.7071 -0.0000 -0.7071
vn -0.5403 -0.0000 0.8415
vn -0.4388 -0.0000 0.8986
vn -0.7071 -0.0000 0.7071
vn -0.8315 -0.0000 0.5556
vn -0.9239 -0.0000 0.3827
vn -0.9952 -0.0000 0.0980
vn -0.9569 -0.0000 -0.2903
vn -0.6344 -0.0000 0.7730
vn -0.8819 -0.0000 0.4714
vn 0.6344 -0.0000 -0.7730
vn 0.0980 -0.0000 0.9952
vn 0.4714 -0.0000 0.8819
vn 0.2903 -0.0000 -0.9569
vn -0.4714 -0.0000 -0.8819
vn -0.2903 -0.0000 0.9569
vn 0.7730 -0.0000 0.6344
vn -0.0980 -0.0000 -0.9952
vn -0.3709 -0.8379 0.4005
vn -0.5006 -0.7871 0.3605
vn -0.5479 -0.7665 0.3351
vn -0.4249 -0.8175 0.3887
vn -0.3709 -0.8379 -0.4005
vn -0.4249 -0.8175 -0.3887
vn -0.7084 -0.6891 0.1527
vn -0.7407 -0.6719 -0.0000
vn -0.7179 -0.6841 0.1293
vn -0.6210 -0.7329 -0.2778
vn -0.5006 -0.7871 -0.3605
vn -0.5479 -0.7665 -0.3351
vn -0.6510 -0.7182 -0.2457
vn -0.7084 -0.6891 -0.1527
vn -0.7179 -0.6841 -0.1293
vn -0.6210 -0.7329 0.2778
vn -0.6510 -0.7182 0.2457
vn 0.6254 -0.7803 -0.0000
vn -0.5808 0.7845 0.2175
vn -0.6458 0.7548 0.1151
vn -0.6355 0.7597 0.1380
vn -0.5495 0.7981 0.2471
vn -0.2509 0.9037 -0.3470
vn -0.1666 0.9251 -0.3413
vn -0.1990 0.9177 -0.3438
vn -0.1666 0.9251 0.3413
vn -0.2509 0.9037 0.3470
vn -0.1990 0.9177 0.3438
vn -0.6681 0.7441 -0.0000
vn 0.5466 0.8374 -0.0000
vn -0.6458 0.7548 -0.1151
vn -0.6355 0.7597 -0.1380
vn -0.5808 0.7845 -0.2175
vn -0.5495 0.7981 -0.2471
vn -0.4824 0.8254 -0.2934
vn -0.4356 0.8433 -0.3149
vn -0.3684 0.8669 0.3357
vn -0.3176 0.8836 0.3440
vn -0.3684 0.8669 -0.3357
vn -0.3176 0.8836 -0.3440
vn -0.4824 0.8254 0.2934
vn -0.4356 0.8433 0.3149
vn -0.4613 -0.0000 0.8873
vn -0.5508 -0.0000 0.8346
vn -0.5122 -0.0000 -0.8589
vt 0.219154 0.653748
vt 0.219154 0.643582
vt 0.286276 0.760490
vt 0.286276 0.765573
vt 0.219154 0.765573
vt 0.219154 0.760490
vt 0.286276 0.653748
vt 0.286276 0.745241
vt 0.219154 0.745241
vt 0.286276 0.755407
vt 0.219154 0.638499
vt 0.219154 0.633416
vt 0.286276 0.633416
vt 0.286276 0.638499
vt 0.212051 0.745241
vt 0.212051 0.755407
vt 0.219154 0.755407
vt 0.286276 0.770656
vt 0.286276 0.775739
vt 0.219154 0.623250
vt 0.219154 0.618167
vt 0.219154 0.628333
vt 0.219154 0.770656
vt 0.286276 0.643582
vt 0.293379 0.655357
vt 0.293379 0.649432
vt 0.286276 0.623250
vt 0.286276 0.628333
vt 0.219154 0.775739
vt 0.212051 0.643582
vt 0.212051 0.653748
vt 0.286276 0.618167
vt 0.219154 0.780822
vt 0.293379 0.643582
vt 0.293379 0.653748
vt 0.286276 0.780822
vt 0.293379 0.775739
vt 0.293379 0.780822
vt 0.212051 0.618167
vt 0.212051 0.623250
vt 0.293379 0.618167
vt 0.293379 0.623250
vt 0.212051 0.775739
vt 0.212051 0.780822
vt 0.293379 0.628333
vt 0.212051 0.628333
vt 0.293379 0.633416
vt 0.212051 0.633416
vt 0.293379 0.638499
vt 0.212051 0.638499
vt 0.293379 0.745241
vt 0.293379 0.755407
vt 0.293379 0.760490
vt 0.212051 0.760490
vt 0.293379 0.765573
vt 0.212051 0.765573
vt 0.293379 0.770656
vt 0.212051 0.770656
vt 0.293379 0.747773
vt 0.293379 0.655833
vt 0.293379 0.639453
vt 0.293379 0.641515
vt 0.293379 0.645195
vt 0.293379 0.743949
vt 0.293379 0.750121
vt 0.293379 0.754582
vt 0.293379 0.758716
vt 0.293379 0.762319
vt 0.293379 0.764290
vt 0.293379 0.747773
vt 0.293379 0.762319
vt 0.293379 0.645195
s 1
usemtl Main
f 545/733/78 543/734/78 560/734/78 526/733/78
f 519/735/79 521/736/79 522/737/79 520/738/79
f 525/739/80 524/740/80 523/741/80 526/733/80
f 559/742/81 519/735/81 586/735/81 585/742/81
f 548/741/78 545/733/78 526/733/78 523/741/78
f 541/743/78 539/744/78 564/744/78 562/743/78
f 540/745/81 542/746/81 563/746/81 565/745/81
f 506/747/82 508/748/83 598/748/84 597/747/82
f 543/734/78 541/743/78 562/743/78 560/734/78
f 551/738/78 549/749/78 518/749/78 520/738/78
f 556/750/81 558/751/81 531/751/81 527/750/81
f 535/752/78 534/753/78 529/753/78 568/752/78
f 566/754/78 568/752/78 570/752/78 572/754/78
f 528/755/78 522/737/78 581/737/78 580/755/78
f 563/746/85 561/756/86 560/734/86 562/743/85
f 524/740/87 559/742/87 518/749/87 523/741/87
f 505/757/88 503/758/89 660/758/89 661/757/88
f 518/749/90 559/742/90 585/742/90 579/749/90
f 569/759/81 567/760/81 573/760/81 571/759/81
f 527/750/91 531/751/91 532/761/91 528/755/91
f 502/762/92 504/763/93 596/763/93 595/762/94
f 549/749/78 548/741/78 523/741/78 518/749/78
f 546/739/81 547/740/81 524/740/81 525/739/81
f 557/761/78 555/755/78 528/755/78 532/761/78
f 542/746/81 544/756/81 561/756/81 563/746/81
f 550/742/81 552/735/81 519/735/81 559/742/81
f 530/764/95 569/759/95 568/752/95 529/753/95
f 567/760/96 565/745/96 564/744/96 566/754/96
f 546/739/81 525/739/81 561/756/81 544/756/81
f 534/765/78 557/761/78 532/761/78 529/765/78
f 533/764/81 536/759/81 569/759/81 530/764/81
f 553/737/78 551/738/78 520/738/78 522/737/78
f 647/766/97 648/767/98 546/739/98 544/756/97
f 537/754/78 535/752/78 568/752/78 566/754/78
f 552/735/81 554/736/81 521/736/81 519/735/81
f 558/751/81 533/768/81 530/768/81 531/751/81
f 536/759/81 538/760/81 567/760/81 569/759/81
f 555/755/78 553/737/78 522/737/78 528/755/78
f 539/744/78 537/754/78 566/754/78 564/744/78
f 554/736/81 556/750/81 527/750/81 521/736/81
f 538/760/81 540/745/81 565/745/81 567/760/81
f 558/751/99 654/769/99 643/770/100 533/768/100
f 492/771/100 534/753/100 535/752/101 494/772/101
f 533/764/100 643/773/100 642/774/101 536/759/101
f 516/775/99 557/761/99 534/765/100 492/776/100
f 536/759/101 642/774/101 644/777/102 538/760/102
f 494/772/101 535/752/101 537/754/102 496/778/102
f 538/760/102 644/777/102 645/779/103 540/745/103
f 496/778/102 537/754/102 539/744/103 498/780/103
f 540/745/103 645/779/103 646/781/104 542/746/104
f 498/780/103 539/744/103 541/743/104 500/782/104
f 542/746/104 646/781/104 647/766/97 544/756/97
f 500/782/104 541/743/104 543/734/97 502/762/97
f 545/733/98 504/763/98 502/762/97 543/734/97
f 549/749/105 508/748/105 506/747/106 548/741/106
f 546/739/80 648/767/80 649/783/80 547/740/80
f 504/763/80 545/733/80 548/741/80 506/747/80
f 649/783/106 650/784/105 550/742/105 547/740/106
f 550/742/81 559/742/81 524/740/81 547/740/81
f 550/742/105 650/784/105 651/785/107 552/735/107
f 508/748/105 549/749/105 551/738/107 510/786/107
f 552/735/107 651/785/107 652/787/108 554/736/108
f 510/786/107 551/738/107 553/737/108 512/788/108
f 554/736/108 652/787/108 653/789/109 556/750/109
f 512/788/108 553/737/108 555/755/109 514/790/109
f 556/750/109 653/789/109 654/769/99 558/751/99
f 514/790/109 555/755/109 557/761/99 516/775/99
f 583/751/110 584/768/110 588/765/110 589/761/110
f 571/759/111 573/760/111 572/754/111 570/752/111
f 575/745/90 577/746/90 576/743/90 574/744/90
f 585/742/112 586/735/112 578/738/112 579/749/112
f 587/736/113 582/750/113 580/755/113 581/737/113
f 564/744/114 565/745/114 575/745/114 574/744/114
f 530/764/115 529/753/115 588/753/115 584/764/115
f 520/738/78 518/749/78 579/749/78 578/738/78
f 527/750/116 528/755/116 580/755/116 582/750/116
f 562/743/78 564/744/78 574/744/78 576/743/78
f 568/752/117 569/759/117 571/759/117 570/752/117
f 521/736/81 527/750/81 582/750/81 587/736/81
f 563/746/112 562/743/112 576/743/112 577/746/112
f 531/751/81 530/768/81 584/768/81 583/751/81
f 565/745/81 563/746/81 577/746/81 575/745/81
f 522/737/118 521/736/118 587/736/118 581/737/118
f 567/760/119 566/754/119 572/754/119 573/760/119
f 529/765/78 532/761/78 589/761/78 588/765/78
f 519/735/120 520/738/120 578/738/120 586/735/120
f 532/761/121 531/751/121 583/751/121 589/761/121
f 510/786/122 512/788/123 600/788/124 599/786/125
f 500/782/126 502/762/92 595/762/94 594/782/127
f 599/786/107 612/786/107 611/748/105 598/748/105
f 516/775/128 492/776/129 590/776/129 602/775/130
f 496/778/131 498/780/132 593/780/133 592/778/134
f 492/771/129 494/772/135 591/772/136 590/771/129
f 512/788/123 514/790/137 601/790/138 600/788/124
f 504/763/139 506/747/139 597/747/139 596/763/139
f 508/748/83 510/786/122 599/786/125 598/748/84
f 498/780/132 500/782/126 594/782/127 593/780/133
f 514/790/137 516/775/128 602/775/130 601/790/138
f 494/772/135 496/778/131 592/778/134 591/772/136
f 598/748/105 611/748/105 610/747/106 597/747/106
f 592/778/102 605/778/102 604/772/101 591/772/101
f 597/747/80 610/747/80 609/763/80 596/763/80
f 593/780/103 606/780/103 605/778/102 592/778/102
f 594/782/104 607/782/104 606/780/103 593/780/103
f 600/788/108 613/788/108 612/786/107 599/786/107
f 595/762/97 608/762/97 607/782/104 594/782/104
f 601/790/109 614/790/109 613/788/108 600/788/108
f 596/763/98 609/763/98 608/762/97 595/762/97
f 602/775/99 615/775/99 614/790/109 601/790/109
f 590/776/100 603/776/100 615/775/99 602/775/99
f 614/790/140 615/775/141 628/775/142 627/790/143
f 608/762/144 609/763/145 622/763/145 621/762/146
f 627/790/109 628/775/99 641/775/99 640/790/109
f 610/747/147 611/748/148 624/748/149 623/747/147
f 615/775/141 603/776/150 616/776/150 628/775/142
f 609/763/151 610/747/151 623/747/151 622/763/151
f 603/771/150 604/772/152 617/772/153 616/771/150
f 621/762/97 622/763/98 635/763/98 634/762/97
f 604/772/152 605/778/154 618/778/155 617/772/153
f 605/778/154 606/780/156 619/780/157 618/778/155
f 611/748/148 612/786/158 625/786/159 624/748/149
f 606/780/156 607/782/160 620/782/161 619/780/157
f 612/786/158 613/788/162 626/788/163 625/786/159
f 607/782/160 608/762/144 621/762/146 620/782/161
f 613/788/162 614/790/140 627/790/143 626/788/163
f 629/776/81 630/772/81 631/778/81 632/780/81 633/782/81 634/762/81 635/763/81 636/747/81 637/748/81 638/786/81 639/788/81 640/790/81 641/775/81
f 623/747/106 624/748/105 637/748/105 636/747/106
f 628/775/99 616/776/100 629/776/100 641/775/99
f 622/763/80 623/747/80 636/747/80 635/763/80
f 616/771/100 617/772/101 630/772/101 629/771/100
f 503/758/78 505/757/78 648/767/78 647/766/78
f 617/772/101 618/778/102 631/778/102 630/772/101
f 618/778/102 619/780/103 632/780/103 631/778/102
f 624/748/105 625/786/107 638/786/107 637/748/105
f 619/780/103 620/782/104 633/782/104 632/780/103
f 625/786/107 626/788/108 639/788/108 638/786/107
f 620/782/104 621/762/97 634/762/97 633/782/104
f 626/788/108 627/790/109 640/790/109 639/788/108
f 493/791/78 495/792/78 642/774/78 643/770/78
f 495/792/78 497/793/78 644/777/78 642/774/78
f 497/793/78 499/794/78 645/779/78 644/777/78
f 499/794/78 501/795/78 646/781/78 645/779/78
f 501/795/78 503/758/78 647/766/78 646/781/78
f 507/796/78 509/797/78 650/784/78 649/783/78
f 505/757/81 507/796/81 649/783/81 648/767/81
f 507/796/164 662/796/164 663/797/165 509/797/165
f 509/797/78 511/798/78 651/785/78 650/784/78
f 511/798/78 513/799/78 652/787/78 651/785/78
f 513/799/78 515/800/78 653/789/78 652/787/78
f 515/800/78 517/801/78 654/769/78 653/789/78
f 517/801/78 493/791/78 643/770/78 654/769/78
f 656/802/78 667/801/78 666/803/78 665/799/78 664/798/78 663/797/78 662/796/78 661/757/78 660/758/78 659/804/78 658/794/78 657/793/78 655/792/78
f 499/794/103 497/793/102 657/793/102 658/794/103
f 511/798/107 509/797/165 663/797/165 664/798/107
f 501/795/104 499/794/103 658/794/103 659/804/104
f 513/799/108 511/798/107 664/798/107 665/799/108
f 503/758/89 501/795/104 659/804/104 660/758/89
f 515/800/109 513/799/108 665/799/108 666/803/109
f 517/801/99 515/800/109 666/803/109 667/801/99
f 493/791/100 517/801/99 667/801/99 656/802/100
f 507/796/80 505/757/80 661/757/80 662/796/80
f 495/792/101 493/791/100 656/802/100 655/792/101
f 497/793/102 495/792/101 655/792/101 657/793/102
f 525/739/166 526/733/166 560/734/86 561/756/86
f 591/772/101 604/772/101 603/771/100 590/771/100
o Cylinder.001
v 26.270163 6.395571 -2.294166
v 26.141571 6.395571 -2.294166
v 26.270163 6.414725 -2.390456
v 26.141571 6.414725 -2.390456
v 26.270163 6.469269 -2.472088
v 26.141571 6.469269 -2.472088
v 26.270163 6.550900 -2.526632
v 26.141571 6.550900 -2.526632
v 26.270163 6.647191 -2.545785
v 26.141571 6.647191 -2.545785
v 26.270163 6.743482 -2.526632
v 26.141571 6.743482 -2.526632
v 26.270163 6.825113 -2.472088
v 26.141571 6.825113 -2.472088
v 26.270163 6.879657 -2.390456
v 26.141571 6.879657 -2.390456
v 26.270163 6.898811 -2.294166
v 26.141571 6.898811 -2.294166
v 26.270163 6.879657 -2.197875
v 26.141571 6.879657 -2.197875
v 26.270163 6.825113 -2.116244
v 26.141571 6.825113 -2.116244
v 26.270163 6.743482 -2.061699
v 26.141571 6.743482 -2.061699
v 26.270163 6.647191 -2.042546
v 26.141571 6.647191 -2.042546
v 26.270163 6.550900 -2.061699
v 26.141571 6.550900 -2.061699
v 26.270163 6.469269 -2.116244
v 26.141571 6.469269 -2.116244
v 26.270163 6.414725 -2.197875
v 26.141571 6.414725 -2.197875
v 26.275433 6.336062 -2.294166
v 26.275433 6.359745 -2.413230
v 26.275433 6.427189 -2.514167
v 26.275433 6.528127 -2.581612
v 26.275433 6.647191 -2.605295
v 26.275433 6.766255 -2.581612
v 26.275433 6.867193 -2.514167
v 26.275433 6.934637 -2.413230
v 26.275433 6.958321 -2.294166
v 26.275433 6.934637 -2.175102
v 26.275433 6.867193 -2.074164
v 26.275433 6.766255 -2.006720
v 26.275433 6.647191 -1.983036
v 26.275433 6.528127 -2.006720
v 26.275433 6.427189 -2.074164
v 26.275433 6.359745 -2.175102
v 26.362589 6.373331 -2.294166
v 26.362589 6.394177 -2.398967
v 26.362589 6.453543 -2.487814
v 26.362589 6.542389 -2.547179
v 26.362589 6.647191 -2.568025
v 26.362589 6.751993 -2.547179
v 26.362589 6.840839 -2.487814
v 26.362589 6.900205 -2.398967
v 26.362589 6.921051 -2.294166
v 26.362589 6.900205 -2.189364
v 26.362589 6.840839 -2.100518
v 26.362589 6.751993 -2.041152
v 26.362589 6.647191 -2.020306
v 26.362589 6.542389 -2.041152
v 26.362589 6.453543 -2.100518
v 26.362589 6.394177 -2.189364
v 26.362589 6.336062 -2.294166
v 26.362589 6.359745 -2.413230
v 26.362589 6.427189 -2.514167
v 26.362589 6.528127 -2.581612
v 26.362589 6.647191 -2.605295
v 26.362589 6.766255 -2.581612
v 26.362589 6.867193 -2.514167
v 26.362589 6.934637 -2.413230
v 26.362589 6.958321 -2.294166
v 26.362589 6.934637 -2.175102
v 26.362589 6.867193 -2.074164
v 26.362589 6.766255 -2.006720
v 26.362589 6.647191 -1.983036
v 26.362589 6.528127 -2.006720
v 26.362589 6.427189 -2.074164
v 26.362589 6.359745 -2.175102
v 26.672714 6.373331 -2.294166
v 26.672714 6.394177 -2.398967
v 26.672714 6.453543 -2.487814
v 26.672714 6.542389 -2.547179
v 26.672714 6.647191 -2.568025
v 26.672714 6.751993 -2.547179
v 26.672714 6.840839 -2.487814
v 26.672714 6.900205 -2.398967
v 26.672714 6.921051 -2.294166
v 26.672714 6.900205 -2.189364
v 26.672714 6.840839 -2.100518
v 26.672714 6.751993 -2.041152
v 26.672714 6.647191 -2.020306
v 26.672714 6.542389 -2.041152
v 26.672714 6.453543 -2.100518
v 26.672714 6.394177 -2.189364
v 26.672714 6.373331 -2.294166
v 26.672714 6.394177 -2.398967
v 26.672714 6.453543 -2.487814
v 26.672714 6.542389 -2.547179
v 26.672714 6.647191 -2.568025
v 26.672714 6.751993 -2.547179
v 26.672714 6.840839 -2.487814
v 26.672714 6.900205 -2.398967
v 26.672714 6.921051 -2.294166
v 26.672714 6.900205 -2.189364
v 26.672714 6.840839 -2.100518
v 26.672714 6.751993 -2.041152
v 26.672714 6.647191 -2.020306
v 26.672714 6.542389 -2.041152
v 26.672714 6.453543 -2.100518
v 26.672714 6.394177 -2.189364
v 26.672714 6.351789 -2.294166
v 26.672714 6.374275 -2.407211
v 26.672714 6.438310 -2.503047
v 26.672714 6.534145 -2.567082
v 26.672714 6.647191 -2.589568
v 26.672714 6.760237 -2.567082
v 26.672714 6.856072 -2.503047
v 26.672714 6.920107 -2.407211
v 26.672714 6.942593 -2.294166
v 26.672714 6.920107 -2.181120
v 26.672714 6.856072 -2.085285
v 26.672714 6.760237 -2.021250
v 26.672714 6.647191 -1.998763
v 26.672714 6.534145 -2.021250
v 26.672714 6.438310 -2.085285
v 26.672714 6.374275 -2.181120
v 26.726683 6.394583 -2.294166
v 26.726683 6.413811 -2.390835
v 26.726683 6.468570 -2.472787
v 26.726683 6.550522 -2.527545
v 26.726683 6.647191 -2.546774
v 26.726683 6.743860 -2.527545
v 26.726683 6.825812 -2.472787
v 26.726683 6.880571 -2.390835
v 26.726683 6.899799 -2.294166
v 26.726683 6.880571 -2.197496
v 26.726683 6.825812 -2.115545
v 26.726683 6.743860 -2.060786
v 26.726683 6.647191 -2.041557
v 26.726683 6.550522 -2.060786
v 26.726683 6.468570 -2.115545
v 26.726683 6.413811 -2.197496
v 26.726683 6.351789 -2.294166
v 26.726683 6.374275 -2.407211
v 26.726683 6.438310 -2.503047
v 26.726683 6.534145 -2.567082
v 26.726683 6.647191 -2.589568
v 26.726683 6.760237 -2.567082
v 26.726683 6.856072 -2.503047
v 26.726683 6.920107 -2.407211
v 26.726683 6.942593 -2.294166
v 26.726683 6.920107 -2.181120
v 26.726683 6.856072 -2.085285
v 26.726683 6.760237 -2.021250
v 26.726683 6.647191 -1.998763
v 26.726683 6.534145 -2.021250
v 26.726683 6.438310 -2.085285
v 26.726683 6.374275 -2.181120
v 26.949537 6.394583 -2.294166
v 26.949537 6.413811 -2.390835
v 26.949537 6.468570 -2.472787
v 26.949537 6.550522 -2.527545
v 26.949537 6.647191 -2.546774
v 26.949537 6.743860 -2.527545
v 26.949537 6.825812 -2.472787
v 26.949537 6.880571 -2.390835
v 26.949537 6.899799 -2.294166
v 26.949537 6.880571 -2.197497
v 26.949537 6.825812 -2.115545
v 26.949537 6.743860 -2.060786
v 26.949537 6.647191 -2.041557
v 26.949537 6.550522 -2.060786
v 26.949537 6.468570 -2.115545
v 26.949537 6.413811 -2.197497
v 26.990019 6.389114 -2.294166
v 26.994995 6.407687 -2.390835
v 27.009169 6.460580 -2.472787
v 27.030378 6.539740 -2.527545
v 27.055399 6.633115 -2.546774
v 27.080418 6.726490 -2.527545
v 27.101629 6.805650 -2.472787
v 27.115801 6.858542 -2.390835
v 27.120779 6.877116 -2.294166
v 27.115801 6.858542 -2.197497
v 27.101629 6.805650 -2.115545
v 27.080418 6.726490 -2.060786
v 27.055399 6.633115 -2.041557
v 27.030378 6.539740 -2.060786
v 27.009169 6.460580 -2.115545
v 26.994995 6.407687 -2.197497
v 27.027704 6.373354 -2.294166
v 27.037319 6.390007 -2.390835
v 27.064697 6.437429 -2.472787
v 27.105675 6.508402 -2.527545
v 27.154009 6.592120 -2.546774
v 27.202343 6.675838 -2.527545
v 27.243319 6.746810 -2.472787
v 27.270699 6.794232 -2.390835
v 27.280313 6.810885 -2.294166
v 27.270699 6.794232 -2.197497
v 27.243319 6.746810 -2.115545
v 27.202343 6.675838 -2.060786
v 27.154009 6.592120 -2.041557
v 27.105675 6.508402 -2.060786
v 27.064697 6.437429 -2.115545
v 27.037319 6.390007 -2.197497
v 27.060028 6.348378 -2.294166
v 27.073624 6.361975 -2.390835
v 27.112345 6.400695 -2.472787
v 27.170294 6.458644 -2.527545
v 27.238647 6.526999 -2.546774
v 27.307003 6.595355 -2.527545
v 27.364952 6.653303 -2.472787
v 27.403673 6.692024 -2.390835
v 27.417271 6.705620 -2.294166
v 27.403673 6.692024 -2.197497
v 27.364952 6.653303 -2.115545
v 27.307003 6.595355 -2.060786
v 27.238647 6.526999 -2.041557
v 27.170294 6.458644 -2.060786
v 27.112345 6.400695 -2.115545
v 27.073624 6.361975 -2.197497
v 27.084784 6.315887 -2.294166
v 27.101437 6.325501 -2.390835
v 27.148859 6.352880 -2.472787
v 27.219831 6.393857 -2.527545
v 27.303549 6.442191 -2.546774
v 27.387268 6.490526 -2.527545
v 27.458241 6.531502 -2.472787
v 27.505663 6.558881 -2.390835
v 27.522314 6.568495 -2.294166
v 27.505663 6.558881 -2.197497
v 27.458241 6.531502 -2.115545
v 27.387268 6.490526 -2.060786
v 27.303549 6.442191 -2.041557
v 27.219831 6.393857 -2.060786
v 27.148859 6.352880 -2.115545
v 27.101437 6.325501 -2.197497
v 27.100288 6.278095 -2.294166
v 27.118862 6.283072 -2.390835
v 27.171755 6.297245 -2.472787
v 27.250914 6.318455 -2.527545
v 27.344290 6.343475 -2.546774
v 27.437664 6.368495 -2.527545
v 27.516825 6.389706 -2.472787
v 27.569717 6.403879 -2.390835
v 27.588291 6.408855 -2.294166
v 27.569717 6.403879 -2.197497
v 27.516825 6.389706 -2.115545
v 27.437664 6.368495 -2.060786
v 27.344290 6.343475 -2.041557
v 27.250914 6.318455 -2.060786
v 27.171755 6.297245 -2.115545
v 27.118862 6.283072 -2.197497
v 27.105484 6.237579 -2.294166
v 27.124712 6.237578 -2.390835
v 27.179470 6.237579 -2.472787
v 27.261423 6.237578 -2.527545
v 27.358091 6.237579 -2.546774
v 27.454760 6.237579 -2.527545
v 27.536713 6.237579 -2.472787
v 27.591471 6.237579 -2.390835
v 27.610701 6.237579 -2.294166
v 27.591471 6.237579 -2.197497
v 27.536713 6.237579 -2.115545
v 27.454760 6.237579 -2.060786
v 27.358091 6.237579 -2.041557
v 27.261423 6.237578 -2.060786
v 27.179470 6.237579 -2.115545
v 27.124712 6.237578 -2.197497
v 27.536713 4.538568 -2.472787
v 27.591471 4.538568 -2.390835
v 27.454762 4.538568 -2.527545
v 27.358091 4.538568 -2.546774
v 27.179470 4.538568 -2.115545
v 27.124712 4.538568 -2.197497
v 27.261423 4.538568 -2.060786
v 27.358091 4.538568 -2.041558
v 27.610701 4.538568 -2.294166
v 27.105484 4.538568 -2.294166
v 27.591471 4.538568 -2.197497
v 27.124712 4.538568 -2.390835
v 27.179470 4.538568 -2.472787
v 27.536713 4.538568 -2.115545
v 27.261423 4.538568 -2.527545
v 27.454762 4.538568 -2.060786
vn -0.0000 -1.0000 -0.0000
vn -0.0000 -0.9239 -0.3827
vn -0.0000 -0.7071 -0.7071
vn -0.0000 -0.3827 -0.9239
vn -0.0000 -0.0000 -1.0000
vn -0.0000 0.3827 -0.9239
vn -0.0000 0.7071 -0.7071
vn -0.0000 0.9239 -0.3827
vn -0.0000 1.0000 -0.0000
vn -0.0000 0.9239 0.3827
vn -0.0000 0.7071 0.7071
vn -0.0000 0.3827 0.9239
vn -0.0000 -0.0000 1.0000
vn -0.0000 -0.3827 0.9239
vn -0.0000 -0.7071 0.7071
vn -0.0000 -0.9239 0.3827
vn -0.9961 0.0338 -0.0815
vn -0.9961 0.0624 -0.0624
vn -0.9961 0.0624 0.0624
vn -0.9961 0.0338 0.0815
vn -0.9961 -0.0815 0.0338
vn -0.9961 -0.0882 -0.0000
vn -0.9961 -0.0338 -0.0815
vn -0.9961 -0.0000 -0.0882
vn -0.9961 0.0882 -0.0000
vn -0.9961 0.0815 0.0338
vn -0.9961 -0.0338 0.0815
vn -0.9961 -0.0624 0.0624
vn -0.9961 -0.0815 -0.0338
vn -0.9961 -0.0624 -0.0624
vn -0.9961 0.0815 -0.0338
vn -0.9961 -0.0000 0.0882
vn 1.0000 -0.0000 -0.0000
vn -1.0000 -0.0000 -0.0000
vn -0.0621 -0.9208 -0.3850
vn -0.0676 -0.9977 -0.0000
vn -0.0469 -0.7021 0.7106
vn -0.1824 -0.6746 0.7153
vn -0.0960 -0.3559 0.9296
vn -0.0246 -0.3754 0.9265
vn -0.0621 -0.9208 0.3850
vn 0.0606 0.9233 0.3792
vn 0.0653 0.9979 -0.0000
vn -0.0469 -0.7021 -0.7106
vn 0.0470 0.7103 0.7024
vn -0.0246 -0.3754 -0.9265
vn 0.0262 0.3894 0.9207
vn 0.0011 0.0082 -1.0000
vn 0.0011 0.0082 1.0000
vn 0.0262 0.3894 -0.9207
vn 0.0470 0.7103 -0.7024
vn 0.0606 0.9233 -0.3792
vn 0.0042 0.0157 -0.9999
vn -0.0960 -0.3559 -0.9296
vn 0.2405 0.8944 -0.3771
vn 0.1857 0.6905 -0.6991
vn -0.2411 -0.8893 0.3885
vn 0.2596 0.9657 -0.0000
vn -0.2619 -0.9651 -0.0000
vn 0.2405 0.8944 0.3771
vn -0.1824 -0.6746 -0.7153
vn -0.2411 -0.8893 -0.3885
vn -0.4631 -0.7966 -0.3885
vn -0.5028 -0.8644 -0.0000
vn 0.1857 0.6905 0.6991
vn 0.1030 0.3828 0.9181
vn 0.0042 0.0157 0.9999
vn 0.1030 0.3828 -0.9181
vn 0.4638 0.8017 0.3771
vn 0.5007 0.8656 -0.0000
vn -0.3508 -0.6044 0.7153
vn -0.1849 -0.3189 0.9296
vn -0.3508 -0.6044 -0.7153
vn -0.6535 -0.6496 -0.3885
vn -0.7094 -0.7048 -0.0000
vn 0.3581 0.6189 0.6991
vn -0.1849 -0.3189 -0.9296
vn 0.1985 0.3431 0.9181
vn 0.0081 0.0141 -0.9999
vn 0.0081 0.0141 0.9999
vn 0.1985 0.3431 -0.9181
vn 0.3581 0.6189 -0.6991
vn 0.4638 0.8017 -0.3771
vn -0.4631 -0.7966 0.3885
vn 0.0115 0.0115 -0.9999
vn -0.2611 -0.2602 -0.9296
vn 0.6555 0.6544 0.3771
vn 0.7077 0.7065 -0.0000
vn 0.0115 0.0115 0.9999
vn 0.2806 0.2800 0.9181
vn 0.2806 0.2800 -0.9181
vn -0.2611 -0.2602 0.9296
vn 0.5061 0.5052 -0.6991
vn -0.4953 -0.4930 0.7153
vn 0.6555 0.6544 -0.3771
vn -0.6535 -0.6496 0.3885
vn -0.4953 -0.4930 -0.7153
vn -0.7993 -0.4584 -0.3885
vn -0.8676 -0.4972 -0.0000
vn 0.5061 0.5052 0.6991
vn -0.6060 -0.3480 0.7153
vn -0.3196 -0.1838 0.9296
vn 0.0141 0.0081 0.9999
vn 0.3435 0.1978 0.9181
vn 0.8025 0.4624 -0.3771
vn 0.6196 0.3570 -0.6991
vn -0.7993 -0.4584 0.3885
vn 0.8664 0.4993 -0.0000
vn 0.8025 0.4624 0.3771
vn -0.6060 -0.3480 -0.7153
vn -0.8907 -0.2359 -0.3885
vn -0.9668 -0.2557 -0.0000
vn 0.6196 0.3570 0.6991
vn -0.3196 -0.1838 -0.9296
vn 0.0141 0.0081 -0.9999
vn 0.3435 0.1978 -0.9181
vn -0.6754 -0.1793 -0.7153
vn 0.8948 0.2390 -0.3771
vn 0.6908 0.1844 -0.6991
vn -0.9211 -0.0594 -0.3848
vn -0.9979 -0.0643 -0.0000
vn 0.6908 0.1844 0.6991
vn 0.8948 0.2390 0.3771
vn -0.3563 -0.0948 -0.9296
vn 0.3830 0.1022 0.9181
vn 0.0157 0.0042 -0.9999
vn 0.0157 0.0042 0.9999
vn 0.3830 0.1022 -0.9181
vn -0.3563 -0.0948 0.9296
vn -0.6754 -0.1793 0.7153
vn -0.8907 -0.2359 0.3885
vn 0.9661 0.2580 -0.0000
vn 0.0080 0.0011 1.0000
vn 0.3894 0.0258 0.9207
vn -0.7024 -0.0453 -0.7104
vn 0.3894 0.0258 -0.9207
vn 0.0080 0.0011 -1.0000
vn -0.3757 -0.0240 0.9264
vn 0.7103 0.0463 -0.7024
vn -0.7024 -0.0453 0.7104
vn 0.9234 0.0598 -0.3792
vn -0.9211 -0.0594 0.3848
vn 0.9979 0.0645 -0.0000
vn 0.9234 0.0598 0.3792
vn 0.7103 0.0463 0.7024
vn -0.3757 -0.0240 -0.9264
vn -0.3827 -0.0000 0.9239
vn 0.3827 -0.0000 -0.9239
vn 0.3827 -0.0000 0.9239
vn -0.3827 -0.0000 -0.9239
vn 0.7071 -0.0000 0.7071
vn -0.7071 -0.0000 -0.7071
vn 0.9239 -0.0000 0.3827
vn -0.9239 -0.0000 -0.3827
vn -0.9239 -0.0000 0.3827
vn 0.9239 -0.0000 -0.3827
vn -0.7071 -0.0000 0.7071
vn 0.7071 -0.0000 -0.7071
vt 0.003547 0.038375
vt 0.000207 0.020994
vt 0.013206 0.018328
vt 0.017148 0.036279
vt 0.026556 0.015084
vt 0.030833 0.033183
vt 0.040431 0.011668
vt 0.044595 0.030162
vt 0.054872 0.008193
vt 0.058557 0.027156
vt 0.069699 0.005137
vt 0.072771 0.024519
vt 0.084919 0.002601
vt 0.087215 0.022402
vt 0.100549 0.000706
vt 0.101919 0.020885
vt 0.116604 0.000114
vt 0.116800 0.020041
vt 0.132642 0.000861
vt 0.131617 0.020969
vt 0.148325 0.002535
vt 0.146252 0.022351
vt 0.163635 0.004921
vt 0.160771 0.024366
vt 0.178528 0.007834
vt 0.175089 0.026920
vt 0.193014 0.011048
vt 0.189255 0.029889
vt 0.207174 0.014287
vt 0.203371 0.033114
vt 0.221184 0.017294
vt 0.217511 0.036264
vt 0.235160 0.019820
vt 0.231961 0.038433
vt 0.087988 0.030390
vt 0.073868 0.032374
vt 0.173776 0.034729
vt 0.187746 0.037654
vt 0.185830 0.047804
vt 0.172172 0.044877
vt 0.159728 0.032259
vt 0.145514 0.030326
vt 0.232466 0.046912
vt 0.216174 0.043972
vt 0.059901 0.034891
vt 0.046024 0.037754
vt 0.131244 0.029123
vt 0.116803 0.028748
vt 0.201814 0.040939
vt 0.032317 0.040689
vt 0.018379 0.043816
vt 0.102291 0.029089
vt 0.003106 0.046238
vt 0.103491 0.043823
vt 0.117121 0.043414
vt 0.117837 0.078010
vt 0.106328 0.078399
vt 0.089502 0.040558
vt 0.075824 0.042424
vt 0.199367 0.051231
vt 0.103285 0.039376
vt 0.213670 0.054583
vt 0.117170 0.038995
vt 0.020719 0.054117
vt 0.005725 0.058490
vt 0.229237 0.059749
vt 0.130887 0.039493
vt 0.034616 0.050802
vt 0.144672 0.040536
vt 0.048418 0.047632
vt 0.158510 0.042457
vt 0.062203 0.044851
vt 0.021910 0.058749
vt 0.008315 0.063149
vt 0.035605 0.055005
vt 0.049421 0.052373
vt 0.063025 0.049292
vt 0.076470 0.046833
vt 0.089942 0.044983
vt 0.130621 0.043637
vt 0.144129 0.045251
vt 0.157773 0.046890
vt 0.171254 0.049268
vt 0.184765 0.052178
vt 0.198300 0.055385
vt 0.212240 0.059453
vt 0.226708 0.064192
vt 0.140933 0.079758
vt 0.152553 0.081786
vt 0.152550 0.081799
vt 0.140931 0.079771
vt 0.034980 0.095618
vt 0.021922 0.099953
vt 0.212636 0.101073
vt 0.199773 0.096448
vt 0.129378 0.078471
vt 0.047209 0.091376
vt 0.059362 0.087473
vt 0.071341 0.084159
vt 0.164267 0.084545
vt 0.083124 0.081457
vt 0.176082 0.088009
vt 0.094790 0.079543
vt 0.187972 0.092055
vt 0.021927 0.099968
vt 0.034984 0.095632
vt 0.035880 0.098201
vt 0.022355 0.102963
vt 0.071345 0.084173
vt 0.059366 0.087487
vt 0.164263 0.084558
vt 0.083127 0.081470
vt 0.176078 0.088023
vt 0.094792 0.079556
vt 0.187967 0.092069
vt 0.106329 0.078412
vt 0.199768 0.096461
vt 0.117837 0.078023
vt 0.212631 0.101087
vt 0.129377 0.078485
vt 0.047214 0.091390
vt 0.083618 0.083869
vt 0.095115 0.081925
vt 0.096050 0.087318
vt 0.084903 0.089318
vt 0.212165 0.103921
vt 0.198892 0.098907
vt 0.129210 0.080852
vt 0.117837 0.080385
vt 0.048076 0.093895
vt 0.140600 0.082151
vt 0.060131 0.089956
vt 0.152066 0.084195
vt 0.071986 0.086613
vt 0.163631 0.086975
vt 0.175313 0.090464
vt 0.187104 0.094513
vt 0.106488 0.080793
vt 0.028509 0.114471
vt 0.040187 0.108797
vt 0.051819 0.136026
vt 0.040435 0.141014
vt 0.185174 0.100241
vt 0.173604 0.096150
vt 0.106994 0.086256
vt 0.196818 0.104753
vt 0.117946 0.085760
vt 0.038246 0.104172
vt 0.025068 0.109773
vt 0.209252 0.110503
vt 0.128940 0.086258
vt 0.050242 0.099679
vt 0.139920 0.087632
vt 0.062085 0.095589
vt 0.151027 0.089718
vt 0.073642 0.092231
vt 0.162248 0.092555
vt 0.052000 0.104393
vt 0.063701 0.100489
vt 0.074853 0.096479
vt 0.085910 0.093986
vt 0.096666 0.091630
vt 0.107267 0.090330
vt 0.117906 0.090308
vt 0.128540 0.090548
vt 0.139151 0.091979
vt 0.149972 0.094084
vt 0.160905 0.096955
vt 0.171968 0.100670
vt 0.183384 0.104805
vt 0.194851 0.109253
vt 0.206144 0.114598
vt 0.172264 0.130423
vt 0.169334 0.137053
vt 0.158652 0.133271
vt 0.162159 0.125037
vt 0.194370 0.140730
vt 0.183083 0.135881
vt 0.126213 0.112564
vt 0.117788 0.112020
vt 0.062760 0.130398
vt 0.134794 0.114055
vt 0.073081 0.124889
vt 0.143508 0.116694
vt 0.082764 0.120185
vt 0.152547 0.120360
vt 0.091959 0.116542
vt 0.100803 0.113992
vt 0.109333 0.112421
vt 0.086337 0.130211
vt 0.076602 0.133229
vt 0.110518 0.125765
vt 0.103047 0.126608
vt 0.180875 0.141266
vt 0.117751 0.125457
vt 0.192472 0.145380
vt 0.124980 0.125792
vt 0.065775 0.137104
vt 0.054109 0.141460
vt 0.055932 0.147121
vt 0.044046 0.150500
vt 0.042404 0.145722
vt 0.132438 0.126654
vt 0.140356 0.128114
vt 0.149009 0.130275
vt 0.095072 0.128048
vt 0.124330 0.137511
vt 0.117738 0.137317
vt 0.167255 0.143945
vt 0.156394 0.141594
vt 0.067919 0.144063
vt 0.057229 0.152872
vt 0.045337 0.155305
vt 0.131181 0.137970
vt 0.078893 0.141634
vt 0.138585 0.138733
vt 0.088486 0.139902
vt 0.146880 0.139892
vt 0.096836 0.138729
vt 0.104275 0.137964
vt 0.111142 0.137507
vt 0.179126 0.146878
vt 0.190906 0.150105
vt 0.089569 0.149316
vt 0.080145 0.149981
vt 0.124045 0.148444
vt 0.117741 0.148353
vt 0.145822 0.149247
vt 0.137754 0.148863
vt 0.097682 0.148908
vt 0.155180 0.149874
vt 0.104849 0.148638
vt 0.165995 0.150923
vt 0.111433 0.148457
vt 0.177897 0.152580
vt 0.189692 0.154862
vt 0.069236 0.151101
vt 0.057987 0.158589
vt 0.046276 0.160081
vt 0.130614 0.148611
vt 0.165531 0.157852
vt 0.154919 0.158055
vt 0.145700 0.158442
vt 0.137714 0.158784
vt 0.111451 0.159140
vt 0.104881 0.159065
vt 0.177203 0.158252
vt 0.117756 0.159113
vt 0.188828 0.159598
vt 0.124057 0.159111
vt 0.069753 0.158085
vt 0.058215 0.164150
vt 0.046882 0.164771
vt 0.130612 0.159008
vt 0.080447 0.158221
vt 0.089726 0.158564
vt 0.097753 0.158871
vt 0.069469 0.164889
vt 0.111169 0.170042
vt 0.104325 0.169644
vt 0.057939 0.169430
vt 0.047203 0.169337
vt 0.131220 0.169551
vt 0.124397 0.169994
vt 0.079776 0.166318
vt 0.138513 0.168755
vt 0.088917 0.167759
vt 0.146551 0.167584
vt 0.097000 0.168890
vt 0.155632 0.166096
vt 0.165863 0.164604
vt 0.177033 0.163771
vt 0.117786 0.170115
vt 0.188294 0.164256
vt 0.148593 0.176729
vt 0.140419 0.179035
vt 0.068352 0.171361
vt 0.095146 0.179230
vt 0.086920 0.176965
vt 0.157453 0.173899
vt 0.102941 0.180838
vt 0.167023 0.171027
vt 0.110445 0.181781
vt 0.177362 0.169015
vt 0.117838 0.182087
vt 0.188040 0.168796
vt 0.125216 0.181697
vt 0.132672 0.180681
vt 0.077994 0.174178
vt 0.165091 0.333088
vt 0.155748 0.333336
vt 0.090363 0.333754
vt 0.081013 0.333634
vt 0.146396 0.333544
vt 0.071668 0.333476
vt 0.137071 0.333729
vt 0.062290 0.333310
vt 0.127713 0.333846
vt 0.052872 0.333111
vt 0.118360 0.333904
vt 0.193303 0.332263
vt 0.183877 0.332547
vt 0.043439 0.332915
vt 0.109015 0.333904
vt 0.174466 0.332834
vt 0.099684 0.333851
s 1
usemtl Main
f 668/805/167 669/806/167 671/807/168 670/808/168
f 670/808/168 671/807/168 673/809/169 672/810/169
f 672/810/169 673/809/169 675/811/170 674/812/170
f 674/812/170 675/811/170 677/813/171 676/814/171
f 676/814/171 677/813/171 679/815/172 678/816/172
f 678/816/172 679/815/172 681/817/173 680/818/173
f 680/818/173 681/817/173 683/819/174 682/820/174
f 682/820/174 683/819/174 685/821/175 684/822/175
f 684/822/175 685/821/175 687/823/176 686/824/176
f 686/824/176 687/823/176 689/825/177 688/826/177
f 688/826/177 689/825/177 691/827/178 690/828/178
f 690/828/178 691/827/178 693/829/179 692/830/179
f 692/830/179 693/829/179 695/831/180 694/832/180
f 694/832/180 695/831/180 697/833/181 696/834/181
f 696/834/181 697/833/181 699/835/182 698/836/182
f 698/836/182 699/835/182 669/837/167 668/838/167
f 678/816/183 680/818/184 706/839/184 705/840/183
f 712/841/179 713/842/180 745/843/180 744/844/179
f 688/826/185 690/828/186 711/845/186 710/846/185
f 698/836/187 668/838/188 700/847/188 715/848/187
f 674/812/189 676/814/190 704/849/190 703/850/189
f 684/822/191 686/824/192 709/851/192 708/852/191
f 694/832/193 696/834/194 714/853/194 713/842/193
f 670/808/195 672/810/196 702/854/196 701/855/195
f 680/818/184 682/820/197 707/856/197 706/839/184
f 690/828/186 692/830/198 712/841/198 711/845/186
f 676/814/190 678/816/183 705/840/183 704/849/190
f 686/824/192 688/826/185 710/846/185 709/851/192
f 696/834/194 698/836/187 715/848/187 714/853/194
f 672/810/196 674/812/189 703/850/189 702/854/196
f 682/820/197 684/822/191 708/852/191 707/856/197
f 692/830/198 694/832/193 713/842/193 712/841/198
f 668/805/188 670/808/195 701/855/195 700/857/188
f 723/858/174 724/859/175 756/860/175 755/861/174
f 705/840/172 706/839/173 738/862/173 737/863/172
f 713/842/180 714/853/181 746/864/181 745/843/180
f 706/839/173 707/856/174 739/865/174 738/862/173
f 714/853/181 715/848/182 747/866/182 746/864/181
f 707/856/174 708/852/175 740/867/175 739/865/174
f 700/857/167 701/855/168 733/868/168 732/869/167
f 715/848/182 700/847/167 732/870/167 747/866/182
f 708/852/175 709/851/176 741/871/176 740/867/175
f 701/855/168 702/854/169 734/872/169 733/868/168
f 709/851/176 710/846/177 742/873/177 741/871/176
f 702/854/169 703/850/170 735/874/170 734/872/169
f 710/846/177 711/845/178 743/875/178 742/873/177
f 703/850/170 704/849/171 736/876/171 735/874/170
f 711/845/178 712/841/179 744/844/179 743/875/178
f 704/849/171 705/840/172 737/863/172 736/876/171
f 717/877/199 716/878/199 732/869/199 733/868/199
f 718/879/199 717/877/199 733/868/199 734/872/199
f 719/880/199 718/879/199 734/872/199 735/874/199
f 720/881/199 719/880/199 735/874/199 736/876/199
f 721/882/199 720/881/199 736/876/199 737/863/199
f 722/883/199 721/882/199 737/863/199 738/862/199
f 723/858/199 722/883/199 738/862/199 739/865/199
f 724/859/199 723/858/199 739/865/199 740/867/199
f 725/884/199 724/859/199 740/867/199 741/871/199
f 726/885/199 725/884/199 741/871/199 742/873/199
f 727/886/199 726/885/199 742/873/199 743/875/199
f 728/887/199 727/886/199 743/875/199 744/844/199
f 729/888/199 728/887/199 744/844/199 745/843/199
f 730/889/199 729/888/199 745/843/199 746/864/199
f 731/890/199 730/889/199 746/864/199 747/866/199
f 716/891/199 731/890/199 747/866/199 732/870/199
f 758/892/200 759/893/200 775/894/200 774/895/200
f 716/878/167 717/877/168 749/896/168 748/897/167
f 731/890/182 716/891/167 748/898/167 763/899/182
f 724/859/175 725/884/176 757/900/176 756/860/175
f 717/877/168 718/879/169 750/901/169 749/896/168
f 725/884/176 726/885/177 758/892/177 757/900/176
f 718/879/169 719/880/170 751/902/170 750/901/169
f 726/885/177 727/886/178 759/893/178 758/892/177
f 719/880/170 720/881/171 752/903/171 751/902/170
f 727/886/178 728/887/179 760/904/179 759/893/178
f 720/881/171 721/882/172 753/905/172 752/903/171
f 728/887/179 729/888/180 761/906/180 760/904/179
f 721/882/172 722/883/173 754/907/173 753/905/172
f 729/888/180 730/889/181 762/908/181 761/906/180
f 722/883/173 723/858/174 755/861/174 754/907/173
f 730/889/181 731/890/182 763/899/182 762/908/181
f 764/909/200 765/910/200 781/911/200 780/912/200
f 751/902/200 752/903/200 768/913/200 767/914/200
f 759/893/200 760/904/200 776/915/200 775/894/200
f 752/903/200 753/905/200 769/916/200 768/913/200
f 760/904/200 761/906/200 777/917/200 776/915/200
f 753/905/200 754/907/200 770/918/200 769/916/200
f 761/906/200 762/908/200 778/919/200 777/917/200
f 754/907/200 755/861/200 771/920/200 770/918/200
f 762/908/200 763/899/200 779/921/200 778/919/200
f 755/861/200 756/860/200 772/922/200 771/920/200
f 748/897/200 749/896/200 765/910/200 764/909/200
f 763/899/200 748/898/200 764/923/200 779/921/200
f 756/860/200 757/900/200 773/924/200 772/922/200
f 749/896/200 750/901/200 766/925/200 765/910/200
f 757/900/200 758/892/200 774/895/200 773/924/200
f 750/901/200 751/902/200 767/914/200 766/925/200
f 785/926/172 786/927/173 818/928/173 817/929/172
f 779/921/200 764/923/200 780/930/200 795/931/200
f 772/922/200 773/924/200 789/932/200 788/933/200
f 765/910/200 766/925/200 782/934/200 781/911/200
f 773/924/200 774/895/200 790/935/200 789/932/200
f 766/925/200 767/914/200 783/936/200 782/934/200
f 774/895/200 775/894/200 791/937/200 790/935/200
f 767/914/200 768/913/200 784/938/200 783/936/200
f 775/894/200 776/915/200 792/939/200 791/937/200
f 768/913/200 769/916/200 785/926/200 784/938/200
f 776/915/200 777/917/200 793/940/200 792/939/200
f 769/916/200 770/918/200 786/927/200 785/926/200
f 777/917/200 778/919/200 794/941/200 793/940/200
f 770/918/200 771/920/200 787/942/200 786/927/200
f 778/919/200 779/921/200 795/931/200 794/941/200
f 771/920/200 772/922/200 788/933/200 787/942/200
f 796/943/167 797/944/168 829/945/201 828/946/202
f 793/940/180 794/941/181 826/947/181 825/948/180
f 786/927/173 787/942/174 819/949/174 818/928/173
f 794/941/181 795/931/182 827/950/182 826/947/181
f 787/942/174 788/933/175 820/951/175 819/949/174
f 780/912/167 781/911/168 813/952/168 812/953/167
f 795/931/182 780/930/167 812/954/167 827/950/182
f 788/933/175 789/932/176 821/955/176 820/951/175
f 781/911/168 782/934/169 814/956/169 813/952/168
f 789/932/176 790/935/177 822/957/177 821/955/176
f 782/934/169 783/936/170 815/958/170 814/956/169
f 790/935/177 791/937/178 823/959/178 822/957/177
f 783/936/170 784/938/171 816/960/171 815/958/170
f 791/937/178 792/939/179 824/961/179 823/959/178
f 784/938/171 785/926/172 817/929/172 816/960/171
f 792/939/179 793/940/180 825/948/180 824/961/179
f 797/944/199 796/943/199 812/953/199 813/952/199
f 798/962/199 797/944/199 813/952/199 814/956/199
f 799/963/199 798/962/199 814/956/199 815/958/199
f 800/964/199 799/963/199 815/958/199 816/960/199
f 801/965/199 800/964/199 816/960/199 817/929/199
f 802/966/199 801/965/199 817/929/199 818/928/199
f 803/967/199 802/966/199 818/928/199 819/949/199
f 804/968/199 803/967/199 819/949/199 820/951/199
f 805/969/199 804/968/199 820/951/199 821/955/199
f 806/970/199 805/969/199 821/955/199 822/957/199
f 807/971/199 806/970/199 822/957/199 823/959/199
f 808/972/199 807/971/199 823/959/199 824/961/199
f 809/973/199 808/972/199 824/961/199 825/948/199
f 810/974/199 809/973/199 825/948/199 826/947/199
f 811/975/199 810/974/199 826/947/199 827/950/199
f 796/976/199 811/975/199 827/950/199 812/954/199
f 842/977/203 858/978/204 857/979/205 841/980/206
f 811/975/182 796/976/167 828/981/202 843/982/207
f 804/968/175 805/969/176 837/983/208 836/984/209
f 797/944/168 798/962/169 830/985/210 829/945/201
f 805/969/176 806/970/177 838/986/211 837/983/208
f 798/962/169 799/963/170 831/987/212 830/985/210
f 806/970/177 807/971/178 839/988/213 838/986/211
f 799/963/170 800/964/171 832/989/214 831/987/212
f 807/971/178 808/972/179 840/990/215 839/988/213
f 800/964/171 801/965/172 833/991/216 832/989/214
f 808/972/179 809/973/180 841/980/206 840/990/215
f 801/965/172 802/966/173 834/992/217 833/991/216
f 809/973/180 810/974/181 842/977/203 841/980/206
f 802/966/173 803/967/174 835/993/218 834/992/217
f 810/974/181 811/975/182 843/982/207 842/977/203
f 803/967/174 804/968/175 836/984/209 835/993/218
f 832/989/214 848/994/219 847/995/220 831/987/212
f 835/993/218 851/996/221 850/997/222 834/992/217
f 843/982/207 859/998/223 858/978/204 842/977/203
f 836/984/209 852/999/224 851/996/221 835/993/218
f 828/981/202 844/1000/225 859/998/223 843/982/207
f 837/983/208 853/1001/226 852/999/224 836/984/209
f 830/985/210 846/1002/227 845/1003/228 829/945/201
f 845/1003/228 861/1004/229 860/1005/230 844/1006/225
f 838/986/211 854/1007/231 853/1001/226 837/983/208
f 830/985/210 831/987/212 847/995/220 846/1002/227
f 839/988/213 855/1008/232 854/1007/231 838/986/211
f 840/990/215 856/1009/233 855/1008/232 839/988/213
f 833/991/216 849/1010/234 848/994/219 832/989/214
f 841/980/206 857/979/205 856/1009/233 840/990/215
f 834/992/217 850/997/222 849/1010/234 833/991/216
f 853/1001/226 869/1011/235 868/1012/236 852/999/224
f 858/978/204 874/1013/237 873/1014/238 857/979/205
f 846/1002/227 862/1015/239 861/1004/229 845/1003/228
f 861/1004/229 877/1016/240 876/1017/241 860/1005/230
f 854/1007/231 870/1018/242 869/1011/235 853/1001/226
f 847/995/220 863/1019/243 862/1015/239 846/1002/227
f 855/1008/232 871/1020/244 870/1018/242 854/1007/231
f 848/994/219 864/1021/245 863/1019/243 847/995/220
f 856/1009/233 872/1022/246 871/1020/244 855/1008/232
f 849/1010/234 865/1023/247 864/1021/245 848/994/219
f 856/1009/233 857/979/205 873/1014/238 872/1022/246
f 850/997/222 866/1024/248 865/1023/247 849/1010/234
f 851/996/221 867/1025/249 866/1024/248 850/997/222
f 859/998/223 875/1026/250 874/1013/237 858/978/204
f 852/999/224 868/1012/236 867/1025/249 851/996/221
f 844/1000/225 860/1027/230 875/1026/250 859/998/223
f 864/1021/245 880/1028/251 879/1029/252 863/1019/243
f 869/1011/235 885/1030/253 884/1031/254 868/1012/236
f 872/1022/246 888/1032/255 887/1033/256 871/1020/244
f 865/1023/247 881/1034/257 880/1028/251 864/1021/245
f 873/1014/238 889/1035/258 888/1032/255 872/1022/246
f 866/1024/248 882/1036/259 881/1034/257 865/1023/247
f 874/1013/237 890/1037/260 889/1035/258 873/1014/238
f 867/1025/249 883/1038/261 882/1036/259 866/1024/248
f 875/1026/250 891/1039/262 890/1037/260 874/1013/237
f 867/1025/249 868/1012/236 884/1031/254 883/1038/261
f 860/1027/230 876/1040/241 891/1039/262 875/1026/250
f 862/1015/239 878/1041/263 877/1016/240 861/1004/229
f 877/1016/240 893/1042/264 892/1043/265 876/1017/241
f 870/1018/242 886/1044/266 885/1030/253 869/1011/235
f 863/1019/243 879/1029/252 878/1041/263 862/1015/239
f 871/1020/244 887/1033/256 886/1044/266 870/1018/242
f 890/1037/260 906/1045/267 905/1046/268 889/1035/258
f 888/1032/255 904/1047/269 903/1048/270 887/1033/256
f 883/1038/261 899/1049/271 898/1050/272 882/1036/259
f 891/1039/262 907/1051/273 906/1045/267 890/1037/260
f 884/1031/254 900/1052/274 899/1049/271 883/1038/261
f 876/1040/241 892/1053/265 907/1051/273 891/1039/262
f 885/1030/253 901/1054/275 900/1052/274 884/1031/254
f 878/1041/263 894/1055/276 893/1042/264 877/1016/240
f 893/1042/264 909/1056/277 908/1057/278 892/1043/265
f 886/1044/266 902/1058/279 901/1054/275 885/1030/253
f 879/1029/252 895/1059/280 894/1055/276 878/1041/263
f 886/1044/266 887/1033/256 903/1048/270 902/1058/279
f 880/1028/251 896/1060/281 895/1059/280 879/1029/252
f 881/1034/257 897/1061/282 896/1060/281 880/1028/251
f 889/1035/258 905/1046/268 904/1047/269 888/1032/255
f 882/1036/259 898/1050/272 897/1061/282 881/1034/257
f 894/1055/276 910/1062/283 909/1056/277 893/1042/264
f 899/1049/271 915/1063/284 914/1064/285 898/1050/272
f 908/1057/278 909/1056/277 925/1065/286 924/1066/287
f 902/1058/279 918/1067/288 917/1068/289 901/1054/275
f 895/1059/280 911/1069/290 910/1062/283 894/1055/276
f 903/1048/270 919/1070/291 918/1067/288 902/1058/279
f 896/1060/281 912/1071/292 911/1069/290 895/1059/280
f 904/1047/269 920/1072/293 919/1070/291 903/1048/270
f 897/1061/282 913/1073/294 912/1071/292 896/1060/281
f 905/1046/268 921/1074/295 920/1072/293 904/1047/269
f 897/1061/282 898/1050/272 914/1064/285 913/1073/294
f 906/1045/267 922/1075/296 921/1074/295 905/1046/268
f 907/1051/273 923/1076/297 922/1075/296 906/1045/267
f 900/1052/274 916/1077/298 915/1063/284 899/1049/271
f 892/1053/265 908/1078/278 923/1076/297 907/1051/273
f 901/1054/275 917/1068/289 916/1077/298 900/1052/274
f 920/1072/293 936/1079/299 935/1080/300 919/1070/291
f 910/1062/283 926/1081/301 925/1065/286 909/1056/277
f 913/1073/294 929/1082/302 928/1083/303 912/1071/292
f 921/1074/295 937/1084/304 936/1079/299 920/1072/293
f 914/1064/285 930/1085/305 929/1082/302 913/1073/294
f 922/1075/296 938/1086/306 937/1084/304 921/1074/295
f 915/1063/284 931/1087/307 930/1085/305 914/1064/285
f 923/1076/297 939/1088/308 938/1086/306 922/1075/296
f 916/1077/298 932/1089/309 931/1087/307 915/1063/284
f 908/1078/278 924/1090/287 939/1088/308 923/1076/297
f 917/1068/289 933/1091/310 932/1089/309 916/1077/298
f 918/1067/288 934/1092/311 933/1091/310 917/1068/289
f 911/1069/290 927/1093/312 926/1081/301 910/1062/283
f 919/1070/291 935/1080/300 934/1092/311 918/1067/288
f 912/1071/292 928/1083/303 927/1093/312 911/1069/290
f 946/1094/313 947/1095/179 936/1079/299 937/1084/304
f 942/1096/314 943/1097/171 928/1083/303 929/1082/302
f 936/1079/299 947/1095/179 955/1098/315 935/1080/300
f 928/1083/303 943/1097/171 954/1099/316 927/1093/312
f 935/1080/300 955/1098/315 953/1100/317 934/1092/311
f 927/1093/312 954/1099/316 952/1101/318 926/1081/301
f 934/1092/311 953/1100/317 950/1102/319 933/1091/310
f 926/1081/301 952/1101/318 951/1103/320 925/1065/286
f 933/1091/310 950/1102/319 948/1104/199 932/1089/309
f 949/1105/200 945/1106/321 939/1088/308 924/1090/287
f 925/1065/286 951/1103/320 949/1107/200 924/1066/287
f 932/1089/309 948/1104/199 941/1108/322 931/1087/307
f 939/1088/308 945/1106/321 944/1109/323 938/1086/306
f 931/1087/307 941/1108/322 940/1110/324 930/1085/305
f 938/1086/306 944/1109/323 946/1094/313 937/1084/304
f 930/1085/305 940/1110/324 942/1096/314 929/1082/302
f 829/945/201 845/1003/228 844/1006/225 828/946/202
o Cylinder.002
v 27.639679 4.497133 -2.294166
v 27.639679 4.512671 -2.294166
v 27.654575 4.497133 -2.319967
v 27.654575 4.512671 -2.319967
v 27.684368 4.497133 -2.319967
v 27.684368 4.512671 -2.319967
v 27.699265 4.497133 -2.294166
v 27.699265 4.512671 -2.294166
v 27.684368 4.497133 -2.268364
v 27.684368 4.512671 -2.268364
v 27.654575 4.497133 -2.268364
v 27.654575 4.512671 -2.268364
vn -1.0000 -0.0000 -0.0000
vn -0.5000 -0.0000 -0.8660
vn 0.5000 -0.0000 -0.8660
vn 1.0000 -0.0000 -0.0000
vn 0.5000 -0.0000 0.8660
vn -0.0000 1.0000 -0.0000
vn -0.5000 -0.0000 0.8660
vt 0.880126 0.152946
vt 0.931507 0.152946
vt 0.931507 0.170073
vt 0.880126 0.170073
vt 0.931507 0.187200
vt 0.880126 0.187200
vt 0.931507 0.204327
vt 0.880126 0.204327
vt 0.931507 0.221454
vt 0.880126 0.221454
vt 0.449195 0.383562
vt 0.423505 0.368729
vt 0.423505 0.339065
vt 0.449195 0.324232
vt 0.474886 0.339065
vt 0.474886 0.368729
vt 0.931507 0.238581
vt 0.880126 0.238581
vt 0.931507 0.255708
vt 0.880126 0.255708
s 1
usemtl Main
f 956/1111/325 957/1112/325 959/1113/326 958/1114/326
f 958/1114/326 959/1113/326 961/1115/327 960/1116/327
f 960/1116/327 961/1115/327 963/1117/328 962/1118/328
f 962/1118/328 963/1117/328 965/1119/329 964/1120/329
f 959/1121/330 957/1122/330 967/1123/330 965/1124/330 963/1125/330 961/1126/330
f 964/1120/329 965/1119/329 967/1127/331 966/1128/331
f 966/1128/331 967/1127/331 957/1129/325 956/1130/325
o Cylinder.003
v 27.557203 4.497133 -2.493277
v 27.557203 4.512671 -2.493277
v 27.549492 4.497133 -2.522054
v 27.549492 4.512671 -2.522054
v 27.570559 4.497133 -2.543121
v 27.570559 4.512671 -2.543121
v 27.599337 4.497133 -2.535410
v 27.599337 4.512671 -2.535410
v 27.607048 4.497133 -2.506632
v 27.607048 4.512671 -2.506632
v 27.585981 4.497133 -2.485566
v 27.585981 4.512671 -2.485566
vn -0.7071 -0.0000 0.7071
vn -0.9659 -0.0000 -0.2588
vn -0.2588 -0.0000 -0.9659
vn 0.7071 -0.0000 -0.7071
vn 0.9659 -0.0000 0.2588
vn -0.0000 1.0000 -0.0000
vn 0.2588 -0.0000 0.9659
vt 0.880126 0.152946
vt 0.931507 0.152946
vt 0.931507 0.170073
vt 0.880126 0.170073
vt 0.931507 0.187200
vt 0.880126 0.187200
vt 0.931507 0.204327
vt 0.880126 0.204327
vt 0.931507 0.221454
vt 0.880126 0.221454
vt 0.449195 0.383562
vt 0.423505 0.368729
vt 0.423505 0.339065
vt 0.449195 0.324232
vt 0.474886 0.339065
vt 0.474886 0.368729
vt 0.931507 0.238581
vt 0.880126 0.238581
vt 0.931507 0.255708
vt 0.880126 0.255708
s 1
usemtl Main
f 968/1131/332 969/1132/332 971/1133/333 970/1134/333
f 970/1134/333 971/1133/333 973/1135/334 972/1136/334
f 972/1136/334 973/1135/334 975/1137/335 974/1138/335
f 974/1138/335 975/1137/335 977/1139/336 976/1140/336
f 971/1141/337 969/1142/337 979/1143/337 977/1144/337 975/1145/337 973/1146/337
f 976/1140/336 977/1139/336 979/1147/338 978/1148/338
f 978/1148/338 979/1147/338 969/1149/332 968/1150/332
o Cylinder.004
v 27.358093 4.497133 -2.575750
v 27.358093 4.512671 -2.575750
v 27.332293 4.497133 -2.590647
v 27.332293 4.512671 -2.590647
v 27.332293 4.497133 -2.620440
v 27.332293 4.512671 -2.620440
v 27.358093 4.497133 -2.635336
v 27.358093 4.512671 -2.635336
v 27.383894 4.497133 -2.620440
v 27.383894 4.512671 -2.620440
v 27.383894 4.497133 -2.590647
v 27.383894 4.512671 -2.590647
vn -0.0000 -0.0000 1.0000
vn -0.8660 -0.0000 0.5000
vn -0.8660 -0.0000 -0.5000
vn -0.0000 -0.0000 -1.0000
vn 0.8660 -0.0000 -0.5000
vn -0.0000 1.0000 -0.0000
vn 0.8660 -0.0000 0.5000
vt 0.880126 0.152946
vt 0.931507 0.152946
vt 0.931507 0.170073
vt 0.880126 0.170073
vt 0.931507 0.187200
vt 0.880126 0.187200
vt 0.931507 0.204327
vt 0.880126 0.204327
vt 0.931507 0.221454
vt 0.880126 0.221454
vt 0.449195 0.383562
vt 0.423505 0.368729
vt 0.423505 0.339065
vt 0.449195 0.324232
vt 0.474886 0.339065
vt 0.474886 0.368729
vt 0.931507 0.238581
vt 0.880126 0.238581
vt 0.931507 0.255708
vt 0.880126 0.255708
s 1
usemtl Main
f 980/1151/339 981/1152/339 983/1153/340 982/1154/340
f 982/1154/340 983/1153/340 985/1155/341 984/1156/341
f 984/1156/341 985/1155/341 987/1157/342 986/1158/342
f 986/1158/342 987/1157/342 989/1159/343 988/1160/343
f 983/1161/344 981/1162/344 991/1163/344 989/1164/344 987/1165/344 985/1166/344
f 988/1160/343 989/1159/343 991/1167/345 990/1168/345
f 990/1168/345 991/1167/345 981/1169/339 980/1170/339
o Cylinder.005
v 27.158985 4.497133 -2.493277
v 27.158985 4.512671 -2.493277
v 27.130207 4.497133 -2.485566
v 27.130207 4.512671 -2.485566
v 27.109140 4.497133 -2.506632
v 27.109140 4.512671 -2.506632
v 27.116852 4.497133 -2.535410
v 27.116852 4.512671 -2.535410
v 27.145630 4.497133 -2.543121
v 27.145630 4.512671 -2.543121
v 27.166697 4.497133 -2.522054
v 27.166697 4.512671 -2.522054
vn 0.7071 -0.0000 0.7071
vn -0.2588 -0.0000 0.9659
vn -0.9659 -0.0000 0.2588
vn -0.7071 -0.0000 -0.7071
vn 0.2588 -0.0000 -0.9659
vn -0.0000 1.0000 -0.0000
vn 0.9659 -0.0000 -0.2588
vt 0.880126 0.152946
vt 0.931507 0.152946
vt 0.931507 0.170073
vt 0.880126 0.170073
vt 0.931507 0.187200
vt 0.880126 0.187200
vt 0.931507 0.204327
vt 0.880126 0.204327
vt 0.931507 0.221454
vt 0.880126 0.221454
vt 0.449195 0.383562
vt 0.423505 0.368729
vt 0.423505 0.339065
vt 0.449195 0.324232
vt 0.474886 0.339065
vt 0.474886 0.368729
vt 0.931507 0.238581
vt 0.880126 0.238581
vt 0.931507 0.255708
vt 0.880126 0.255708
s 1
usemtl Main
f 992/1171/346 993/1172/346 995/1173/347 994/1174/347
f 994/1174/347 995/1173/347 997/1175/348 996/1176/348
f 996/1176/348 997/1175/348 999/1177/349 998/1178/349
f 998/1178/349 999/1177/349 1001/1179/350 1000/1180/350
f 995/1181/351 993/1182/351 1003/1183/351 1001/1184/351 999/1185/351 997/1186/351
f 1000/1180/350 1001/1179/350 1003/1187/352 1002/1188/352
f 1002/1188/352 1003/1187/352 993/1189/346 992/1190/346
o Cylinder.006
v 27.076506 4.497133 -2.294166
v 27.076506 4.512671 -2.294166
v 27.061609 4.497133 -2.268364
v 27.061609 4.512671 -2.268364
v 27.031816 4.497133 -2.268364
v 27.031816 4.512671 -2.268364
v 27.016920 4.497133 -2.294166
v 27.016920 4.512671 -2.294166
v 27.031816 4.497133 -2.319967
v 27.031816 4.512671 -2.319967
v 27.061609 4.497133 -2.319967
v 27.061609 4.512671 -2.319967
vn 1.0000 -0.0000 -0.0000
vn 0.5000 -0.0000 0.8660
vn -0.5000 -0.0000 0.8660
vn -1.0000 -0.0000 -0.0000
vn -0.5000 -0.0000 -0.8660
vn -0.0000 1.0000 -0.0000
vn 0.5000 -0.0000 -0.8660
vt 0.880126 0.152946
vt 0.931507 0.152946
vt 0.931507 0.170073
vt 0.880126 0.170073
vt 0.931507 0.187200
vt 0.880126 0.187200
vt 0.931507 0.204327
vt 0.880126 0.204327
vt 0.931507 0.221454
vt 0.880126 0.221454
vt 0.449195 0.383562
vt 0.423505 0.368729
vt 0.423505 0.339065
vt 0.449195 0.324232
vt 0.474886 0.339065
vt 0.474886 0.368729
vt 0.931507 0.238581
vt 0.880126 0.238581
vt 0.931507 0.255708
vt 0.880126 0.255708
s 1
usemtl Main
f 1004/1191/353 1005/1192/353 1007/1193/354 1006/1194/354
f 1006/1194/354 1007/1193/354 1009/1195/355 1008/1196/355
f 1008/1196/355 1009/1195/355 1011/1197/356 1010/1198/356
f 1010/1198/356 1011/1197/356 1013/1199/357 1012/1200/357
f 1007/1201/358 1005/1202/358 1015/1203/358 1013/1204/358 1011/1205/358 1009/1206/358
f 1012/1200/357 1013/1199/357 1015/1207/359 1014/1208/359
f 1014/1208/359 1015/1207/359 1005/1209/353 1004/1210/353
o Cylinder.007
v 27.158985 4.497133 -2.095055
v 27.158985 4.512671 -2.095055
v 27.166697 4.497133 -2.066277
v 27.166697 4.512671 -2.066277
v 27.145630 4.497133 -2.045210
v 27.145630 4.512671 -2.045210
v 27.116852 4.497133 -2.052921
v 27.116852 4.512671 -2.052921
v 27.109140 4.497133 -2.081699
v 27.109140 4.512671 -2.081699
v 27.130207 4.497133 -2.102766
v 27.130207 4.512671 -2.102766
vn 0.7071 -0.0000 -0.7071
vn 0.9659 -0.0000 0.2588
vn 0.2588 -0.0000 0.9659
vn -0.7071 -0.0000 0.7071
vn -0.9659 -0.0000 -0.2588
vn -0.0000 1.0000 -0.0000
vn -0.2588 -0.0000 -0.9659
vt 0.880126 0.152946
vt 0.931507 0.152946
vt 0.931507 0.170073
vt 0.880126 0.170073
vt 0.931507 0.187200
vt 0.880126 0.187200
vt 0.931507 0.204327
vt 0.880126 0.204327
vt 0.931507 0.221454
vt 0.880126 0.221454
vt 0.449195 0.383562
vt 0.423505 0.368729
vt 0.423505 0.339065
vt 0.449195 0.324232
vt 0.474886 0.339065
vt 0.474886 0.368729
vt 0.931507 0.238581
vt 0.880126 0.238581
vt 0.931507 0.255708
vt 0.880126 0.255708
s 1
usemtl Main
f 1016/1211/360 1017/1212/360 1019/1213/361 1018/1214/361
f 1018/1214/361 1019/1213/361 1021/1215/362 1020/1216/362
f 1020/1216/362 1021/1215/362 1023/1217/363 1022/1218/363
f 1022/1218/363 1023/1217/363 1025/1219/364 1024/1220/364
f 1019/1221/365 1017/1222/365 1027/1223/365 1025/1224/365 1023/1225/365 1021/1226/365
f 1024/1220/364 1025/1219/364 1027/1227/366 1026/1228/366
f 1026/1228/366 1027/1227/366 1017/1229/360 1016/1230/360
o Cylinder.008
v 27.358093 4.497133 -2.012580
v 27.358093 4.512671 -2.012580
v 27.383894 4.497133 -1.997684
v 27.383894 4.512671 -1.997684
v 27.383894 4.497133 -1.967891
v 27.383894 4.512671 -1.967891
v 27.358093 4.497133 -1.952994
v 27.358093 4.512671 -1.952994
v 27.332293 4.497133 -1.967891
v 27.332293 4.512671 -1.967891
v 27.332293 4.497133 -1.997684
v 27.332293 4.512671 -1.997684
vn -0.0000 -0.0000 -1.0000
vn 0.8660 -0.0000 -0.5000
vn 0.8660 -0.0000 0.5000
vn -0.0000 -0.0000 1.0000
vn -0.8660 -0.0000 0.5000
vn -0.0000 1.0000 -0.0000
vn -0.8660 -0.0000 -0.5000
vt 0.880126 0.152946
vt 0.931507 0.152946
vt 0.931507 0.170073
vt 0.880126 0.170073
vt 0.931507 0.187200
vt 0.880126 0.187200
vt 0.931507 0.204327
vt 0.880126 0.204327
vt 0.931507 0.221454
vt 0.880126 0.221454
vt 0.449195 0.383562
vt 0.423505 0.368729
vt 0.423505 0.339065
vt 0.449195 0.324232
vt 0.474886 0.339065
vt 0.474886 0.368729
vt 0.931507 0.238581
vt 0.880126 0.238581
vt 0.931507 0.255708
vt 0.880126 0.255708
s 1
usemtl Main
f 1028/1231/367 1029/1232/367 1031/1233/368 1030/1234/368
f 1030/1234/368 1031/1233/368 1033/1235/369 1032/1236/369
f 1032/1236/369 1033/1235/369 1035/1237/370 1034/1238/370
f 1034/1238/370 1035/1237/370 1037/1239/371 1036/1240/371
f 1031/1241/372 1029/1242/372 1039/1243/372 1037/1244/372 1035/1245/372 1033/1246/372
f 1036/1240/371 1037/1239/371 1039/1247/373 1038/1248/373
f 1038/1248/373 1039/1247/373 1029/1249/367 1028/1250/367
o Cylinder.009
v 27.557203 4.497133 -2.095055
v 27.557203 4.512671 -2.095055
v 27.585981 4.497133 -2.102766
v 27.585981 4.512671 -2.102766
v 27.607048 4.497133 -2.081699
v 27.607048 4.512671 -2.081699
v 27.599337 4.497133 -2.052921
v 27.599337 4.512671 -2.052921
v 27.570559 4.497133 -2.045210
v 27.570559 4.512671 -2.045210
v 27.549492 4.497133 -2.066277
v 27.549492 4.512671 -2.066277
vn -0.7071 -0.0000 -0.7071
vn 0.2588 -0.0000 -0.9659
vn 0.9659 -0.0000 -0.2588
vn 0.7071 -0.0000 0.7071
vn -0.2588 -0.0000 0.9659
vn -0.0000 1.0000 -0.0000
vn -0.9659 -0.0000 0.2588
vt 0.880126 0.152946
vt 0.931507 0.152946
vt 0.931507 0.170073
vt 0.880126 0.170073
vt 0.931507 0.187200
vt 0.880126 0.187200
vt 0.931507 0.204327
vt 0.880126 0.204327
vt 0.931507 0.221454
vt 0.880126 0.221454
vt 0.449195 0.383562
vt 0.423505 0.368729
vt 0.423505 0.339065
vt 0.449195 0.324232
vt 0.474886 0.339065
vt 0.474886 0.368729
vt 0.931507 0.238581
vt 0.880126 0.238581
vt 0.931507 0.255708
vt 0.880126 0.255708
s 1
usemtl Main
f 1040/1251/374 1041/1252/374 1043/1253/375 1042/1254/375
f 1042/1254/375 1043/1253/375 1045/1255/376 1044/1256/376
f 1044/1256/376 1045/1255/376 1047/1257/377 1046/1258/377
f 1046/1258/377 1047/1257/377 1049/1259/378 1048/1260/378
f 1043/1261/379 1041/1262/379 1051/1263/379 1049/1264/379 1047/1265/379 1045/1266/379
f 1048/1260/378 1049/1259/378 1051/1267/380 1050/1268/380
f 1050/1268/380 1051/1267/380 1041/1269/374 1040/1270/374
o Cylinder.010
v 27.093428 4.489801 -2.294166
v 27.113573 4.489801 -2.395449
v 27.170946 4.489801 -2.481312
v 27.256809 4.489801 -2.538684
v 27.358091 4.489801 -2.558831
v 27.459375 4.489801 -2.538684
v 27.545238 4.489802 -2.481312
v 27.602612 4.489802 -2.395449
v 27.622757 4.489801 -2.294166
v 27.602612 4.489802 -2.192883
v 27.545238 4.489802 -2.107019
v 27.459375 4.489801 -2.049647
v 27.358091 4.489801 -2.029501
v 27.256809 4.489801 -2.049647
v 27.170946 4.489801 -2.107019
v 27.113573 4.489801 -2.192883
v 26.998152 4.497132 -2.294166
v 27.025551 4.497132 -2.431909
v 27.103575 4.497132 -2.548682
v 27.220348 4.497132 -2.626707
v 27.358093 4.497132 -2.654106
v 27.495834 4.497132 -2.626707
v 27.612608 4.497133 -2.548682
v 27.690634 4.497132 -2.431909
v 27.718033 4.497132 -2.294166
v 27.690634 4.497132 -2.156423
v 27.612608 4.497133 -2.039649
v 27.495834 4.497132 -1.961624
v 27.358093 4.497132 -1.934225
v 27.220348 4.497132 -1.961624
v 27.103575 4.497132 -2.039649
v 27.025551 4.497132 -2.156423
v 26.998152 4.451296 -2.294166
v 27.025551 4.451296 -2.431909
v 27.103575 4.451296 -2.548682
v 27.220348 4.451296 -2.626707
v 27.358093 4.451296 -2.654106
v 27.495834 4.451296 -2.626707
v 27.612608 4.451296 -2.548682
v 27.690634 4.451296 -2.431909
v 27.718033 4.451296 -2.294166
v 27.690634 4.451296 -2.156423
v 27.612608 4.451296 -2.039649
v 27.495834 4.451296 -1.961624
v 27.358093 4.451296 -1.934225
v 27.220348 4.451296 -1.961624
v 27.103575 4.451296 -2.039649
v 27.025551 4.451296 -2.156423
v 27.536713 4.538568 -2.472787
v 27.545238 4.538392 -2.481312
v 27.602612 4.538392 -2.395449
v 27.591471 4.538568 -2.390835
v 27.454762 4.538568 -2.527545
v 27.459375 4.538391 -2.538684
v 27.358091 4.538568 -2.546774
v 27.358091 4.538391 -2.558831
v 27.179470 4.538568 -2.115545
v 27.170946 4.538391 -2.107019
v 27.113573 4.538391 -2.192883
v 27.124712 4.538568 -2.197497
v 27.261423 4.538568 -2.060786
v 27.256809 4.538391 -2.049647
v 27.358091 4.538568 -2.041558
v 27.358091 4.538391 -2.029501
v 27.622757 4.538391 -2.294166
v 27.610701 4.538568 -2.294166
v 27.093428 4.538391 -2.294166
v 27.105484 4.538568 -2.294166
v 27.602612 4.538392 -2.192883
v 27.591471 4.538568 -2.197497
v 27.124712 4.538568 -2.390835
v 27.113573 4.538391 -2.395449
v 27.170946 4.538391 -2.481312
v 27.179470 4.538568 -2.472787
v 27.545238 4.538392 -2.107019
v 27.536713 4.538568 -2.115545
v 27.256809 4.538391 -2.538684
v 27.261423 4.538568 -2.527545
v 27.459375 4.538391 -2.049647
v 27.454762 4.538568 -2.060786
vn -0.0000 0.9971 0.0767
vn -0.0294 0.9971 0.0709
vn -0.7071 -0.0000 0.7071
vn -0.9239 -0.0000 0.3827
vn -0.0000 0.9971 -0.0767
vn 0.0294 0.9971 -0.0709
vn -0.0542 0.9971 0.0542
vn 0.0542 0.9971 -0.0542
vn -0.0709 0.9971 0.0294
vn 0.0709 0.9971 -0.0294
vn -0.0767 0.9971 -0.0000
vn 0.0767 0.9971 -0.0000
vn 0.0709 0.9971 0.0294
vn -0.0709 0.9971 -0.0294
vn 0.0542 0.9971 0.0542
vn -0.0542 0.9971 -0.0542
vn 0.0294 0.9971 0.0709
vn -0.0294 0.9971 -0.0709
vn 0.9239 -0.0000 -0.3827
vn 1.0000 -0.0000 -0.0000
vn -1.0000 -0.0000 -0.0000
vn -0.9239 -0.0000 -0.3827
vn 0.9239 -0.0000 0.3827
vn -0.7071 -0.0000 -0.7071
vn 0.7071 -0.0000 0.7071
vn -0.3827 -0.0000 -0.9239
vn 0.3827 -0.0000 0.9239
vn -0.0000 -0.0000 -1.0000
vn -0.0000 -0.0000 1.0000
vn 0.3827 -0.0000 -0.9239
vn -0.3827 -0.0000 0.9239
vn 0.7071 -0.0000 -0.7071
vn -0.0000 0.9999 0.0146
vn 0.0056 0.9999 0.0135
vn -0.0000 0.9999 -0.0146
vn -0.0056 0.9999 -0.0135
vn 0.0103 0.9999 0.0103
vn -0.0103 0.9999 -0.0103
vn 0.0135 0.9999 0.0056
vn -0.0135 0.9999 -0.0056
vn -0.0146 0.9999 -0.0000
vn 0.0146 0.9999 -0.0000
vn -0.0135 0.9999 0.0056
vn 0.0135 0.9999 -0.0056
vn -0.0056 0.9999 0.0135
vn -0.0103 0.9999 0.0103
vn 0.0056 0.9999 -0.0135
vn 0.0103 0.9999 -0.0103
vt 0.238590 0.891591
vt 0.245944 0.882868
vt 0.254008 0.888248
vt 0.245444 0.898497
vt 0.221730 0.791602
vt 0.208587 0.788572
vt 0.209228 0.784046
vt 0.223353 0.787025
vt 0.237670 0.812519
vt 0.228566 0.805896
vt 0.233904 0.797466
vt 0.244340 0.805507
vt 0.251675 0.873348
vt 0.259910 0.876821
vt 0.218340 0.800961
vt 0.254583 0.862714
vt 0.263781 0.864575
vt 0.207368 0.798198
vt 0.255282 0.851949
vt 0.265132 0.851874
vt 0.196305 0.907026
vt 0.207602 0.906667
vt 0.208949 0.916536
vt 0.194571 0.917351
vt 0.196354 0.797955
vt 0.194571 0.787911
vt 0.254346 0.841216
vt 0.263592 0.839146
vt 0.218824 0.903710
vt 0.222409 0.913290
vt 0.251183 0.830504
vt 0.259450 0.826813
vt 0.229204 0.898510
vt 0.234854 0.907103
vt 0.245220 0.820836
vt 0.253051 0.815353
vt 0.269406 0.851849
vt 0.268144 0.865390
vt 0.209651 0.921177
vt 0.194922 0.922374
vt 0.194868 0.783013
vt 0.267988 0.838259
vt 0.224130 0.917981
vt 0.263784 0.824898
vt 0.237377 0.911008
vt 0.256734 0.812648
vt 0.248860 0.901946
vt 0.247401 0.802144
vt 0.257689 0.890679
vt 0.236280 0.793665
vt 0.264192 0.878590
vt 0.234299 0.816290
vt 0.241121 0.823894
vt 0.240126 0.824611
vt 0.233468 0.817195
vt 0.234919 0.887622
vt 0.226542 0.894218
vt 0.225875 0.893122
vt 0.234038 0.886660
vt 0.246264 0.832752
vt 0.245157 0.833253
vt 0.216917 0.898663
vt 0.216480 0.897481
vt 0.249485 0.842221
vt 0.248363 0.842479
vt 0.206850 0.901599
vt 0.196183 0.901675
vt 0.196419 0.900443
vt 0.206670 0.900378
vt 0.250700 0.851993
vt 0.249475 0.852008
vt 0.196284 0.803173
vt 0.206683 0.803146
vt 0.206520 0.804338
vt 0.196527 0.804371
vt 0.249742 0.861851
vt 0.248581 0.861614
vt 0.226069 0.810088
vt 0.225419 0.811201
vt 0.216534 0.805902
vt 0.216121 0.807064
vt 0.242012 0.880004
vt 0.241021 0.879281
vt 0.246805 0.871265
vt 0.245749 0.870813
s 1
usemtl Main
f 1056/1271/381 1057/1272/382 1073/1273/382 1072/1274/381
f 1082/1275/383 1083/1276/384 1099/1277/384 1098/1278/383
f 1064/1279/385 1065/1280/386 1081/1281/386 1080/1282/385
f 1057/1272/382 1058/1283/387 1074/1284/387 1073/1273/382
f 1065/1280/386 1066/1285/388 1082/1275/388 1081/1281/386
f 1058/1283/387 1059/1286/389 1075/1287/389 1074/1284/387
f 1066/1285/388 1067/1288/390 1083/1276/390 1082/1275/388
f 1059/1286/389 1060/1289/391 1076/1290/391 1075/1287/389
f 1052/1291/392 1053/1292/393 1069/1293/393 1068/1294/392
f 1067/1288/390 1052/1295/392 1068/1296/392 1083/1276/390
f 1060/1289/391 1061/1297/394 1077/1298/394 1076/1290/391
f 1053/1292/393 1054/1299/395 1070/1300/395 1069/1293/393
f 1061/1297/394 1062/1301/396 1078/1302/396 1077/1298/394
f 1054/1299/395 1055/1303/397 1071/1304/397 1070/1300/395
f 1062/1301/396 1063/1305/398 1079/1306/398 1078/1302/396
f 1055/1303/397 1056/1271/381 1072/1274/381 1071/1304/397
f 1063/1305/398 1064/1279/385 1080/1282/385 1079/1306/398
f 1075/1287/399 1076/1290/400 1092/1307/400 1091/1308/399
f 1068/1294/401 1069/1293/402 1085/1309/402 1084/1310/401
f 1083/1276/384 1068/1296/401 1084/1311/401 1099/1277/384
f 1076/1290/400 1077/1298/403 1093/1312/403 1092/1307/400
f 1069/1293/402 1070/1300/404 1086/1313/404 1085/1309/402
f 1077/1298/403 1078/1302/405 1094/1314/405 1093/1312/403
f 1070/1300/404 1071/1304/406 1087/1315/406 1086/1313/404
f 1078/1302/405 1079/1306/407 1095/1316/407 1094/1314/405
f 1071/1304/406 1072/1274/408 1088/1317/408 1087/1315/406
f 1079/1306/407 1080/1282/409 1096/1318/409 1095/1316/407
f 1072/1274/408 1073/1273/410 1089/1319/410 1088/1317/408
f 1080/1282/409 1081/1281/411 1097/1320/411 1096/1318/409
f 1073/1273/410 1074/1284/412 1090/1321/412 1089/1319/410
f 1081/1281/411 1082/1275/383 1098/1278/383 1097/1320/411
f 1074/1284/412 1075/1287/399 1091/1308/399 1090/1321/412
f 1115/1322/413 1130/1323/414 1131/1324/414 1114/1325/413
f 1107/1326/415 1128/1327/416 1129/1328/416 1106/1329/415
f 1130/1323/414 1126/1330/417 1127/1331/417 1131/1324/414
f 1128/1327/416 1124/1332/418 1125/1333/418 1129/1328/416
f 1126/1330/417 1120/1334/419 1121/1335/419 1127/1331/417
f 1123/1336/420 1118/1337/421 1119/1338/421 1122/1339/420
f 1124/1332/418 1123/1336/420 1122/1339/420 1125/1333/418
f 1120/1334/419 1116/1340/422 1117/1341/422 1121/1335/419
f 1118/1342/421 1110/1343/423 1111/1344/423 1119/1345/421
f 1116/1340/422 1102/1346/424 1103/1347/424 1117/1341/422
f 1113/1348/425 1115/1322/413 1114/1325/413 1112/1349/425
f 1109/1350/426 1113/1348/425 1112/1349/425 1108/1351/426
f 1110/1343/423 1109/1350/426 1108/1351/426 1111/1344/423
f 1105/1352/427 1107/1326/415 1106/1329/415 1104/1353/427
f 1101/1354/428 1105/1352/427 1104/1353/427 1100/1355/428
f 1102/1346/424 1101/1354/428 1100/1355/428 1103/1347/424
f 1105/1352/410 1101/1354/412 1058/1283/412 1057/1272/410
f 1101/1354/412 1102/1346/399 1059/1286/399 1058/1283/412
f 1102/1346/399 1116/1340/400 1060/1289/400 1059/1286/399
f 1107/1326/408 1105/1352/410 1057/1272/410 1056/1271/408
f 1128/1327/406 1107/1326/408 1056/1271/408 1055/1303/406
f 1113/1348/411 1109/1350/383 1066/1285/383 1065/1280/411
f 1109/1350/383 1110/1343/384 1067/1288/384 1066/1285/383
f 1110/1343/384 1118/1342/401 1052/1295/401 1067/1288/384
f 1115/1322/409 1113/1348/411 1065/1280/411 1064/1279/409
f 1130/1323/407 1115/1322/409 1064/1279/409 1063/1305/407
f 1116/1340/400 1120/1334/403 1061/1297/403 1060/1289/400
f 1118/1337/401 1123/1336/402 1053/1292/402 1052/1291/401
f 1120/1334/403 1126/1330/405 1062/1301/405 1061/1297/403
f 1123/1336/402 1124/1332/404 1054/1299/404 1053/1292/402
f 1124/1332/404 1128/1327/406 1055/1303/406 1054/1299/404
f 1126/1330/405 1130/1323/407 1063/1305/407 1062/1301/405
o Cylinder.011
v 25.892647 6.359655 -2.294166
v 25.908186 6.359655 -2.294166
v 25.892647 6.344759 -2.319967
v 25.908186 6.344759 -2.319967
v 25.892647 6.314966 -2.319967
v 25.908186 6.314966 -2.319967
v 25.892647 6.300070 -2.294166
v 25.908186 6.300070 -2.294166
v 25.892647 6.314966 -2.268364
v 25.908186 6.314966 -2.268364
v 25.892647 6.344759 -2.268364
v 25.908186 6.344759 -2.268364
vn -0.0000 1.0000 -0.0000
vn -0.0000 0.5000 -0.8660
vn -0.0000 -0.5000 -0.8660
vn -0.0000 -1.0000 -0.0000
vn -0.0000 -0.5000 0.8660
vn 1.0000 -0.0000 -0.0000
vn -0.0000 0.5000 0.8660
vt 0.880126 0.152946
vt 0.931507 0.152946
vt 0.931507 0.170073
vt 0.880126 0.170073
vt 0.931507 0.187200
vt 0.880126 0.187200
vt 0.931507 0.204327
vt 0.880126 0.204327
vt 0.931507 0.221454
vt 0.880126 0.221454
vt 0.449195 0.383562
vt 0.423505 0.368729
vt 0.423505 0.339065
vt 0.449195 0.324232
vt 0.474886 0.339065
vt 0.474886 0.368729
vt 0.931507 0.238581
vt 0.880126 0.238581
vt 0.931507 0.255708
vt 0.880126 0.255708
s 1
usemtl Main
f 1132/1356/429 1133/1357/429 1135/1358/430 1134/1359/430
f 1134/1359/430 1135/1358/430 1137/1360/431 1136/1361/431
f 1136/1361/431 1137/1360/431 1139/1362/432 1138/1363/432
f 1138/1363/432 1139/1362/432 1141/1364/433 1140/1365/433
f 1135/1366/434 1133/1367/434 1143/1368/434 1141/1369/434 1139/1370/434 1137/1371/434
f 1140/1365/433 1141/1364/433 1143/1372/435 1142/1373/435
f 1142/1373/435 1143/1372/435 1133/1374/429 1132/1375/429
o Cylinder.012
v 25.892647 6.442129 -2.493276
v 25.908186 6.442129 -2.493276
v 25.892647 6.449840 -2.522053
v 25.908186 6.449840 -2.522053
v 25.892647 6.428773 -2.543120
v 25.908186 6.428773 -2.543120
v 25.892647 6.399996 -2.535409
v 25.908186 6.399996 -2.535409
v 25.892647 6.392285 -2.506631
v 25.908186 6.392285 -2.506631
v 25.892647 6.413352 -2.485565
v 25.908186 6.413352 -2.485565
vn -0.0000 0.7071 0.7071
vn -0.0000 0.9659 -0.2588
vn -0.0000 0.2588 -0.9659
vn -0.0000 -0.7071 -0.7071
vn -0.0000 -0.9659 0.2588
vn 1.0000 -0.0000 -0.0000
vn -0.0000 -0.2588 0.9659
vt 0.880126 0.152946
vt 0.931507 0.152946
vt 0.931507 0.170073
vt 0.880126 0.170073
vt 0.931507 0.187200
vt 0.880126 0.187200
vt 0.931507 0.204327
vt 0.880126 0.204327
vt 0.931507 0.221454
vt 0.880126 0.221454
vt 0.449195 0.383562
vt 0.423505 0.368729
vt 0.423505 0.339065
vt 0.449195 0.324232
vt 0.474886 0.339065
vt 0.474886 0.368729
vt 0.931507 0.238581
vt 0.880126 0.238581
vt 0.931507 0.255708
vt 0.880126 0.255708
s 1
usemtl Main
f 1144/1376/436 1145/1377/436 1147/1378/437 1146/1379/437
f 1146/1379/437 1147/1378/437 1149/1380/438 1148/1381/438
f 1148/1381/438 1149/1380/438 1151/1382/439 1150/1383/439
f 1150/1383/439 1151/1382/439 1153/1384/440 1152/1385/440
f 1147/1386/441 1145/1387/441 1155/1388/441 1153/1389/441 1151/1390/441 1149/1391/441
f 1152/1385/440 1153/1384/440 1155/1392/442 1154/1393/442
f 1154/1393/442 1155/1392/442 1145/1394/436 1144/1395/436
o Cylinder.013
v 25.892647 6.641240 -2.575750
v 25.908186 6.641240 -2.575750
v 25.892647 6.667041 -2.590647
v 25.908186 6.667041 -2.590647
v 25.892647 6.667041 -2.620440
v 25.908186 6.667041 -2.620440
v 25.892647 6.641240 -2.635336
v 25.908186 6.641240 -2.635336
v 25.892647 6.615438 -2.620440
v 25.908186 6.615438 -2.620440
v 25.892647 6.615438 -2.590647
v 25.908186 6.615438 -2.590647
vn -0.0000 -0.0000 1.0000
vn -0.0000 0.8660 0.5000
vn -0.0000 0.8660 -0.5000
vn -0.0000 -0.0000 -1.0000
vn -0.0000 -0.8660 -0.5000
vn 1.0000 -0.0000 -0.0000
vn -0.0000 -0.8660 0.5000
vt 0.880126 0.152946
vt 0.931507 0.152946
vt 0.931507 0.170073
vt 0.880126 0.170073
vt 0.931507 0.187200
vt 0.880126 0.187200
vt 0.931507 0.204327
vt 0.880126 0.204327
vt 0.931507 0.221454
vt 0.880126 0.221454
vt 0.449195 0.383562
vt 0.423505 0.368729
vt 0.423505 0.339065
vt 0.449195 0.324232
vt 0.474886 0.339065
vt 0.474886 0.368729
vt 0.931507 0.238581
vt 0.880126 0.238581
vt 0.931507 0.255708
vt 0.880126 0.255708
s 1
usemtl Main
f 1156/1396/443 1157/1397/443 1159/1398/444 1158/1399/444
f 1158/1399/444 1159/1398/444 1161/1400/445 1160/1401/445
f 1160/1401/445 1161/1400/445 1163/1402/446 1162/1403/446
f 1162/1403/446 1163/1402/446 1165/1404/447 1164/1405/447
f 1159/1406/448 1157/1407/448 1167/1408/448 1165/1409/448 1163/1410/448 1161/1411/448
f 1164/1405/447 1165/1404/447 1167/1412/449 1166/1413/449
f 1166/1413/449 1167/1412/449 1157/1414/443 1156/1415/443
o Cylinder.014
v 25.892647 6.840351 -2.493276
v 25.908186 6.840351 -2.493276
v 25.892647 6.869128 -2.485565
v 25.908186 6.869128 -2.485565
v 25.892647 6.890195 -2.506631
v 25.908186 6.890195 -2.506631
v 25.892647 6.882484 -2.535409
v 25.908186 6.882484 -2.535409
v 25.892647 6.853706 -2.543120
v 25.908186 6.853706 -2.543120
v 25.892647 6.832640 -2.522053
v 25.908186 6.832640 -2.522053
vn -0.0000 -0.7071 0.7071
vn -0.0000 0.2588 0.9659
vn -0.0000 0.9659 0.2588
vn -0.0000 0.7071 -0.7071
vn -0.0000 -0.2588 -0.9659
vn 1.0000 -0.0000 -0.0000
vn -0.0000 -0.9659 -0.2588
vt 0.880126 0.152946
vt 0.931507 0.152946
vt 0.931507 0.170073
vt 0.880126 0.170073
vt 0.931507 0.187200
vt 0.880126 0.187200
vt 0.931507 0.204327
vt 0.880126 0.204327
vt 0.931507 0.221454
vt 0.880126 0.221454
vt 0.449195 0.383562
vt 0.423505 0.368729
vt 0.423505 0.339065
vt 0.449195 0.324232
vt 0.474886 0.339065
vt 0.474886 0.368729
vt 0.931507 0.238581
vt 0.880126 0.238581
vt 0.931507 0.255708
vt 0.880126 0.255708
s 1
usemtl Main
f 1168/1416/450 1169/1417/450 1171/1418/451 1170/1419/451
f 1170/1419/451 1171/1418/451 1173/1420/452 1172/1421/452
f 1172/1421/452 1173/1420/452 1175/1422/453 1174/1423/453
f 1174/1423/453 1175/1422/453 1177/1424/454 1176/1425/454
f 1171/1426/455 1169/1427/455 1179/1428/455 1177/1429/455 1175/1430/455 1173/1431/455
f 1176/1425/454 1177/1424/454 1179/1432/456 1178/1433/456
f 1178/1433/456 1179/1432/456 1169/1434/450 1168/1435/450
o Cylinder.015
v 25.892647 6.922826 -2.294166
v 25.908186 6.922826 -2.294166
v 25.892647 6.937722 -2.268364
v 25.908186 6.937722 -2.268364
v 25.892647 6.967515 -2.268364
v 25.908186 6.967515 -2.268364
v 25.892647 6.982411 -2.294166
v 25.908186 6.982411 -2.294166
v 25.892647 6.967515 -2.319967
v 25.908186 6.967515 -2.319967
v 25.892647 6.937722 -2.319967
v 25.908186 6.937722 -2.319967
vn -0.0000 -1.0000 -0.0000
vn -0.0000 -0.5000 0.8660
vn -0.0000 0.5000 0.8660
vn -0.0000 1.0000 -0.0000
vn -0.0000 0.5000 -0.8660
vn 1.0000 -0.0000 -0.0000
vn -0.0000 -0.5000 -0.8660
vt 0.880126 0.152946
vt 0.931507 0.152946
vt 0.931507 0.170073
vt 0.880126 0.170073
vt 0.931507 0.187200
vt 0.880126 0.187200
vt 0.931507 0.204327
vt 0.880126 0.204327
vt 0.931507 0.221454
vt 0.880126 0.221454
vt 0.449195 0.383562
vt 0.423505 0.368729
vt 0.423505 0.339065
vt 0.449195 0.324232
vt 0.474886 0.339065
vt 0.474886 0.368729
vt 0.931507 0.238581
vt 0.880126 0.238581
vt 0.931507 0.255708
vt 0.880126 0.255708
s 1
usemtl Main
f 1180/1436/457 1181/1437/457 1183/1438/458 1182/1439/458
f 1182/1439/458 1183/1438/458 1185/1440/459 1184/1441/459
f 1184/1441/459 1185/1440/459 1187/1442/460 1186/1443/460
f 1186/1443/460 1187/1442/460 1189/1444/461 1188/1445/461
f 1183/1446/462 1181/1447/462 1191/1448/462 1189/1449/462 1187/1450/462 1185/1451/462
f 1188/1445/461 1189/1444/461 1191/1452/463 1190/1453/463
f 1190/1453/463 1191/1452/463 1181/1454/457 1180/1455/457
o Cylinder.016
v 25.892647 6.840351 -2.095055
v 25.908186 6.840351 -2.095055
v 25.892647 6.832640 -2.066277
v 25.908186 6.832640 -2.066277
v 25.892647 6.853706 -2.045210
v 25.908186 6.853706 -2.045210
v 25.892647 6.882484 -2.052921
v 25.908186 6.882484 -2.052921
v 25.892647 6.890195 -2.081699
v 25.908186 6.890195 -2.081699
v 25.892647 6.869128 -2.102766
v 25.908186 6.869128 -2.102766
vn -0.0000 -0.7071 -0.7071
vn -0.0000 -0.9659 0.2588
vn -0.0000 -0.2588 0.9659
vn -0.0000 0.7071 0.7071
vn -0.0000 0.9659 -0.2588
vn 1.0000 -0.0000 -0.0000
vn -0.0000 0.2588 -0.9659
vt 0.880126 0.152946
vt 0.931507 0.152946
vt 0.931507 0.170073
vt 0.880126 0.170073
vt 0.931507 0.187200
vt 0.880126 0.187200
vt 0.931507 0.204327
vt 0.880126 0.204327
vt 0.931507 0.221454
vt 0.880126 0.221454
vt 0.449195 0.383562
vt 0.423505 0.368729
vt 0.423505 0.339065
vt 0.449195 0.324232
vt 0.474886 0.339065
vt 0.474886 0.368729
vt 0.931507 0.238581
vt 0.880126 0.238581
vt 0.931507 0.255708
vt 0.880126 0.255708
s 1
usemtl Main
f 1192/1456/464 1193/1457/464 1195/1458/465 1194/1459/465
f 1194/1459/465 1195/1458/465 1197/1460/466 1196/1461/466
f 1196/1461/466 1197/1460/466 1199/1462/467 1198/1463/467
f 1198/1463/467 1199/1462/467 1201/1464/468 1200/1465/468
f 1195/1466/469 1193/1467/469 1203/1468/469 1201/1469/469 1199/1470/469 1197/1471/469
f 1200/1465/468 1201/1464/468 1203/1472/470 1202/1473/470
f 1202/1473/470 1203/1472/470 1193/1474/464 1192/1475/464
o Cylinder.017
v 25.892647 6.641240 -2.012580
v 25.908186 6.641240 -2.012580
v 25.892647 6.615438 -1.997684
v 25.908186 6.615438 -1.997684
v 25.892647 6.615438 -1.967891
v 25.908186 6.615438 -1.967891
v 25.892647 6.641240 -1.952994
v 25.908186 6.641240 -1.952994
v 25.892647 6.667041 -1.967891
v 25.908186 6.667041 -1.967891
v 25.892647 6.667041 -1.997684
v 25.908186 6.667041 -1.997684
vn -0.0000 -0.0000 -1.0000
vn -0.0000 -0.8660 -0.5000
vn -0.0000 -0.8660 0.5000
vn -0.0000 -0.0000 1.0000
vn -0.0000 0.8660 0.5000
vn 1.0000 -0.0000 -0.0000
vn -0.0000 0.8660 -0.5000
vt 0.880126 0.152946
vt 0.931507 0.152946
vt 0.931507 0.170073
vt 0.880126 0.170073
vt 0.931507 0.187200
vt 0.880126 0.187200
vt 0.931507 0.204327
vt 0.880126 0.204327
vt 0.931507 0.221454
vt 0.880126 0.221454
vt 0.449195 0.383562
vt 0.423505 0.368729
vt 0.423505 0.339065
vt 0.449195 0.324232
vt 0.474886 0.339065
vt 0.474886 0.368729
vt 0.931507 0.238581
vt 0.880126 0.238581
vt 0.931507 0.255708
vt 0.880126 0.255708
s 1
usemtl Main
f 1204/1476/471 1205/1477/471 1207/1478/472 1206/1479/472
f 1206/1479/472 1207/1478/472 1209/1480/473 1208/1481/473
f 1208/1481/473 1209/1480/473 1211/1482/474 1210/1483/474
f 1210/1483/474 1211/1482/474 1213/1484/475 1212/1485/475
f 1207/1486/476 1205/1487/476 1215/1488/476 1213/1489/476 1211/1490/476 1209/1491/476
f 1212/1485/475 1213/1484/475 1215/1492/477 1214/1493/477
f 1214/1493/477 1215/1492/477 1205/1494/471 1204/1495/471
o Cylinder.018
v 25.892647 6.442129 -2.095055
v 25.908186 6.442129 -2.095055
v 25.892647 6.413352 -2.102766
v 25.908186 6.413352 -2.102766
v 25.892647 6.392285 -2.081699
v 25.908186 6.392285 -2.081699
v 25.892647 6.399996 -2.052921
v 25.908186 6.399996 -2.052921
v 25.892647 6.428773 -2.045210
v 25.908186 6.428773 -2.045210
v 25.892647 6.449840 -2.066277
v 25.908186 6.449840 -2.066277
vn -0.0000 0.7071 -0.7071
vn -0.0000 -0.2588 -0.9659
vn -0.0000 -0.9659 -0.2588
vn -0.0000 -0.7071 0.7071
vn -0.0000 0.2588 0.9659
vn 1.0000 -0.0000 -0.0000
vn -0.0000 0.9659 0.2588
vt 0.880126 0.152946
vt 0.931507 0.152946
vt 0.931507 0.170073
vt 0.880126 0.170073
vt 0.931507 0.187200
vt 0.880126 0.187200
vt 0.931507 0.204327
vt 0.880126 0.204327
vt 0.931507 0.221454
vt 0.880126 0.221454
vt 0.449195 0.383562
vt 0.423505 0.368729
vt 0.423505 0.339065
vt 0.449195 0.324232
vt 0.474886 0.339065
vt 0.474886 0.368729
vt 0.931507 0.238581
vt 0.880126 0.238581
vt 0.931507 0.255708
vt 0.880126 0.255708
s 1
usemtl Main
f 1216/1496/478 1217/1497/478 1219/1498/479 1218/1499/479
f 1218/1499/479 1219/1498/479 1221/1500/480 1220/1501/480
f 1220/1501/480 1221/1500/480 1223/1502/481 1222/1503/481
f 1222/1503/481 1223/1502/481 1225/1504/482 1224/1505/482
f 1219/1506/483 1217/1507/483 1227/1508/483 1225/1509/483 1223/1510/483 1221/1511/483
f 1224/1505/482 1225/1504/482 1227/1512/484 1226/1513/484
f 1226/1513/484 1227/1512/484 1217/1514/478 1216/1515/478
o Cylinder.019
v 26.162529 6.905905 -2.294166
v 26.162529 6.885759 -2.395448
v 26.162529 6.828387 -2.481312
v 26.162529 6.742523 -2.538684
v 26.162529 6.641240 -2.558830
v 26.162529 6.539958 -2.538684
v 26.162529 6.454094 -2.481312
v 26.162529 6.396722 -2.395448
v 26.162529 6.376575 -2.294166
v 26.162529 6.396722 -2.192883
v 26.162529 6.454094 -2.107019
v 26.162529 6.539958 -2.049647
v 26.162529 6.641240 -2.029501
v 26.162529 6.742523 -2.049647
v 26.162529 6.828387 -2.107019
v 26.162529 6.885759 -2.192883
v 26.169859 7.001181 -2.294166
v 26.169859 6.973782 -2.431909
v 26.169859 6.895757 -2.548682
v 26.169859 6.778984 -2.626707
v 26.169859 6.641240 -2.654106
v 26.169859 6.503498 -2.626707
v 26.169859 6.386724 -2.548682
v 26.169859 6.308699 -2.431909
v 26.169859 6.281301 -2.294166
v 26.169859 6.308699 -2.156422
v 26.169859 6.386724 -2.039649
v 26.169859 6.503498 -1.961624
v 26.169859 6.641240 -1.934225
v 26.169859 6.778984 -1.961624
v 26.169859 6.895757 -2.039649
v 26.169859 6.973782 -2.156422
v 26.124023 7.001181 -2.294166
v 26.124023 6.973782 -2.431909
v 26.124023 6.895757 -2.548682
v 26.124023 6.778984 -2.626707
v 26.124023 6.641240 -2.654106
v 26.124023 6.503498 -2.626707
v 26.124023 6.386724 -2.548682
v 26.124023 6.308699 -2.431909
v 26.124023 6.281301 -2.294166
v 26.124023 6.308699 -2.156422
v 26.124023 6.386724 -2.039649
v 26.124023 6.503498 -1.961624
v 26.124023 6.641240 -1.934225
v 26.124023 6.778984 -1.961624
v 26.124023 6.895757 -2.039649
v 26.124023 6.973782 -2.156422
v 26.211294 6.462620 -2.472787
v 26.211119 6.454094 -2.481312
v 26.211119 6.396722 -2.395448
v 26.211294 6.407861 -2.390835
v 26.211294 6.544572 -2.527545
v 26.211119 6.539958 -2.538684
v 26.211294 6.641240 -2.546774
v 26.211119 6.641240 -2.558830
v 26.211294 6.819862 -2.115545
v 26.211119 6.828387 -2.107019
v 26.211119 6.885759 -2.192883
v 26.211294 6.874620 -2.197497
v 26.211294 6.737909 -2.060786
v 26.211119 6.742523 -2.049647
v 26.211294 6.641240 -2.041557
v 26.211119 6.641240 -2.029501
v 26.211119 6.376575 -2.294166
v 26.211294 6.388632 -2.294166
v 26.211119 6.905905 -2.294166
v 26.211294 6.893849 -2.294166
v 26.211119 6.396722 -2.192883
v 26.211294 6.407861 -2.197497
v 26.211294 6.874620 -2.390835
v 26.211119 6.885759 -2.395448
v 26.211119 6.828387 -2.481312
v 26.211294 6.819862 -2.472787
v 26.211119 6.454094 -2.107019
v 26.211294 6.462620 -2.115545
v 26.211119 6.742523 -2.538684
v 26.211294 6.737909 -2.527545
v 26.211119 6.539958 -2.049647
v 26.211294 6.544572 -2.060786
vn 0.9971 -0.0000 0.0767
vn 0.9971 0.0294 0.0709
vn -0.0000 0.7071 0.7071
vn -0.0000 0.9239 0.3827
vn 0.9971 -0.0000 -0.0767
vn 0.9971 -0.0294 -0.0709
vn 0.9971 0.0542 0.0542
vn 0.9971 -0.0542 -0.0542
vn 0.9971 0.0709 0.0294
vn 0.9971 -0.0709 -0.0294
vn 0.9971 0.0767 -0.0000
vn 0.9971 -0.0767 -0.0000
vn 0.9971 -0.0709 0.0294
vn 0.9971 0.0709 -0.0294
vn 0.9971 -0.0542 0.0542
vn 0.9971 0.0542 -0.0542
vn 0.9971 -0.0294 0.0709
vn 0.9971 0.0294 -0.0709
vn -0.0000 -0.9239 -0.3827
vn -0.0000 -1.0000 -0.0000
vn -0.0000 1.0000 -0.0000
vn -0.0000 0.9239 -0.3827
vn -0.0000 -0.9239 0.3827
vn -0.0000 0.7071 -0.7071
vn -0.0000 -0.7071 0.7071
vn -0.0000 0.3827 -0.9239
vn -0.0000 -0.3827 0.9239
vn -0.0000 -0.0000 -1.0000
vn -0.0000 -0.0000 1.0000
vn -0.0000 -0.3827 -0.9239
vn -0.0000 0.3827 0.9239
vn -0.0000 -0.7071 -0.7071
vn 0.9999 -0.0000 0.0146
vn 0.9999 -0.0056 0.0135
vn 0.9999 -0.0000 -0.0146
vn 0.9999 0.0056 -0.0135
vn 0.9999 -0.0103 0.0103
vn 0.9999 0.0103 -0.0103
vn 0.9999 -0.0135 0.0056
vn 0.9999 0.0135 -0.0056
vn 0.9999 0.0146 -0.0000
vn 0.9999 -0.0146 -0.0000
vn 0.9999 0.0135 0.0056
vn 0.9999 -0.0135 -0.0056
vn 0.9999 0.0056 0.0135
vn 0.9999 0.0103 0.0103
vn 0.9999 -0.0056 -0.0135
vn 0.9999 -0.0103 -0.0103
vt 0.238590 0.891591
vt 0.245944 0.882868
vt 0.254008 0.888248
vt 0.245444 0.898497
vt 0.221730 0.791602
vt 0.208587 0.788572
vt 0.209228 0.784046
vt 0.223353 0.787025
vt 0.237670 0.812519
vt 0.228566 0.805896
vt 0.233904 0.797466
vt 0.244340 0.805507
vt 0.251675 0.873348
vt 0.259910 0.876821
vt 0.218340 0.800961
vt 0.254583 0.862714
vt 0.263781 0.864575
vt 0.207368 0.798198
vt 0.255282 0.851949
vt 0.265132 0.851874
vt 0.196305 0.907026
vt 0.207602 0.906667
vt 0.208949 0.916536
vt 0.194571 0.917351
vt 0.196354 0.797955
vt 0.194571 0.787911
vt 0.254346 0.841216
vt 0.263592 0.839146
vt 0.218824 0.903710
vt 0.222409 0.913290
vt 0.251183 0.830504
vt 0.259450 0.826813
vt 0.229204 0.898510
vt 0.234854 0.907103
vt 0.245220 0.820836
vt 0.253051 0.815353
vt 0.269406 0.851849
vt 0.268144 0.865390
vt 0.209651 0.921177
vt 0.194922 0.922374
vt 0.194868 0.783013
vt 0.267988 0.838259
vt 0.224130 0.917981
vt 0.263784 0.824898
vt 0.237377 0.911008
vt 0.256734 0.812648
vt 0.248860 0.901946
vt 0.247401 0.802144
vt 0.257689 0.890679
vt 0.236280 0.793665
vt 0.264192 0.878590
vt 0.234299 0.816290
vt 0.241121 0.823894
vt 0.240126 0.824611
vt 0.233468 0.817195
vt 0.234919 0.887622
vt 0.226542 0.894218
vt 0.225875 0.893122
vt 0.234038 0.886660
vt 0.246264 0.832752
vt 0.245157 0.833253
vt 0.216917 0.898663
vt 0.216480 0.897481
vt 0.249485 0.842221
vt 0.248363 0.842479
vt 0.206850 0.901599
vt 0.196183 0.901675
vt 0.196419 0.900443
vt 0.206670 0.900378
vt 0.250700 0.851993
vt 0.249475 0.852008
vt 0.196284 0.803173
vt 0.206683 0.803146
vt 0.206520 0.804338
vt 0.196527 0.804371
vt 0.249742 0.861851
vt 0.248581 0.861614
vt 0.226069 0.810088
vt 0.225419 0.811201
vt 0.216534 0.805902
vt 0.216121 0.807064
vt 0.242012 0.880004
vt 0.241021 0.879281
vt 0.246805 0.871265
vt 0.245749 0.870813
s 1
usemtl Main
f 1232/1516/485 1233/1517/486 1249/1518/486 1248/1519/485
f 1258/1520/487 1259/1521/488 1275/1522/488 1274/1523/487
f 1240/1524/489 1241/1525/490 1257/1526/490 1256/1527/489
f 1233/1517/486 1234/1528/491 1250/1529/491 1249/1518/486
f 1241/1525/490 1242/1530/492 1258/1520/492 1257/1526/490
f 1234/1528/491 1235/1531/493 1251/1532/493 1250/1529/491
f 1242/1530/492 1243/1533/494 1259/1521/494 1258/1520/492
f 1235/1531/493 1236/1534/495 1252/1535/495 1251/1532/493
f 1228/1536/496 1229/1537/497 1245/1538/497 1244/1539/496
f 1243/1533/494 1228/1540/496 1244/1541/496 1259/1521/494
f 1236/1534/495 1237/1542/498 1253/1543/498 1252/1535/495
f 1229/1537/497 1230/1544/499 1246/1545/499 1245/1538/497
f 1237/1542/498 1238/1546/500 1254/1547/500 1253/1543/498
f 1230/1544/499 1231/1548/501 1247/1549/501 1246/1545/499
f 1238/1546/500 1239/1550/502 1255/1551/502 1254/1547/500
f 1231/1548/501 1232/1516/485 1248/1519/485 1247/1549/501
f 1239/1550/502 1240/1524/489 1256/1527/489 1255/1551/502
f 1251/1532/503 1252/1535/504 1268/1552/504 1267/1553/503
f 1244/1539/505 1245/1538/506 1261/1554/506 1260/1555/505
f 1259/1521/488 1244/1541/505 1260/1556/505 1275/1522/488
f 1252/1535/504 1253/1543/507 1269/1557/507 1268/1552/504
f 1245/1538/506 1246/1545/508 1262/1558/508 1261/1554/506
f 1253/1543/507 1254/1547/509 1270/1559/509 1269/1557/507
f 1246/1545/508 1247/1549/510 1263/1560/510 1262/1558/508
f 1254/1547/509 1255/1551/511 1271/1561/511 1270/1559/509
f 1247/1549/510 1248/1519/512 1264/1562/512 1263/1560/510
f 1255/1551/511 1256/1527/513 1272/1563/513 1271/1561/511
f 1248/1519/512 1249/1518/514 1265/1564/514 1264/1562/512
f 1256/1527/513 1257/1526/515 1273/1565/515 1272/1563/513
f 1249/1518/514 1250/1529/516 1266/1566/516 1265/1564/514
f 1257/1526/515 1258/1520/487 1274/1523/487 1273/1565/515
f 1250/1529/516 1251/1532/503 1267/1553/503 1266/1566/516
f 1291/1567/517 1306/1568/518 1307/1569/518 1290/1570/517
f 1283/1571/519 1304/1572/520 1305/1573/520 1282/1574/519
f 1306/1568/518 1302/1575/521 1303/1576/521 1307/1569/518
f 1304/1572/520 1300/1577/522 1301/1578/522 1305/1573/520
f 1302/1575/521 1296/1579/523 1297/1580/523 1303/1576/521
f 1299/1581/524 1294/1582/525 1295/1583/525 1298/1584/524
f 1300/1577/522 1299/1581/524 1298/1584/524 1301/1578/522
f 1296/1579/523 1292/1585/526 1293/1586/526 1297/1580/523
f 1294/1587/525 1286/1588/527 1287/1589/527 1295/1590/525
f 1292/1585/526 1278/1591/528 1279/1592/528 1293/1586/526
f 1289/1593/529 1291/1567/517 1290/1570/517 1288/1594/529
f 1285/1595/530 1289/1593/529 1288/1594/529 1284/1596/530
f 1286/1588/527 1285/1595/530 1284/1596/530 1287/1589/527
f 1281/1597/531 1283/1571/519 1282/1574/519 1280/1598/531
f 1277/1599/532 1281/1597/531 1280/1598/531 1276/1600/532
f 1278/1591/528 1277/1599/532 1276/1600/532 1279/1592/528
f 1281/1597/514 1277/1599/516 1234/1528/516 1233/1517/514
f 1277/1599/516 1278/1591/503 1235/1531/503 1234/1528/516
f 1278/1591/503 1292/1585/504 1236/1534/504 1235/1531/503
f 1283/1571/512 1281/1597/514 1233/1517/514 1232/1516/512
f 1304/1572/510 1283/1571/512 1232/1516/512 1231/1548/510
f 1289/1593/515 1285/1595/487 1242/1530/487 1241/1525/515
f 1285/1595/487 1286/1588/488 1243/1533/488 1242/1530/487
f 1286/1588/488 1294/1587/505 1228/1540/505 1243/1533/488
f 1291/1567/513 1289/1593/515 1241/1525/515 1240/1524/513
f 1306/1568/511 1291/1567/513 1240/1524/513 1239/1550/511
f 1292/1585/504 1296/1579/507 1237/1542/507 1236/1534/504
f 1294/1582/505 1299/1581/506 1229/1537/506 1228/1536/505
f 1296/1579/507 1302/1575/509 1238/1546/509 1237/1542/507
f 1299/1581/506 1300/1577/508 1230/1544/508 1229/1537/506
f 1300/1577/508 1304/1572/510 1231/1548/510 1230/1544/508
f 1302/1575/509 1306/1568/511 1239/1550/511 1238/1546/509
o Cube.001
v 26.298538 5.846708 -3.161002
v 26.298538 5.846708 -3.219252
v 26.036850 5.846708 -3.161002
v 26.036850 5.846708 -3.219252
v 26.298538 5.249746 -3.161002
v 26.298538 5.249746 -3.219252
v 26.036850 5.249746 -3.161002
v 26.036850 5.249746 -3.219252
v 26.252769 5.788133 -3.233789
v 26.082619 5.788133 -3.233789
v 26.082619 5.308322 -3.233789
v 26.252769 5.308322 -3.233789
v 26.265472 5.817111 -3.233789
v 26.069916 5.817111 -3.233789
v 26.069916 5.279344 -3.233789
v 26.265472 5.279344 -3.233789
v 26.239199 5.772852 -3.207561
v 26.096189 5.772852 -3.207561
v 26.096189 5.323603 -3.207561
v 26.239199 5.323603 -3.207561
v 26.036850 5.548227 -3.161002
v 26.036850 5.548227 -3.219252
v 26.298538 5.548227 -3.161002
v 26.298538 5.548227 -3.219252
v 26.069916 5.548227 -3.233789
v 26.265472 5.548227 -3.233789
v 26.082619 5.548227 -3.233789
v 26.252769 5.548227 -3.233789
v 26.096189 5.548227 -3.207561
v 26.239199 5.548227 -3.207561
vn -0.0000 1.0000 -0.0000
vn -1.0000 -0.0000 -0.0000
vn -0.0000 -1.0000 -0.0000
vn 1.0000 -0.0000 -0.0000
vn -0.0000 -0.0000 1.0000
vn -0.0000 0.4408 -0.8976
vn 0.1535 0.1757 -0.9724
vn -0.1535 0.1757 -0.9724
vn -0.0000 0.8641 -0.5034
vn 0.4024 -0.0000 -0.9154
vn 0.1535 -0.1757 -0.9724
vn 0.2056 -0.0000 -0.9786
vn -0.4024 -0.0000 -0.9154
vn -0.2056 -0.0000 -0.9786
vn -0.0000 -0.4408 -0.8976
vn -0.1535 -0.1757 -0.9724
vn -0.0000 -0.0000 -1.0000
vn -0.0000 -0.8641 -0.5034
vn -0.8882 -0.0000 -0.4595
vn 0.8882 -0.0000 -0.4595
vt 0.825099 0.851111
vt 0.849764 0.851111
vt 0.849764 0.875776
vt 0.825099 0.875776
vt 0.825099 0.888109
vt 0.849764 0.888109
vt 0.849764 0.900441
vt 0.825099 0.900441
vt 0.849764 0.925107
vt 0.825099 0.925107
vt 0.825099 0.937439
vt 0.849764 0.937439
vt 0.849764 0.949772
vt 0.825099 0.949772
vt 0.812766 0.900441
vt 0.812766 0.925107
vt 0.851093 0.923504
vt 0.851093 0.902044
vt 0.873100 0.923504
vt 0.873100 0.902044
vt 0.874429 0.900441
vt 0.874429 0.925107
vt 0.862097 0.902044
vt 0.862097 0.900441
vt 0.862097 0.923504
vt 0.862097 0.925107
vt 0.862097 0.923504
vt 0.800434 0.900441
vt 0.800434 0.925107
s 1
usemtl Main
f 1308/1601/533 1309/1602/533 1311/1603/533 1310/1604/533
f 1328/1605/534 1329/1606/534 1315/1607/534 1314/1608/534
f 1314/1608/535 1315/1607/535 1313/1609/535 1312/1610/535
f 1330/1611/536 1331/1612/536 1309/1613/536 1308/1614/536
f 1328/1615/537 1314/1608/537 1312/1610/537 1330/1616/537
f 1311/1603/538 1309/1602/538 1320/1602/539 1321/1603/540
f 1319/1617/541 1318/1618/541 1326/1618/541 1327/1617/541
f 1331/1612/542 1313/1609/542 1323/1609/543 1333/1612/544
f 1329/1606/545 1311/1603/545 1321/1603/540 1332/1606/546
f 1313/1609/547 1315/1607/547 1322/1607/548 1323/1609/543
f 1316/1619/549 1317/1620/549 1321/1621/540 1320/1622/539
f 1334/1623/549 1318/1618/549 1322/1607/548 1332/1624/546
f 1318/1618/549 1319/1617/549 1323/1609/543 1322/1607/548
f 1335/1625/549 1316/1619/549 1320/1622/539 1333/1626/544
f 1317/1620/550 1316/1619/550 1324/1619/550 1325/1620/550
f 1335/1625/551 1319/1617/551 1327/1617/551 1337/1627/551
f 1334/1623/552 1317/1620/552 1325/1620/552 1336/1623/552
f 1324/1619/549 1337/1627/549 1327/1617/549 1326/1618/549 1336/1623/549 1325/1620/549
f 1318/1618/552 1334/1623/552 1336/1623/552 1326/1618/552
f 1316/1619/551 1335/1625/551 1337/1627/551 1324/1619/551
f 1319/1617/549 1335/1625/549 1333/1626/544 1323/1609/543
f 1317/1620/549 1334/1623/549 1332/1624/546 1321/1621/540
f 1315/1607/545 1329/1606/545 1332/1606/546 1322/1607/548
f 1309/1613/542 1331/1612/542 1333/1612/544 1320/1613/539
f 1310/1628/537 1328/1615/537 1330/1616/537 1308/1629/537
f 1312/1610/536 1313/1609/536 1331/1612/536 1330/1611/536
f 1310/1604/534 1311/1603/534 1329/1606/534 1328/1605/534
o Cylinder.021
v 26.153666 5.597538 -3.178501
v 26.153666 5.809882 -3.418723
v 26.159748 5.590718 -3.184529
v 26.159748 5.803061 -3.424752
v 26.170485 5.589118 -3.185944
v 26.170485 5.801461 -3.426166
v 26.179586 5.593675 -3.181916
v 26.179586 5.806018 -3.422138
v 26.181723 5.601719 -3.174804
v 26.181723 5.814063 -3.415027
v 26.175640 5.608540 -3.168776
v 26.175640 5.820883 -3.408998
v 26.164904 5.610139 -3.167361
v 26.164904 5.822483 -3.407584
v 26.155802 5.605583 -3.171390
v 26.155802 5.817926 -3.411612
v 26.154795 5.799051 -3.431405
v 26.144922 5.810121 -3.421620
v 26.172224 5.796453 -3.433702
v 26.186998 5.803850 -3.427163
v 26.190466 5.816908 -3.415620
v 26.180593 5.827979 -3.405834
v 26.163164 5.830576 -3.403538
v 26.148390 5.823179 -3.410077
v 26.157669 5.827355 -3.456931
v 26.149996 5.835959 -3.449326
v 26.171213 5.825337 -3.458716
v 26.182697 5.831086 -3.453634
v 26.185390 5.841234 -3.444663
v 26.177719 5.849838 -3.437058
v 26.164173 5.851857 -3.435274
v 26.152691 5.846108 -3.440356
v 26.158981 5.884232 -3.518308
v 26.152313 5.891708 -3.511699
v 26.170753 5.882477 -3.519858
v 26.180733 5.887473 -3.515442
v 26.183073 5.896293 -3.507647
v 26.176405 5.903769 -3.501037
v 26.164635 5.905523 -3.499487
v 26.154655 5.900528 -3.503903
v 26.157980 5.937282 -3.580586
v 26.150545 5.945618 -3.573217
v 26.171104 5.935326 -3.582315
v 26.182232 5.940896 -3.577392
v 26.184841 5.950729 -3.568699
v 26.177408 5.959066 -3.561330
v 26.164284 5.961022 -3.559601
v 26.153156 5.955451 -3.564525
v 26.152330 5.958607 -3.617477
v 26.140574 5.971792 -3.605823
v 26.173088 5.955513 -3.620211
v 26.190685 5.964324 -3.612424
v 26.194815 5.979876 -3.598677
v 26.183056 5.993060 -3.587022
v 26.162298 5.996154 -3.584288
v 26.144703 5.987344 -3.592075
v 26.159203 5.973536 -3.618838
v 26.152704 5.980824 -3.612396
v 26.170675 5.971827 -3.620349
v 26.180401 5.976696 -3.616045
v 26.182682 5.985291 -3.608447
v 26.176184 5.992578 -3.602006
v 26.164713 5.994288 -3.600495
v 26.154987 5.989419 -3.604799
v 26.163017 5.990065 -3.628918
v 26.159437 5.994079 -3.625370
v 26.169336 5.989123 -3.629750
v 26.174694 5.991805 -3.627380
v 26.175951 5.996540 -3.623194
v 26.172371 6.000554 -3.619647
v 26.166052 6.001495 -3.618814
v 26.160694 5.998814 -3.621185
v 26.117685 5.713723 -3.305545
v 26.117685 5.632989 -3.352580
v 26.117685 5.770311 -3.231194
v 26.220886 5.713723 -3.305545
v 26.220886 5.632989 -3.352580
v 26.220886 5.770311 -3.231194
v 26.117685 5.718016 -3.310402
v 26.117685 5.637282 -3.357437
v 26.117685 5.774604 -3.236051
v 26.220886 5.718016 -3.310402
v 26.220886 5.774604 -3.236051
v 26.220886 5.637282 -3.357437
vn -0.5556 -0.6230 -0.5507
vn 0.1951 -0.7348 -0.6496
vn 0.8315 -0.4163 -0.3680
vn 0.9808 0.1462 0.1292
vn 0.5556 0.6230 0.5507
vn -0.1951 0.7348 0.6496
vn -0.8315 0.4163 0.3680
vn -0.8315 0.4163 0.3679
vn -0.9808 -0.1462 -0.1292
vn 0.2102 -0.7460 0.6319
vn 0.0493 -0.8265 0.5607
vn -0.8238 0.5021 0.2632
vn -0.1933 0.8177 0.5422
vn -0.1945 0.7842 0.5892
vn -0.8289 0.4666 0.3084
vn -0.0493 -0.4550 0.8891
vn 0.1404 -0.4833 0.8641
vn -0.1404 -0.7983 0.5857
vn -0.2479 -0.6777 0.6922
vn 0.2479 -0.6038 0.7576
vn -0.2102 -0.5356 0.8179
vn 0.9778 0.1974 0.0704
vn 0.8289 -0.3634 -0.4252
vn 0.8315 -0.4142 -0.3703
vn 0.9808 0.1482 0.1269
vn 0.5505 0.7069 0.4442
vn 0.9718 0.2345 0.0266
vn 0.5539 0.6727 0.4906
vn 0.8238 -0.3228 -0.4660
vn 0.1933 -0.6384 -0.7450
vn 0.1945 -0.6810 -0.7060
vn -0.5505 -0.5276 -0.6470
vn -0.9718 -0.0552 -0.2294
vn -0.9778 -0.0941 -0.1872
vn -0.5539 -0.5694 -0.6074
vn -0.9808 -0.1441 -0.1315
vn -0.8315 0.4183 0.3656
vn -0.8271 0.3464 0.4426
vn -0.9757 -0.2131 -0.0520
vn -0.5556 -0.6209 -0.5530
vn 0.1951 -0.7328 -0.6519
vn -0.1951 0.7369 0.6472
vn 0.5556 0.6250 0.5483
vn 0.5527 0.5520 0.6243
vn 0.9757 0.0777 0.2051
vn 0.9529 -0.0146 0.3028
vn 0.5398 0.4486 0.7123
vn -0.1941 0.6633 0.7227
vn 0.8271 -0.4817 -0.2895
vn -0.5527 -0.6874 -0.4712
vn 0.1941 -0.7987 -0.5696
vn -0.5499 0.7721 -0.3186
vn -0.1290 0.9828 -0.1324
vn 0.1896 -0.8707 -0.4539
vn 0.8079 -0.5611 -0.1803
vn -0.9529 -0.2987 0.0517
vn -0.5398 -0.7620 -0.3578
vn -0.8079 0.2478 0.5347
vn -0.1896 0.5573 0.8084
vn -0.1829 0.9194 0.3483
vn 0.5209 0.8145 0.2556
vn 0.3674 0.9088 -0.1978
vn 0.6487 0.5934 -0.4765
vn 0.5499 0.2214 -0.8053
vn 0.1290 0.0107 -0.9916
vn -0.3675 0.0847 -0.9262
vn -0.6487 0.4001 -0.6474
vn -0.3674 0.0847 -0.9262
vn -0.0000 0.6623 -0.7492
vn 0.9195 0.3674 -0.1395
vn 0.7795 -0.1599 -0.6056
vn 0.1829 -0.4585 -0.8696
vn -0.5209 -0.3537 -0.7769
vn -0.7795 0.6207 0.0843
vn -0.9195 0.0934 -0.3818
vn -0.0000 0.5034 -0.8641
vn -0.0000 0.7957 -0.6056
vn 1.0000 -0.0000 -0.0000
vn -1.0000 -0.0000 -0.0000
vn -0.0000 -0.7492 -0.6623
vn -0.0000 0.7492 0.6623
vt 0.959059 0.464697
vt 0.968330 0.464703
vt 0.968330 0.494409
vt 0.959059 0.494403
vt 0.975211 0.464625
vt 0.975211 0.494331
vt 0.952112 0.551325
vt 0.961365 0.551332
vt 0.961365 0.581039
vt 0.952112 0.581032
vt 0.968428 0.551273
vt 0.968428 0.580979
vt 0.959059 0.494481
vt 0.968330 0.494487
vt 0.968330 0.524192
vt 0.959059 0.524187
vt 0.975211 0.494409
vt 0.975211 0.524115
vt 0.952112 0.581092
vt 0.961365 0.581099
vt 0.961365 0.610806
vt 0.952112 0.610799
vt 0.968428 0.581039
vt 0.968428 0.610746
vt 0.938565 0.558256
vt 0.929283 0.558256
vt 0.926390 0.551272
vt 0.941458 0.551272
vt 0.915736 0.598303
vt 0.926390 0.587649
vt 0.928069 0.591702
vt 0.919788 0.599982
vt 0.938565 0.580666
vt 0.945129 0.574102
vt 0.952112 0.576994
vt 0.941458 0.587649
vt 0.922719 0.564819
vt 0.922719 0.574102
vt 0.915736 0.576994
vt 0.915736 0.561927
vt 0.945129 0.564819
vt 0.952112 0.561927
vt 0.929283 0.580666
vt 0.967492 0.619716
vt 0.967445 0.631389
vt 0.959679 0.630453
vt 0.959720 0.620308
vt 0.952112 0.598303
vt 0.948059 0.599982
vt 0.939779 0.591702
vt 0.952112 0.613371
vt 0.941458 0.624025
vt 0.939779 0.619972
vt 0.948059 0.611692
vt 0.926390 0.624025
vt 0.915736 0.613371
vt 0.919788 0.611692
vt 0.928069 0.619972
vt 0.966667 0.533695
vt 0.966627 0.543840
vt 0.959059 0.544510
vt 0.959105 0.533199
vt 0.995183 0.473306
vt 0.995124 0.485001
vt 0.987354 0.484109
vt 0.987406 0.473945
vt 0.995183 0.493682
vt 0.987406 0.494321
vt 0.987354 0.486778
vt 0.967445 0.610806
vt 0.959679 0.612566
vt 0.995124 0.464625
vt 0.987354 0.466402
vt 0.974392 0.524192
vt 0.974439 0.533102
vt 0.966627 0.525952
vt 0.974392 0.544775
vt 0.995124 0.505377
vt 0.987354 0.504485
vt 0.951094 0.523937
vt 0.943071 0.515914
vt 0.946370 0.507949
vt 0.959059 0.520638
vt 0.979790 0.505106
vt 0.979848 0.493773
vt 0.952112 0.631123
vt 0.952157 0.619813
vt 0.979790 0.484730
vt 0.979848 0.473397
vt 0.979790 0.485362
vt 0.952112 0.611180
vt 0.979790 0.464986
vt 0.959059 0.524566
vt 0.915736 0.477314
vt 0.928425 0.464625
vt 0.932438 0.474315
vt 0.925425 0.481328
vt 0.931724 0.515914
vt 0.923701 0.523937
vt 0.915736 0.520638
vt 0.928425 0.507949
vt 0.923701 0.535284
vt 0.931724 0.543307
vt 0.928425 0.551273
vt 0.915736 0.538583
vt 0.943071 0.543307
vt 0.946370 0.551273
vt 0.951094 0.535284
vt 0.959059 0.538583
vt 0.942356 0.474315
vt 0.940129 0.479692
vt 0.934666 0.479692
vt 0.946370 0.464625
vt 0.959059 0.477314
vt 0.949369 0.481328
vt 0.959059 0.495260
vt 0.942356 0.498259
vt 0.949369 0.491246
vt 0.915736 0.495260
vt 0.925425 0.491246
vt 0.932438 0.498259
vt 0.992979 0.514703
vt 0.989116 0.518567
vt 0.983653 0.518567
vt 0.979790 0.514703
vt 0.979790 0.509240
vt 0.983653 0.505377
vt 0.989116 0.505377
vt 0.992979 0.509240
vt 0.943992 0.489019
vt 0.943992 0.483556
vt 0.934666 0.492882
vt 0.940129 0.492882
vt 0.930803 0.483556
vt 0.930803 0.489019
vt 0.802441 0.550031
vt 0.870229 0.550031
vt 0.870229 0.610226
vt 0.802441 0.610226
vt 0.802441 0.489837
vt 0.870229 0.489837
vt 0.979790 0.464626
vt 0.978101 0.541795
vt 0.977501 0.541794
vt 0.979189 0.464625
vt 0.977501 0.464626
vt 0.975812 0.541794
vt 0.975211 0.541794
vt 0.976900 0.464625
vt 0.975040 0.524194
vt 0.975040 0.610758
vt 0.974439 0.610757
vt 0.974439 0.524192
vt 0.979790 0.618967
vt 0.979189 0.618966
vt 0.977501 0.618967
vt 0.976900 0.618966
vt 0.980391 0.518568
vt 0.980391 0.605133
vt 0.979790 0.605131
vt 0.979790 0.518567
s 1
usemtl Main
f 1341/1630/553 1343/1631/554 1342/1632/554 1340/1633/553
f 1343/1631/554 1345/1634/555 1344/1635/555 1342/1632/554
f 1345/1636/555 1347/1637/556 1346/1638/556 1344/1639/555
f 1347/1637/556 1349/1640/557 1348/1641/557 1346/1638/556
f 1349/1642/557 1351/1643/558 1350/1644/558 1348/1645/557
f 1351/1643/558 1353/1646/559 1352/1647/560 1350/1644/558
f 1353/1648/559 1339/1649/561 1338/1650/561 1352/1651/560
f 1339/1649/561 1341/1652/553 1340/1653/553 1338/1650/561
f 1345/1654/562 1343/1655/563 1356/1656/563 1357/1657/562
f 1361/1658/564 1360/1659/565 1368/1660/566 1369/1661/567
f 1351/1662/568 1349/1663/569 1359/1664/569 1360/1665/568
f 1341/1666/570 1339/1667/571 1355/1668/571 1354/1669/570
f 1347/1670/572 1345/1654/562 1357/1657/562 1358/1671/572
f 1353/1672/573 1351/1662/568 1360/1665/568 1361/1659/573
f 1343/1655/563 1341/1666/570 1354/1669/570 1356/1656/563
f 1349/1663/569 1347/1670/572 1358/1671/572 1359/1664/569
f 1339/1667/571 1353/1672/573 1361/1659/573 1355/1668/571
f 1366/1673/574 1365/1674/575 1373/1675/576 1374/1676/577
f 1359/1665/578 1358/1677/579 1366/1678/574 1367/1679/580
f 1357/1680/581 1356/1681/582 1364/1682/583 1365/1683/575
f 1354/1684/584 1355/1685/585 1363/1686/586 1362/1687/587
f 1355/1685/585 1361/1658/564 1369/1661/567 1363/1686/586
f 1360/1659/565 1359/1665/578 1367/1679/580 1368/1660/566
f 1358/1677/579 1357/1680/581 1365/1683/575 1366/1678/574
f 1356/1681/582 1354/1684/584 1362/1687/587 1364/1682/583
f 1371/1688/588 1377/1689/589 1385/1690/590 1379/1691/591
f 1364/1692/583 1362/1693/587 1370/1694/592 1372/1695/593
f 1369/1693/567 1368/1696/566 1376/1697/594 1377/1698/589
f 1367/1699/580 1366/1673/574 1374/1676/577 1375/1700/595
f 1365/1701/575 1364/1692/583 1372/1695/593 1373/1702/576
f 1362/1703/587 1363/1704/586 1371/1688/588 1370/1705/592
f 1363/1704/586 1369/1706/567 1377/1689/589 1371/1688/588
f 1368/1696/566 1367/1707/580 1375/1708/595 1376/1697/594
f 1383/1709/596 1382/1710/597 1390/1711/598 1391/1712/599
f 1376/1697/594 1375/1708/595 1383/1713/596 1384/1714/600
f 1374/1676/577 1373/1675/576 1381/1715/601 1382/1716/597
f 1372/1695/593 1370/1694/592 1378/1717/602 1380/1718/603
f 1377/1698/589 1376/1697/594 1384/1714/600 1385/1719/590
f 1375/1700/595 1374/1676/577 1382/1716/597 1383/1720/596
f 1373/1702/576 1372/1695/593 1380/1718/603 1381/1721/601
f 1370/1705/592 1371/1688/588 1379/1691/591 1378/1722/602
f 1393/1723/604 1392/1724/605 1400/1725/605 1401/1726/604
f 1381/1727/601 1380/1728/603 1388/1729/606 1389/1730/607
f 1378/1731/602 1379/1732/591 1387/1733/608 1386/1734/609
f 1379/1732/591 1385/1735/590 1393/1736/610 1387/1733/608
f 1384/1737/600 1383/1709/596 1391/1712/599 1392/1738/611
f 1382/1710/597 1381/1727/601 1389/1730/607 1390/1711/598
f 1380/1728/603 1378/1731/602 1386/1734/609 1388/1729/606
f 1385/1735/590 1384/1737/600 1392/1738/611 1393/1736/610
f 1400/1725/612 1399/1739/613 1407/1740/613 1408/1741/612
f 1391/1742/614 1390/1743/615 1398/1744/615 1399/1739/614
f 1389/1745/616 1388/1711/617 1396/1746/617 1397/1747/616
f 1386/1730/618 1387/1748/619 1395/1749/619 1394/1750/620
f 1387/1748/619 1393/1723/604 1401/1726/604 1395/1749/619
f 1392/1724/605 1391/1742/614 1399/1739/614 1400/1725/605
f 1390/1743/615 1389/1745/616 1397/1747/616 1398/1744/615
f 1388/1711/617 1386/1730/618 1394/1750/620 1396/1746/617
f 1403/1751/621 1409/1752/621 1408/1753/621 1407/1754/621 1406/1755/621 1405/1756/621 1404/1757/621 1402/1758/621
f 1398/1744/622 1397/1747/623 1405/1759/623 1406/1760/622
f 1396/1746/624 1394/1750/625 1402/1761/625 1404/1762/624
f 1401/1726/626 1400/1725/612 1408/1741/612 1409/1763/626
f 1399/1739/613 1398/1744/622 1406/1760/622 1407/1740/613
f 1397/1747/623 1396/1746/624 1404/1762/624 1405/1759/623
f 1394/1750/625 1395/1749/627 1403/1764/627 1402/1761/625
f 1395/1749/627 1401/1726/626 1409/1763/626 1403/1764/627
f 1416/1765/621 1419/1766/621 1421/1767/628 1417/1768/628
f 1418/1769/629 1420/1770/629 1419/1766/621 1416/1765/621
f 1415/1771/630 1413/1772/630 1419/1773/630 1420/1774/630
f 1411/1775/631 1410/1776/631 1416/1777/631 1417/1778/631
f 1414/1779/632 1411/1780/632 1417/1781/632 1421/1782/632
f 1413/1772/630 1414/1783/630 1421/1784/630 1419/1773/630
f 1410/1776/631 1412/1785/631 1418/1786/631 1416/1777/631
f 1412/1787/633 1415/1788/633 1420/1789/633 1418/1790/633
o Cylinder.020
v 26.100826 5.548347 -3.357924
v 26.236229 5.548347 -3.357924
v 26.100826 5.456707 -3.339696
v 26.236229 5.456707 -3.339696
v 26.100826 5.379018 -3.287786
v 26.236229 5.379018 -3.287786
v 26.100826 5.327108 -3.210097
v 26.236229 5.327108 -3.210097
v 26.100826 5.769587 -3.210097
v 26.236229 5.769587 -3.210097
v 26.100826 5.717677 -3.287786
v 26.236229 5.717677 -3.287786
v 26.100826 5.639988 -3.339696
v 26.236229 5.639988 -3.339696
v 26.190662 5.345323 -3.202552
v 26.146393 5.345323 -3.202552
v 26.190662 5.392959 -3.273845
v 26.146393 5.392959 -3.273845
v 26.190662 5.464252 -3.321481
v 26.146393 5.464252 -3.321481
v 26.146393 5.548347 -3.338209
v 26.190662 5.548347 -3.338209
v 26.190662 5.548347 -3.357924
v 26.146393 5.548347 -3.357924
v 26.146393 5.456707 -3.339696
v 26.190662 5.456707 -3.339696
v 26.146393 5.379018 -3.287786
v 26.190662 5.379018 -3.287786
v 26.146393 5.327108 -3.210097
v 26.190662 5.327108 -3.210097
v 26.146393 5.769587 -3.210097
v 26.190662 5.769587 -3.210097
v 26.146393 5.717677 -3.287786
v 26.190662 5.717677 -3.287786
v 26.146393 5.639988 -3.339696
v 26.190662 5.639988 -3.339696
v 26.146393 5.751372 -3.202552
v 26.190662 5.751372 -3.202552
v 26.146393 5.703736 -3.273845
v 26.190662 5.703736 -3.273845
v 26.146393 5.632443 -3.321481
v 26.190662 5.632443 -3.321481
vn -0.0000 0.3827 -0.9239
vn -0.0000 -0.0000 -1.0000
vn -1.0000 -0.0000 -0.0000
vn 1.0000 -0.0000 -0.0000
vn -0.0000 -0.7071 -0.7071
vn -0.0000 -0.8315 -0.5556
vn -0.0000 0.7071 -0.7071
vn -0.0000 -0.3827 -0.9239
vn -0.0000 0.8315 -0.5556
vt 0.534220 0.340850
vt 0.531924 0.340850
vt 0.531924 0.334844
vt 0.534220 0.334844
vt 0.525101 0.363681
vt 0.522805 0.363681
vt 0.527397 0.363681
vt 0.538813 0.340850
vt 0.536516 0.340850
vt 0.522805 0.357675
vt 0.525101 0.357675
vt 0.520508 0.363681
vt 0.520508 0.357675
vt 0.028853 0.501780
vt 0.029680 0.505939
vt 0.028853 0.510099
vt 0.026497 0.513626
vt 0.022970 0.515982
vt 0.022970 0.495897
vt 0.026497 0.498253
vt 0.536516 0.334844
vt 0.495434 0.355255
vt 0.494606 0.351095
vt 0.492250 0.347568
vt 0.488724 0.345212
vt 0.488724 0.365297
vt 0.492250 0.362941
vt 0.494606 0.359414
vt 0.527397 0.357675
vt 0.538813 0.334844
vt 0.534220 0.347032
vt 0.531924 0.347032
vt 0.527397 0.351492
vt 0.525101 0.351492
vt 0.527397 0.369863
vt 0.525101 0.369863
vt 0.534220 0.328661
vt 0.531924 0.328661
vt 0.522805 0.369863
vt 0.522805 0.351492
vt 0.520508 0.369863
vt 0.520508 0.351492
vt 0.538813 0.347032
vt 0.536516 0.347032
vt 0.538813 0.328661
vt 0.536516 0.328661
s 1
usemtl Main
f 1463/1791/634 1443/1792/635 1442/1793/635 1462/1794/634
f 1447/1795/636 1449/1796/636 1438/1796/636 1440/1795/636
f 1444/1797/636 1447/1795/636 1440/1795/636 1443/1797/636
f 1453/1798/636 1455/1799/636 1461/1799/636 1459/1798/636
f 1448/1800/637 1446/1801/637 1441/1801/637 1439/1800/637
f 1438/1796/638 1436/1802/639 1437/1803/639 1439/1800/638
f 1425/1804/637 1423/1805/637 1435/1806/637 1433/1807/637 1431/1808/637 1429/1809/637 1427/1810/637
f 1461/1799/640 1463/1791/634 1462/1794/634 1460/1811/640
f 1422/1812/636 1424/1813/636 1426/1814/636 1428/1815/636 1430/1816/636 1432/1817/636 1434/1818/636
f 1457/1791/636 1444/1792/636 1443/1792/636 1463/1791/636
f 1440/1795/641 1438/1796/638 1439/1800/638 1441/1801/641
f 1443/1797/635 1440/1795/641 1441/1801/641 1442/1819/635
f 1459/1798/642 1461/1799/640 1460/1811/640 1458/1820/642
f 1456/1794/637 1454/1811/637 1460/1811/637 1462/1794/637
f 1455/1799/636 1457/1791/636 1463/1791/636 1461/1799/636
f 1450/1803/637 1448/1800/637 1439/1800/637 1437/1803/637
f 1449/1796/636 1451/1802/636 1436/1802/636 1438/1796/636
f 1445/1793/637 1456/1794/637 1462/1794/637 1442/1793/637
f 1457/1791/634 1435/1821/634 1423/1822/635 1444/1792/635
f 1422/1823/635 1445/1819/635 1446/1801/641 1424/1824/641
f 1444/1797/635 1423/1825/635 1425/1826/641 1447/1795/641
f 1434/1827/634 1456/1794/634 1445/1793/635 1422/1828/635
f 1447/1795/641 1425/1826/641 1427/1829/638 1449/1796/638
f 1424/1824/641 1446/1801/641 1448/1800/638 1426/1830/638
f 1449/1796/638 1427/1829/638 1429/1831/639 1451/1802/639
f 1426/1830/638 1448/1800/638 1450/1803/639 1428/1832/639
f 1453/1798/642 1431/1833/642 1433/1834/640 1455/1799/640
f 1430/1835/642 1452/1820/642 1454/1811/640 1432/1836/640
f 1455/1799/640 1433/1834/640 1435/1821/634 1457/1791/634
f 1432/1836/640 1454/1811/640 1456/1794/634 1434/1827/634
f 1454/1811/637 1452/1820/637 1458/1820/637 1460/1811/637
f 1446/1801/637 1445/1819/637 1442/1819/637 1441/1801/637
o Cube.002
v 23.961239 4.833082 -2.310900
v 23.961239 4.833082 -2.983885
v 23.961239 5.855914 -2.983885
v 23.961239 5.855914 -2.310900
v 23.961239 4.922033 -2.983885
v 23.961239 4.949859 -2.983885
v 23.961239 5.024317 -2.983885
v 23.961239 5.052142 -2.983885
v 23.961239 5.126600 -2.983885
v 23.961239 5.154426 -2.983885
v 23.961239 5.228883 -2.983885
v 23.961239 5.256709 -2.983885
v 23.961239 5.331166 -2.983885
v 23.961239 5.358992 -2.983885
v 23.961239 5.433449 -2.983885
v 23.961239 5.461275 -2.983885
v 23.961239 5.535733 -2.983885
v 23.961239 5.563559 -2.983885
v 23.961239 5.638016 -2.983885
v 23.961239 5.665842 -2.983885
v 23.961239 5.740299 -2.983885
v 23.961239 5.768125 -2.983885
v 23.961239 5.768125 -2.310900
v 23.961239 5.740299 -2.310900
v 23.961239 5.665842 -2.310900
v 23.961239 5.638016 -2.310900
v 23.961239 5.563559 -2.310900
v 23.961239 5.535733 -2.310900
v 23.961239 5.461275 -2.310900
v 23.961239 5.433449 -2.310900
v 23.961239 5.358992 -2.310900
v 23.961239 5.331166 -2.310900
v 23.961239 5.256709 -2.310900
v 23.961239 5.228883 -2.310900
v 23.961239 5.154425 -2.310900
v 23.961239 5.126600 -2.310900
v 23.961239 5.052142 -2.310900
v 23.961239 5.024317 -2.310900
v 23.961239 4.949859 -2.310900
v 23.961239 4.922033 -2.310900
vn -1.0000 -0.0000 -0.0000
vt 0.356315 0.318049
vt 0.363014 0.318049
vt 0.363014 0.392694
vt 0.356315 0.392694
vt 0.384804 0.318048
vt 0.390411 0.318048
vt 0.390411 0.392694
vt 0.384804 0.392694
vt 0.396220 0.318048
vt 0.401827 0.318048
vt 0.401826 0.392694
vt 0.396220 0.392694
vt 0.779781 0.477866
vt 0.785388 0.477866
vt 0.785388 0.552511
vt 0.779781 0.552511
vt 0.770649 0.477866
vt 0.776256 0.477866
vt 0.776256 0.552511
vt 0.770649 0.552511
vt 0.770649 0.612569
vt 0.776256 0.612569
vt 0.776256 0.687215
vt 0.770649 0.687215
vt 0.339142 0.619418
vt 0.344749 0.619418
vt 0.344749 0.694064
vt 0.339142 0.694064
vt 0.802612 0.165081
vt 0.808219 0.165081
vt 0.808219 0.239726
vt 0.802612 0.239726
vt 0.375672 0.318048
vt 0.381279 0.318048
vt 0.381279 0.392694
vt 0.375672 0.392694
vt 0.365535 0.318048
vt 0.372146 0.318048
vt 0.372146 0.392694
vt 0.365535 0.392694
s 1
usemtl Main
f 1468/1837/643 1465/1838/643 1464/1839/643 1503/1840/643
f 1470/1841/643 1469/1842/643 1502/1843/643 1501/1844/643
f 1472/1845/643 1471/1846/643 1500/1847/643 1499/1848/643
f 1474/1849/643 1473/1850/643 1498/1851/643 1497/1852/643
f 1476/1853/643 1475/1854/643 1496/1855/643 1495/1856/643
f 1478/1857/643 1477/1858/643 1494/1859/643 1493/1860/643
f 1480/1861/643 1479/1862/643 1492/1863/643 1491/1864/643
f 1482/1865/643 1481/1866/643 1490/1867/643 1489/1868/643
f 1484/1869/643 1483/1870/643 1488/1871/643 1487/1872/643
f 1466/1873/643 1485/1874/643 1486/1875/643 1467/1876/643
o Cylinder.022
v 24.587118 4.615534 -2.464128
v 24.140753 4.559792 -2.481737
v 24.596319 4.564708 -2.493030
v 24.145851 4.508460 -2.510761
v 24.601482 4.564708 -2.551992
v 24.144335 4.507637 -2.569924
v 24.597441 4.615534 -2.582054
v 24.137718 4.558145 -2.600064
v 24.588238 4.666360 -2.553152
v 24.132620 4.609477 -2.571041
v 24.583076 4.666360 -2.494189
v 24.134136 4.610300 -2.511877
v 23.697721 4.519833 -2.425773
v 23.696112 4.467861 -2.454049
v 23.686552 4.466220 -2.512437
v 23.678602 4.516552 -2.542550
v 23.680212 4.568524 -2.514274
v 23.689772 4.570165 -2.455886
v 23.218378 4.508798 -2.507200
v 23.235266 4.457105 -2.530565
v 23.269888 4.456225 -2.578563
v 23.287622 4.507038 -2.603196
v 23.270735 4.558731 -2.579831
v 23.236113 4.559611 -2.531833
v 22.874216 4.508764 -2.814819
v 22.892923 4.457071 -2.836755
v 22.931307 4.456192 -2.881802
v 22.950983 4.507006 -2.904912
v 22.932276 4.558698 -2.882977
v 22.893892 4.559577 -2.837930
v 22.506775 4.508349 -3.056738
v 22.519144 4.456649 -3.082764
v 22.544357 4.455754 -3.136306
v 22.557199 4.506559 -3.163823
v 22.544828 4.558259 -3.137797
v 22.519617 4.559155 -3.084255
v 22.086071 4.506617 -3.189252
v 22.091843 4.454890 -3.217436
v 22.103065 4.453939 -3.275543
v 22.108515 4.504715 -3.305466
v 22.102741 4.556442 -3.277282
v 22.091520 4.557392 -3.219175
v 21.639513 4.502143 -3.243364
v 21.642355 4.450390 -3.271943
v 21.646687 4.449375 -3.330964
v 21.648174 4.500113 -3.361406
v 21.645330 4.551867 -3.332826
v 21.641001 4.552881 -3.273805
v 21.183552 4.492272 -3.271263
v 21.187155 4.440540 -3.299796
v 21.191341 4.439532 -3.358828
v 21.191927 4.490255 -3.389326
v 21.188324 4.541986 -3.360792
v 21.184135 4.542994 -3.301761
v 20.722864 4.471583 -3.329350
v 20.731895 4.420109 -3.357137
v 20.744106 4.419484 -3.415049
v 20.747284 4.470333 -3.445174
v 20.738251 4.521807 -3.417388
v 20.726042 4.522432 -3.359476
v 20.278954 4.434238 -3.482263
v 20.296917 4.383522 -3.506930
v 20.323538 4.384123 -3.559791
v 20.332193 4.435440 -3.587985
v 20.314230 4.486156 -3.563318
v 20.287611 4.485555 -3.510458
v 19.894211 4.382136 -3.751109
v 19.920340 4.332526 -3.770065
v 19.960642 4.334982 -3.813343
v 19.974815 4.387048 -3.837665
v 19.948685 4.436658 -3.818709
v 19.908382 4.434202 -3.775431
v 19.607237 4.321485 -4.124525
v 19.640270 4.273357 -4.134307
v 19.692471 4.278369 -4.161751
v 19.711639 4.331510 -4.179413
v 19.678604 4.379638 -4.169631
v 19.626404 4.374626 -4.142187
v 19.508705 4.260899 -4.594923
v 19.545162 4.215170 -4.585802
v 19.603348 4.224391 -4.580092
v 19.625078 4.279339 -4.583504
v 19.588623 4.325068 -4.592626
v 19.530437 4.315847 -4.598335
v 19.730289 4.225872 -5.027259
v 19.757017 4.181795 -4.998173
v 19.798069 4.193924 -4.957296
v 19.812391 4.250130 -4.945506
v 19.785662 4.294207 -4.974592
v 19.744610 4.282078 -5.015469
v 20.129038 4.222722 -5.286712
v 20.145775 4.178762 -5.250785
v 20.169233 4.191100 -5.197863
v 20.175955 4.247396 -5.180868
v 20.159220 4.291355 -5.216795
v 20.135761 4.279017 -5.269717
v 20.571850 4.235196 -5.434235
v 20.582914 4.191084 -5.396353
v 20.596478 4.203156 -5.340018
v 20.598976 4.259338 -5.321566
v 20.587914 4.303450 -5.359447
v 20.574350 4.291378 -5.415782
v 21.025356 4.254407 -5.522283
v 21.033245 4.210163 -5.483767
v 21.041441 4.222010 -5.426358
v 21.041748 4.278102 -5.407466
v 21.033861 4.322346 -5.445982
v 21.025665 4.310499 -5.503390
v 21.481234 4.275922 -5.578608
v 21.487324 4.231593 -5.539863
v 21.492720 4.243309 -5.482097
v 21.492023 4.299353 -5.463076
v 21.485933 4.343682 -5.501821
v 21.480537 4.331966 -5.559587
v 21.936991 4.296939 -5.619978
v 21.942184 4.252569 -5.581150
v 21.946537 4.264236 -5.523286
v 21.945698 4.320274 -5.504251
v 21.940506 4.364644 -5.543078
v 21.936153 4.352977 -5.600942
v 22.391262 4.314599 -5.659135
v 22.396416 4.270227 -5.620304
v 22.401535 4.281922 -5.562509
v 22.401505 4.337990 -5.543545
v 22.396351 4.382362 -5.582375
v 22.391230 4.370667 -5.640170
v 22.841970 4.325358 -5.710931
v 22.848175 4.281008 -5.672229
v 22.856476 4.292772 -5.614819
v 22.858572 4.348886 -5.596109
v 22.852369 4.393237 -5.634811
v 22.844069 4.381473 -5.692222
v 23.282162 4.322945 -5.798992
v 23.291546 4.278564 -5.760971
v 23.307516 4.290260 -5.705191
v 23.314102 4.346335 -5.687430
v 23.304716 4.390716 -5.725451
v 23.288748 4.379021 -5.781232
v 23.682581 4.296856 -5.970601
v 23.699974 4.251900 -5.936254
v 23.732861 4.262394 -5.888175
v 23.748352 4.317843 -5.874442
v 23.730959 4.362799 -5.908789
v 23.698072 4.352305 -5.956868
v 23.960131 4.240434 -6.279713
v 23.988306 4.193213 -6.257810
v 24.041842 4.199411 -6.233339
v 24.067202 4.252830 -6.230772
v 24.039028 4.300049 -6.252676
v 23.985493 4.293851 -6.277146
v 24.052574 4.171198 -6.695524
v 24.083925 4.121862 -6.686237
v 24.142990 4.124431 -6.683371
v 24.170700 4.176336 -6.689791
v 24.139347 4.225672 -6.699078
v 24.080284 4.223104 -6.701944
v 24.031408 4.109728 -7.137024
v 24.062534 4.059453 -7.134406
v 24.121275 4.060603 -7.141586
v 24.148890 4.112030 -7.151384
v 24.117764 4.162306 -7.154002
v 24.059025 4.161155 -7.146822
v 23.954597 4.059237 -7.578708
v 23.985041 4.008498 -7.580112
v 24.042843 4.009009 -7.592837
v 24.070200 4.060259 -7.604158
v 24.039757 4.110999 -7.602755
v 23.981955 4.110488 -7.590029
v 23.841101 4.017961 -8.014581
v 23.870724 3.966922 -8.019135
v 23.927378 3.967015 -8.036272
v 23.954407 4.018146 -8.048857
v 23.924782 4.069184 -8.044303
v 23.868128 4.069091 -8.027165
v 23.694273 3.984370 -8.441267
v 23.722935 3.933109 -8.448626
v 23.778154 3.932872 -8.469936
v 23.804710 3.983895 -8.483889
v 23.776049 4.035155 -8.476531
v 23.720831 4.035393 -8.455220
v 23.517792 3.956537 -8.856933
v 23.545324 3.905102 -8.866917
v 23.598766 3.904590 -8.892349
v 23.624678 3.955513 -8.907800
v 23.597145 4.006949 -8.897817
v 23.543703 4.007461 -8.872383
v 23.307320 3.934251 -9.256711
v 23.333565 3.882677 -9.269147
v 23.384882 3.881938 -9.298629
v 23.409954 3.932771 -9.315676
v 23.383709 3.984344 -9.303240
v 23.332392 3.985084 -9.273758
v 23.066595 3.916200 -9.639210
v 23.091421 3.864519 -9.653910
v 23.140308 3.863595 -9.687262
v 23.164371 3.914352 -9.705915
v 23.139547 3.966033 -9.691216
v 23.090660 3.966957 -9.657864
v 22.797852 3.901661 -10.002823
v 22.821161 3.849897 -10.019570
v 22.867386 3.848829 -10.056520
v 22.890303 3.899524 -10.076723
v 22.866995 3.951287 -10.059975
v 22.820768 3.952356 -10.023025
v 22.503647 3.890059 -10.346618
v 22.525389 3.838234 -10.365185
v 22.568802 3.837055 -10.405398
v 22.590475 3.887701 -10.427045
v 22.568733 3.939526 -10.408478
v 22.525318 3.940705 -10.368264
v 22.184298 3.881162 -10.667809
v 22.204477 3.829293 -10.687948
v 22.245035 3.828033 -10.731039
v 22.265413 3.878643 -10.753988
v 22.245234 3.930512 -10.733849
v 22.204674 3.931771 -10.690758
v 21.842112 3.874573 -10.964855
v 21.860786 3.822673 -10.986324
v 21.898546 3.821356 -11.031884
v 21.917633 3.871939 -11.055973
v 21.898960 3.923839 -11.034504
v 21.861198 3.925156 -10.988944
v 21.483948 3.869534 -11.242548
v 21.501171 3.817613 -11.265151
v 21.536207 3.816257 -11.312836
v 21.554022 3.866822 -11.337918
v 21.536798 3.918743 -11.315316
v 21.501762 3.920099 -11.267632
v 21.113733 3.865647 -11.504843
v 21.129553 3.813712 -11.528418
v 21.161934 3.812330 -11.577944
v 21.178493 3.862882 -11.603895
v 21.162674 3.914817 -11.580320
v 21.130293 3.916199 -11.530794
v 20.724735 3.863489 -11.739406
v 20.739305 3.811546 -11.763756
v 20.769287 3.810148 -11.814770
v 20.784698 3.860693 -11.841434
v 20.770128 3.912636 -11.817083
v 20.740147 3.914034 -11.766069
v 20.328234 3.861996 -11.960765
v 20.341610 3.810049 -11.985781
v 20.369293 3.808642 -12.038078
v 20.383596 3.859183 -12.065359
v 20.370218 3.911131 -12.040344
v 20.342537 3.912537 -11.988047
v 19.922077 3.861360 -12.165150
v 19.934353 3.809410 -12.190720
v 19.959900 3.808000 -12.244091
v 19.973169 3.858539 -12.271894
v 19.960892 3.910488 -12.246325
v 19.935345 3.911899 -12.192952
vn -0.0399 0.0044 0.9992
vn 0.0425 0.0106 0.9990
vn 0.0882 -0.8631 0.4973
vn 0.1139 -0.8659 0.4871
vn 0.1265 -0.8560 -0.5012
vn 0.0708 -0.8595 -0.5063
vn 0.0402 -0.0080 -0.9992
vn -0.0403 -0.0206 -0.9990
vn -0.0855 0.8490 -0.5214
vn -0.1137 0.8402 -0.5303
vn -0.1273 0.8680 0.4799
vn -0.0742 0.8788 0.4714
vn -0.0137 0.0081 0.9999
vn 0.0328 -0.8344 0.5501
vn 0.0520 -0.8926 -0.4477
vn 0.0263 -0.0295 -0.9992
vn -0.0424 0.8692 -0.4927
vn -0.0660 0.8466 0.5281
vn -0.4463 0.0095 0.8948
vn -0.2320 -0.8205 0.5225
vn 0.1933 -0.9120 -0.3617
vn 0.4129 -0.0196 -0.9106
vn 0.1837 0.8972 -0.4015
vn -0.2377 0.8337 0.4984
vn -0.6088 0.0153 0.7932
vn -0.3024 -0.8685 0.3929
vn 0.3081 -0.8629 -0.4006
vn 0.6109 -0.0144 -0.7916
vn 0.3228 0.8478 -0.4209
vn -0.2870 0.8831 0.3713
vn -0.4294 0.0163 0.9030
vn -0.2037 -0.8777 0.4337
vn 0.2247 -0.8548 -0.4678
vn 0.4291 -0.0140 -0.9031
vn 0.2315 0.8394 -0.4917
vn -0.1957 0.8923 0.4068
vn -0.2121 0.0174 0.9771
vn -0.0978 -0.8706 0.4822
vn 0.1139 -0.8610 -0.4956
vn 0.2112 -0.0145 -0.9773
vn 0.1077 0.8452 -0.5234
vn -0.1035 0.8864 0.4511
vn -0.0912 0.0189 0.9957
vn -0.0326 -0.8610 0.5075
vn 0.0586 -0.8697 -0.4901
vn 0.0909 -0.0149 -0.9957
vn 0.0340 0.8536 -0.5198
vn -0.0570 0.8786 0.4741
vn -0.0935 0.0198 0.9954
vn -0.0209 -0.8517 0.5236
vn 0.0734 -0.8770 -0.4749
vn 0.0936 -0.0128 -0.9955
vn 0.0183 0.8626 -0.5055
vn -0.0745 0.8700 0.4873
vn -0.2267 0.0143 0.9739
vn -0.0702 -0.8438 0.5320
vn 0.1593 -0.8817 -0.4441
vn 0.2271 -0.0037 -0.9739
vn 0.0551 0.8752 -0.4806
vn -0.1685 0.8564 0.4881
vn -0.4528 -0.0054 0.8916
vn -0.1655 -0.8471 0.5049
vn 0.2911 -0.8749 -0.3871
vn 0.4519 0.0162 -0.8919
vn 0.1297 0.8869 -0.4434
vn -0.3159 0.8391 0.4428
vn -0.6867 -0.0378 0.7260
vn -0.2703 -0.8597 0.4335
vn 0.4218 -0.8587 -0.2912
vn 0.6858 0.0475 -0.7263
vn 0.2124 0.8999 -0.3809
vn -0.4642 0.8170 0.3422
vn -0.8996 -0.0843 0.4285
vn -0.3846 -0.8730 0.3000
vn 0.5237 -0.8432 -0.1213
vn 0.8995 0.0965 -0.4262
vn 0.2744 0.9253 -0.2618
vn -0.6073 0.7770 0.1659
vn -0.9818 -0.1508 -0.1151
vn -0.4461 -0.8944 0.0327
vn 0.5345 -0.8299 0.1598
vn 0.9788 0.1684 0.1169
vn 0.2671 0.9613 -0.0669
vn -0.6738 0.7194 -0.1686
vn -0.7305 -0.1973 -0.6538
vn -0.3105 -0.9236 -0.2247
vn 0.4296 -0.7920 0.4338
vn 0.7334 0.2096 0.6467
vn 0.2013 0.9705 0.1329
vn -0.5111 0.7015 -0.4966
vn -0.4220 -0.2057 -0.8829
vn -0.1409 -0.9394 -0.3124
vn 0.2858 -0.7649 0.5772
vn 0.4225 0.2121 0.8812
vn 0.1085 0.9621 0.2501
vn -0.3083 0.7200 -0.6217
vn -0.2416 -0.2026 -0.9490
vn -0.0527 -0.9434 -0.3274
vn 0.1908 -0.7563 0.6258
vn 0.2416 0.2063 0.9482
vn 0.0428 0.9552 0.2929
vn -0.1967 0.7338 -0.6503
vn -0.1448 -0.1991 -0.9692
vn -0.0098 -0.9446 -0.3281
vn 0.1358 -0.7532 0.6437
vn 0.1446 0.2018 0.9687
vn 0.0064 0.9510 0.3093
vn -0.1374 0.7416 -0.6566
vn -0.0953 -0.1970 -0.9758
vn 0.0092 -0.9454 -0.3258
vn 0.1048 -0.7513 0.6515
vn 0.0952 0.1993 0.9753
vn -0.0104 0.9485 0.3165
vn -0.1052 0.7464 -0.6572
vn -0.0782 -0.1961 -0.9775
vn 0.0117 -0.9465 -0.3224
vn 0.0899 -0.7494 0.6560
vn 0.0780 0.1986 0.9770
vn -0.0119 0.9472 0.3204
vn -0.0899 0.7497 -0.6557
vn -0.0920 -0.1963 -0.9762
vn -0.0021 -0.9485 -0.3168
vn 0.0898 -0.7463 0.6595
vn 0.0919 0.1992 0.9756
vn 0.0029 0.9462 0.3234
vn -0.0892 0.7529 -0.6521
vn -0.1507 -0.1970 -0.9688
vn -0.0391 -0.9516 -0.3049
vn 0.1113 -0.7406 0.6627
vn 0.1504 0.2007 0.9680
vn 0.0426 0.9446 0.3256
vn -0.1081 0.7578 -0.6435
vn -0.2981 -0.1946 -0.9345
vn -0.1163 -0.9558 -0.2699
vn 0.1808 -0.7299 0.6592
vn 0.2969 0.1985 0.9340
vn 0.1331 0.9376 0.3214
vn -0.1645 0.7703 -0.6161
vn -0.5900 -0.1730 -0.7887
vn -0.2404 -0.9550 -0.1736
vn 0.3424 -0.7241 0.5987
vn 0.5866 0.1732 0.7912
vn 0.3065 0.9139 0.2661
vn -0.2798 0.8006 -0.5298
vn -0.8897 -0.1155 -0.4416
vn -0.3597 -0.9328 -0.0224
vn 0.5155 -0.7580 0.3995
vn 0.8921 0.1054 0.4395
vn 0.4713 0.8771 0.0925
vn -0.4151 0.8364 -0.3580
vn -0.9954 -0.0541 -0.0785
vn -0.4321 -0.8962 0.1006
vn 0.5560 -0.8129 0.1732
vn 0.9960 0.0427 0.0790
vn 0.5008 0.8612 -0.0870
vn -0.4996 0.8489 -0.1722
vn -0.9933 -0.0252 0.1128
vn -0.4500 -0.8784 0.1613
vn 0.5387 -0.8412 0.0474
vn 0.9936 0.0162 -0.1117
vn 0.4837 0.8600 -0.1623
vn -0.5139 0.8563 -0.0518
vn -0.9770 -0.0123 0.2131
vn -0.4510 -0.8723 0.1890
vn 0.5226 -0.8522 -0.0241
vn 0.9772 0.0055 -0.2124
vn 0.4735 0.8595 -0.1925
vn -0.5067 0.8619 0.0197
vn -0.9572 -0.0044 0.2893
vn -0.4465 -0.8697 0.2103
vn 0.5081 -0.8577 -0.0789
vn 0.9574 -0.0011 -0.2888
vn 0.4665 0.8579 -0.2153
vn -0.4931 0.8668 0.0736
vn -0.9336 0.0019 0.3582
vn -0.4401 -0.8674 0.2322
vn 0.4916 -0.8617 -0.1259
vn 0.9337 -0.0058 -0.3580
vn 0.4576 0.8567 -0.2381
vn -0.4778 0.8702 0.1199
vn -0.9036 0.0067 0.4284
vn -0.4280 -0.8666 0.2564
vn 0.4737 -0.8638 -0.1717
vn 0.9036 -0.0104 -0.4282
vn 0.4476 0.8541 -0.2649
vn -0.4574 0.8741 0.1633
vn -0.8664 0.0112 0.4992
vn -0.4147 -0.8646 0.2838
vn 0.4504 -0.8665 -0.2151
vn 0.8665 -0.0139 -0.4990
vn 0.4318 0.8530 -0.2930
vn -0.4356 0.8762 0.2061
vn -0.8261 0.0145 0.5634
vn -0.3987 -0.8631 0.3100
vn 0.4263 -0.8684 -0.2532
vn 0.8261 -0.0166 -0.5633
vn 0.4143 0.8520 -0.3201
vn -0.4124 0.8779 0.2433
vn -0.7827 0.0171 0.6222
vn -0.3809 -0.8618 0.3350
vn 0.4010 -0.8699 -0.2870
vn 0.7826 -0.0188 -0.6222
vn 0.3948 0.8512 -0.3457
vn -0.3883 0.8791 0.2765
vn -0.7351 0.0191 0.6776
vn -0.3600 -0.8612 0.3587
vn 0.3744 -0.8708 -0.3186
vn 0.7351 -0.0206 -0.6777
vn 0.3736 0.8502 -0.3709
vn -0.3618 0.8804 0.3067
vn -0.6829 0.0208 0.7302
vn -0.3371 -0.8604 0.3822
vn 0.3454 -0.8717 -0.3477
vn 0.6830 -0.0219 -0.7301
vn 0.3493 0.8497 -0.3950
vn -0.3338 0.8811 0.3350
vn -0.6344 0.0220 0.7727
vn -0.3166 -0.8586 0.4031
vn 0.3177 -0.8733 -0.3694
vn 0.6345 -0.0226 -0.7726
vn 0.3252 0.8505 -0.4134
vn -0.3094 0.8805 0.3592
vn -0.5956 0.0226 0.8030
vn -0.2996 -0.8575 0.4183
vn 0.2959 -0.8744 -0.3846
vn 0.5955 -0.0231 -0.8030
vn 0.3059 0.8511 -0.4266
vn -0.2898 0.8800 0.3764
vn -0.5476 0.0230 0.8364
vn -0.2751 -0.8595 0.4308
vn 0.2722 -0.8727 -0.4053
vn 0.5476 -0.0237 -0.8364
vn 0.2848 0.8488 -0.4455
vn -0.2627 0.8823 0.3906
vn -0.5019 0.0235 0.8646
vn -0.2562 -0.8564 0.4483
vn 0.2457 -0.8754 -0.4163
vn 0.5020 -0.0237 -0.8645
vn 0.2603 0.8515 -0.4552
vn -0.2417 0.8798 0.4094
vn -0.4685 0.0236 0.8831
vn -0.2397 -0.8570 0.4562
vn 0.2288 -0.8749 -0.4269
vn 0.4685 -0.0239 -0.8831
vn 0.2445 0.8508 -0.4652
vn -0.2240 0.8805 0.4179
vn -0.4494 0.0237 0.8930
vn -0.2308 -0.8567 0.4613
vn 0.2187 -0.8750 -0.4318
vn 0.4494 -0.0239 -0.8930
vn 0.2350 0.8510 -0.4697
vn -0.2144 0.8802 0.4233
vt 0.349518 0.815599
vt 0.349518 0.709611
vt 0.356380 0.709611
vt 0.356380 0.815599
vt 0.891265 0.595059
vt 0.891265 0.489071
vt 0.898127 0.489071
vt 0.898127 0.595059
vt 0.911852 0.489071
vt 0.911852 0.595059
vt 0.918714 0.489071
vt 0.918714 0.595059
vt 0.328931 0.815599
vt 0.328931 0.709611
vt 0.335793 0.709611
vt 0.335793 0.815599
s 1
usemtl Pipes
f 1504/1877/644 1505/1878/645 1507/1879/647 1506/1880/646
f 1506/1881/646 1507/1882/647 1509/1883/649 1508/1884/648
f 1508/1884/648 1509/1883/649 1511/1885/651 1510/1886/650
f 1510/1886/650 1511/1885/651 1513/1887/653 1512/1888/652
f 1512/1889/652 1513/1890/653 1515/1891/655 1514/1892/654
f 1514/1892/654 1515/1891/655 1505/1878/645 1504/1877/644
f 1505/1877/645 1516/1878/656 1517/1879/657 1507/1880/647
f 1507/1881/647 1517/1882/657 1518/1883/658 1509/1884/649
f 1509/1884/649 1518/1883/658 1519/1885/659 1511/1886/651
f 1511/1886/651 1519/1885/659 1520/1887/660 1513/1888/653
f 1513/1889/653 1520/1890/660 1521/1891/661 1515/1892/655
f 1515/1892/655 1521/1891/661 1516/1878/656 1505/1877/645
f 1516/1877/656 1522/1878/662 1523/1879/663 1517/1880/657
f 1517/1881/657 1523/1882/663 1524/1883/664 1518/1884/658
f 1518/1884/658 1524/1883/664 1525/1885/665 1519/1886/659
f 1519/1886/659 1525/1885/665 1526/1887/666 1520/1888/660
f 1520/1889/660 1526/1890/666 1527/1891/667 1521/1892/661
f 1521/1892/661 1527/1891/667 1522/1878/662 1516/1877/656
f 1522/1877/662 1528/1878/668 1529/1879/669 1523/1880/663
f 1523/1881/663 1529/1882/669 1530/1883/670 1524/1884/664
f 1524/1884/664 1530/1883/670 1531/1885/671 1525/1886/665
f 1525/1886/665 1531/1885/671 1532/1887/672 1526/1888/666
f 1526/1889/666 1532/1890/672 1533/1891/673 1527/1892/667
f 1527/1892/667 1533/1891/673 1528/1878/668 1522/1877/662
f 1528/1877/668 1534/1878/674 1535/1879/675 1529/1880/669
f 1529/1881/669 1535/1882/675 1536/1883/676 1530/1884/670
f 1530/1884/670 1536/1883/676 1537/1885/677 1531/1886/671
f 1531/1886/671 1537/1885/677 1538/1887/678 1532/1888/672
f 1532/1889/672 1538/1890/678 1539/1891/679 1533/1892/673
f 1533/1892/673 1539/1891/679 1534/1878/674 1528/1877/668
f 1534/1877/674 1540/1878/680 1541/1879/681 1535/1880/675
f 1535/1881/675 1541/1882/681 1542/1883/682 1536/1884/676
f 1536/1884/676 1542/1883/682 1543/1885/683 1537/1886/677
f 1537/1886/677 1543/1885/683 1544/1887/684 1538/1888/678
f 1538/1889/678 1544/1890/684 1545/1891/685 1539/1892/679
f 1539/1892/679 1545/1891/685 1540/1878/680 1534/1877/674
f 1540/1877/680 1546/1878/686 1547/1879/687 1541/1880/681
f 1541/1881/681 1547/1882/687 1548/1883/688 1542/1884/682
f 1542/1884/682 1548/1883/688 1549/1885/689 1543/1886/683
f 1543/1886/683 1549/1885/689 1550/1887/690 1544/1888/684
f 1544/1889/684 1550/1890/690 1551/1891/691 1545/1892/685
f 1545/1892/685 1551/1891/691 1546/1878/686 1540/1877/680
f 1546/1877/686 1552/1878/692 1553/1879/693 1547/1880/687
f 1547/1881/687 1553/1882/693 1554/1883/694 1548/1884/688
f 1548/1884/688 1554/1883/694 1555/1885/695 1549/1886/689
f 1549/1886/689 1555/1885/695 1556/1887/696 1550/1888/690
f 1550/1889/690 1556/1890/696 1557/1891/697 1551/1892/691
f 1551/1892/691 1557/1891/697 1552/1878/692 1546/1877/686
f 1552/1877/692 1558/1878/698 1559/1879/699 1553/1880/693
f 1553/1881/693 1559/1882/699 1560/1883/700 1554/1884/694
f 1554/1884/694 1560/1883/700 1561/1885/701 1555/1886/695
f 1555/1886/695 1561/1885/701 1562/1887/702 1556/1888/696
f 1556/1889/696 1562/1890/702 1563/1891/703 1557/1892/697
f 1557/1892/697 1563/1891/703 1558/1878/698 1552/1877/692
f 1558/1877/698 1564/1878/704 1565/1879/705 1559/1880/699
f 1559/1881/699 1565/1882/705 1566/1883/706 1560/1884/700
f 1560/1884/700 1566/1883/706 1567/1885/707 1561/1886/701
f 1561/1886/701 1567/1885/707 1568/1887/708 1562/1888/702
f 1562/1889/702 1568/1890/708 1569/1891/709 1563/1892/703
f 1563/1892/703 1569/1891/709 1564/1878/704 1558/1877/698
f 1564/1877/704 1570/1878/710 1571/1879/711 1565/1880/705
f 1565/1881/705 1571/1882/711 1572/1883/712 1566/1884/706
f 1566/1884/706 1572/1883/712 1573/1885/713 1567/1886/707
f 1567/1886/707 1573/1885/713 1574/1887/714 1568/1888/708
f 1568/1889/708 1574/1890/714 1575/1891/715 1569/1892/709
f 1569/1892/709 1575/1891/715 1570/1878/710 1564/1877/704
f 1570/1877/710 1576/1878/716 1577/1879/717 1571/1880/711
f 1571/1881/711 1577/1882/717 1578/1883/718 1572/1884/712
f 1572/1884/712 1578/1883/718 1579/1885/719 1573/1886/713
f 1573/1886/713 1579/1885/719 1580/1887/720 1574/1888/714
f 1574/1889/714 1580/1890/720 1581/1891/721 1575/1892/715
f 1575/1892/715 1581/1891/721 1576/1878/716 1570/1877/710
f 1576/1877/716 1582/1878/722 1583/1879/723 1577/1880/717
f 1577/1881/717 1583/1882/723 1584/1883/724 1578/1884/718
f 1578/1884/718 1584/1883/724 1585/1885/725 1579/1886/719
f 1579/1886/719 1585/1885/725 1586/1887/726 1580/1888/720
f 1580/1889/720 1586/1890/726 1587/1891/727 1581/1892/721
f 1581/1892/721 1587/1891/727 1582/1878/722 1576/1877/716
f 1582/1877/722 1588/1878/728 1589/1879/729 1583/1880/723
f 1583/1881/723 1589/1882/729 1590/1883/730 1584/1884/724
f 1584/1884/724 1590/1883/730 1591/1885/731 1585/1886/725
f 1585/1886/725 1591/1885/731 1592/1887/732 1586/1888/726
f 1586/1889/726 1592/1890/732 1593/1891/733 1587/1892/727
f 1587/1892/727 1593/1891/733 1588/1878/728 1582/1877/722
f 1588/1877/728 1594/1878/734 1595/1879/735 1589/1880/729
f 1589/1881/729 1595/1882/735 1596/1883/736 1590/1884/730
f 1590/1884/730 1596/1883/736 1597/1885/737 1591/1886/731
f 1591/1886/731 1597/1885/737 1598/1887/738 1592/1888/732
f 1592/1889/732 1598/1890/738 1599/1891/739 1593/1892/733
f 1593/1892/733 1599/1891/739 1594/1878/734 1588/1877/728
f 1594/1877/734 1600/1878/740 1601/1879/741 1595/1880/735
f 1595/1881/735 1601/1882/741 1602/1883/742 1596/1884/736
f 1596/1884/736 1602/1883/742 1603/1885/743 1597/1886/737
f 1597/1886/737 1603/1885/743 1604/1887/744 1598/1888/738
f 1598/1889/738 1604/1890/744 1605/1891/745 1599/1892/739
f 1599/1892/739 1605/1891/745 1600/1878/740 1594/1877/734
f 1600/1877/740 1606/1878/746 1607/1879/747 1601/1880/741
f 1601/1881/741 1607/1882/747 1608/1883/748 1602/1884/742
f 1602/1884/742 1608/1883/748 1609/1885/749 1603/1886/743
f 1603/1886/743 1609/1885/749 1610/1887/750 1604/1888/744
f 1604/1889/744 1610/1890/750 1611/1891/751 1605/1892/745
f 1605/1892/745 1611/1891/751 1606/1878/746 1600/1877/740
f 1606/1877/746 1612/1878/752 1613/1879/753 1607/1880/747
f 1607/1881/747 1613/1882/753 1614/1883/754 1608/1884/748
f 1608/1884/748 1614/1883/754 1615/1885/755 1609/1886/749
f 1609/1886/749 1615/1885/755 1616/1887/756 1610/1888/750
f 1610/1889/750 1616/1890/756 1617/1891/757 1611/1892/751
f 1611/1892/751 1617/1891/757 1612/1878/752 1606/1877/746
f 1612/1877/752 1618/1878/758 1619/1879/759 1613/1880/753
f 1613/1881/753 1619/1882/759 1620/1883/760 1614/1884/754
f 1614/1884/754 1620/1883/760 1621/1885/761 1615/1886/755
f 1615/1886/755 1621/1885/761 1622/1887/762 1616/1888/756
f 1616/1889/756 1622/1890/762 1623/1891/763 1617/1892/757
f 1617/1892/757 1623/1891/763 1618/1878/758 1612/1877/752
f 1618/1877/758 1624/1878/764 1625/1879/765 1619/1880/759
f 1619/1881/759 1625/1882/765 1626/1883/766 1620/1884/760
f 1620/1884/760 1626/1883/766 1627/1885/767 1621/1886/761
f 1621/1886/761 1627/1885/767 1628/1887/768 1622/1888/762
f 1622/1889/762 1628/1890/768 1629/1891/769 1623/1892/763
f 1623/1892/763 1629/1891/769 1624/1878/764 1618/1877/758
f 1624/1877/764 1630/1878/770 1631/1879/771 1625/1880/765
f 1625/1881/765 1631/1882/771 1632/1883/772 1626/1884/766
f 1626/1884/766 1632/1883/772 1633/1885/773 1627/1886/767
f 1627/1886/767 1633/1885/773 1634/1887/774 1628/1888/768
f 1628/1889/768 1634/1890/774 1635/1891/775 1629/1892/769
f 1629/1892/769 1635/1891/775 1630/1878/770 1624/1877/764
f 1630/1877/770 1636/1878/776 1637/1879/777 1631/1880/771
f 1631/1881/771 1637/1882/777 1638/1883/778 1632/1884/772
f 1632/1884/772 1638/1883/778 1639/1885/779 1633/1886/773
f 1633/1886/773 1639/1885/779 1640/1887/780 1634/1888/774
f 1634/1889/774 1640/1890/780 1641/1891/781 1635/1892/775
f 1635/1892/775 1641/1891/781 1636/1878/776 1630/1877/770
f 1636/1877/776 1642/1878/782 1643/1879/783 1637/1880/777
f 1637/1881/777 1643/1882/783 1644/1883/784 1638/1884/778
f 1638/1884/778 1644/1883/784 1645/1885/785 1639/1886/779
f 1639/1886/779 1645/1885/785 1646/1887/786 1640/1888/780
f 1640/1889/780 1646/1890/786 1647/1891/787 1641/1892/781
f 1641/1892/781 1647/1891/787 1642/1878/782 1636/1877/776
f 1642/1877/782 1648/1878/788 1649/1879/789 1643/1880/783
f 1643/1881/783 1649/1882/789 1650/1883/790 1644/1884/784
f 1644/1884/784 1650/1883/790 1651/1885/791 1645/1886/785
f 1645/1886/785 1651/1885/791 1652/1887/792 1646/1888/786
f 1646/1889/786 1652/1890/792 1653/1891/793 1647/1892/787
f 1647/1892/787 1653/1891/793 1648/1878/788 1642/1877/782
f 1648/1877/788 1654/1878/794 1655/1879/795 1649/1880/789
f 1649/1881/789 1655/1882/795 1656/1883/796 1650/1884/790
f 1650/1884/790 1656/1883/796 1657/1885/797 1651/1886/791
f 1651/1886/791 1657/1885/797 1658/1887/798 1652/1888/792
f 1652/1889/792 1658/1890/798 1659/1891/799 1653/1892/793
f 1653/1892/793 1659/1891/799 1654/1878/794 1648/1877/788
f 1654/1877/794 1660/1878/800 1661/1879/801 1655/1880/795
f 1655/1881/795 1661/1882/801 1662/1883/802 1656/1884/796
f 1656/1884/796 1662/1883/802 1663/1885/803 1657/1886/797
f 1657/1886/797 1663/1885/803 1664/1887/804 1658/1888/798
f 1658/1889/798 1664/1890/804 1665/1891/805 1659/1892/799
f 1659/1892/799 1665/1891/805 1660/1878/800 1654/1877/794
f 1660/1877/800 1666/1878/806 1667/1879/807 1661/1880/801
f 1661/1881/801 1667/1882/807 1668/1883/808 1662/1884/802
f 1662/1884/802 1668/1883/808 1669/1885/809 1663/1886/803
f 1663/1886/803 1669/1885/809 1670/1887/810 1664/1888/804
f 1664/1889/804 1670/1890/810 1671/1891/811 1665/1892/805
f 1665/1892/805 1671/1891/811 1666/1878/806 1660/1877/800
f 1666/1877/806 1672/1878/812 1673/1879/813 1667/1880/807
f 1667/1881/807 1673/1882/813 1674/1883/814 1668/1884/808
f 1668/1884/808 1674/1883/814 1675/1885/815 1669/1886/809
f 1669/1886/809 1675/1885/815 1676/1887/816 1670/1888/810
f 1670/1889/810 1676/1890/816 1677/1891/817 1671/1892/811
f 1671/1892/811 1677/1891/817 1672/1878/812 1666/1877/806
f 1672/1877/812 1678/1878/818 1679/1879/819 1673/1880/813
f 1673/1881/813 1679/1882/819 1680/1883/820 1674/1884/814
f 1674/1884/814 1680/1883/820 1681/1885/821 1675/1886/815
f 1675/1886/815 1681/1885/821 1682/1887/822 1676/1888/816
f 1676/1889/816 1682/1890/822 1683/1891/823 1677/1892/817
f 1677/1892/817 1683/1891/823 1678/1878/818 1672/1877/812
f 1678/1877/818 1684/1878/824 1685/1879/825 1679/1880/819
f 1679/1881/819 1685/1882/825 1686/1883/826 1680/1884/820
f 1680/1884/820 1686/1883/826 1687/1885/827 1681/1886/821
f 1681/1886/821 1687/1885/827 1688/1887/828 1682/1888/822
f 1682/1889/822 1688/1890/828 1689/1891/829 1683/1892/823
f 1683/1892/823 1689/1891/829 1684/1878/824 1678/1877/818
f 1684/1877/824 1690/1878/830 1691/1879/831 1685/1880/825
f 1685/1881/825 1691/1882/831 1692/1883/832 1686/1884/826
f 1686/1884/826 1692/1883/832 1693/1885/833 1687/1886/827
f 1687/1886/827 1693/1885/833 1694/1887/834 1688/1888/828
f 1688/1889/828 1694/1890/834 1695/1891/835 1689/1892/829
f 1689/1892/829 1695/1891/835 1690/1878/830 1684/1877/824
f 1690/1877/830 1696/1878/836 1697/1879/837 1691/1880/831
f 1691/1881/831 1697/1882/837 1698/1883/838 1692/1884/832
f 1692/1884/832 1698/1883/838 1699/1885/839 1693/1886/833
f 1693/1886/833 1699/1885/839 1700/1887/840 1694/1888/834
f 1694/1889/834 1700/1890/840 1701/1891/841 1695/1892/835
f 1695/1892/835 1701/1891/841 1696/1878/836 1690/1877/830
f 1696/1877/836 1702/1878/842 1703/1879/843 1697/1880/837
f 1697/1881/837 1703/1882/843 1704/1883/844 1698/1884/838
f 1698/1884/838 1704/1883/844 1705/1885/845 1699/1886/839
f 1699/1886/839 1705/1885/845 1706/1887/846 1700/1888/840
f 1700/1889/840 1706/1890/846 1707/1891/847 1701/1892/841
f 1701/1892/841 1707/1891/847 1702/1878/842 1696/1877/836
f 1702/1877/842 1708/1878/848 1709/1879/849 1703/1880/843
f 1703/1881/843 1709/1882/849 1710/1883/850 1704/1884/844
f 1704/1884/844 1710/1883/850 1711/1885/851 1705/1886/845
f 1705/1886/845 1711/1885/851 1712/1887/852 1706/1888/846
f 1706/1889/846 1712/1890/852 1713/1891/853 1707/1892/847
f 1707/1892/847 1713/1891/853 1708/1878/848 1702/1877/842
f 1708/1877/848 1714/1878/854 1715/1879/855 1709/1880/849
f 1709/1881/849 1715/1882/855 1716/1883/856 1710/1884/850
f 1710/1884/850 1716/1883/856 1717/1885/857 1711/1886/851
f 1711/1886/851 1717/1885/857 1718/1887/858 1712/1888/852
f 1712/1889/852 1718/1890/858 1719/1891/859 1713/1892/853
f 1713/1892/853 1719/1891/859 1714/1878/854 1708/1877/848
f 1714/1877/854 1720/1878/860 1721/1879/861 1715/1880/855
f 1715/1881/855 1721/1882/861 1722/1883/862 1716/1884/856
f 1716/1884/856 1722/1883/862 1723/1885/863 1717/1886/857
f 1717/1886/857 1723/1885/863 1724/1887/864 1718/1888/858
f 1718/1889/858 1724/1890/864 1725/1891/865 1719/1892/859
f 1719/1892/859 1725/1891/865 1720/1878/860 1714/1877/854
f 1720/1877/860 1726/1878/866 1727/1879/867 1721/1880/861
f 1721/1881/861 1727/1882/867 1728/1883/868 1722/1884/862
f 1722/1884/862 1728/1883/868 1729/1885/869 1723/1886/863
f 1723/1886/863 1729/1885/869 1730/1887/870 1724/1888/864
f 1724/1889/864 1730/1890/870 1731/1891/871 1725/1892/865
f 1725/1892/865 1731/1891/871 1726/1878/866 1720/1877/860
f 1726/1877/866 1732/1878/872 1733/1879/873 1727/1880/867
f 1727/1881/867 1733/1882/873 1734/1883/874 1728/1884/868
f 1728/1884/868 1734/1883/874 1735/1885/875 1729/1886/869
f 1729/1886/869 1735/1885/875 1736/1887/876 1730/1888/870
f 1730/1889/870 1736/1890/876 1737/1891/877 1731/1892/871
f 1731/1892/871 1737/1891/877 1732/1878/872 1726/1877/866
f 1732/1877/872 1738/1878/878 1739/1879/879 1733/1880/873
f 1733/1881/873 1739/1882/879 1740/1883/880 1734/1884/874
f 1734/1884/874 1740/1883/880 1741/1885/881 1735/1886/875
f 1735/1886/875 1741/1885/881 1742/1887/882 1736/1888/876
f 1736/1889/876 1742/1890/882 1743/1891/883 1737/1892/877
f 1737/1892/877 1743/1891/883 1738/1878/878 1732/1877/872
f 1738/1877/878 1744/1878/884 1745/1879/885 1739/1880/879
f 1739/1881/879 1745/1882/885 1746/1883/886 1740/1884/880
f 1740/1884/880 1746/1883/886 1747/1885/887 1741/1886/881
f 1741/1886/881 1747/1885/887 1748/1887/888 1742/1888/882
f 1742/1889/882 1748/1890/888 1749/1891/889 1743/1892/883
f 1743/1892/883 1749/1891/889 1744/1878/884 1738/1877/878
f 1744/1877/884 1750/1878/890 1751/1879/891 1745/1880/885
f 1745/1881/885 1751/1882/891 1752/1883/892 1746/1884/886
f 1746/1884/886 1752/1883/892 1753/1885/893 1747/1886/887
f 1747/1886/887 1753/1885/893 1754/1887/894 1748/1888/888
f 1748/1889/888 1754/1890/894 1755/1891/895 1749/1892/889
f 1749/1892/889 1755/1891/895 1750/1878/890 1744/1877/884
o Cylinder.023
v 24.061373 4.670976 -2.287501
v 23.636080 4.520017 -2.215420
v 24.076254 4.623795 -2.319995
v 23.642809 4.470125 -2.246545
v 24.066492 4.623795 -2.378373
v 23.633440 4.470212 -2.304987
v 24.041849 4.670976 -2.404257
v 23.617340 4.520191 -2.332304
v 24.026968 4.718156 -2.371764
v 23.610611 4.570083 -2.301178
v 24.036730 4.718156 -2.313386
v 23.619982 4.569995 -2.242736
v 23.179419 4.460853 -2.165938
v 23.181162 4.410143 -2.196414
v 23.178556 4.411044 -2.255538
v 23.174208 4.462655 -2.284186
v 23.172462 4.513364 -2.253710
v 23.175068 4.512463 -2.194586
v 22.713875 4.447943 -2.182697
v 22.717838 4.397278 -2.213039
v 22.724739 4.398443 -2.271812
v 22.727676 4.450273 -2.300243
v 22.723713 4.500937 -2.269901
v 22.716812 4.499772 -2.211128
v 22.257732 4.446801 -2.269214
v 22.265169 4.396146 -2.298913
v 22.279476 4.397333 -2.356334
v 22.286345 4.449174 -2.384057
v 22.278908 4.499829 -2.354358
v 22.264601 4.498642 -2.296937
v 21.815113 4.446589 -2.392358
v 21.823721 4.395934 -2.421740
v 21.840334 4.397122 -2.478537
v 21.848339 4.448965 -2.505951
v 21.839731 4.499619 -2.476569
v 21.823118 4.498431 -2.419772
v 21.376532 4.446529 -2.518862
v 21.384827 4.395875 -2.548335
v 21.400852 4.397063 -2.605300
v 21.408585 4.448906 -2.632793
v 21.400291 4.499560 -2.603320
v 21.384264 4.498372 -2.546355
v 20.935505 4.446525 -2.646207
v 20.944784 4.395870 -2.675384
v 20.962719 4.397058 -2.731777
v 20.971376 4.448901 -2.758993
v 20.962097 4.499555 -2.729815
v 20.944160 4.498367 -2.673423
v 20.503191 4.446584 -2.817065
v 20.516386 4.395929 -2.844691
v 20.541937 4.397117 -2.898068
v 20.554291 4.448958 -2.923818
v 20.541096 4.499613 -2.896191
v 20.515547 4.498426 -2.842814
v 20.096001 4.447380 -3.027804
v 20.109726 4.396726 -3.055172
v 20.136578 4.397913 -3.107906
v 20.149704 4.449755 -3.133271
v 20.135979 4.500410 -3.105902
v 20.109127 4.499221 -3.053169
v 19.688240 4.450709 -3.177007
v 19.691311 4.400157 -3.207640
v 19.698534 4.401534 -3.266370
v 19.702686 4.453462 -3.294467
v 19.699617 4.504014 -3.263835
v 19.692394 4.502638 -3.205105
v 19.296623 4.460708 -3.071391
v 19.277748 4.410689 -3.096791
v 19.245438 4.413018 -3.146327
v 19.232000 4.465365 -3.170462
v 19.250875 4.515383 -3.145062
v 19.283188 4.513054 -3.095526
v 18.957731 4.486387 -2.782348
v 18.932842 4.436770 -2.802889
v 18.892496 4.439597 -2.846103
v 18.877037 4.492040 -2.868775
v 18.901928 4.541657 -2.848234
v 18.942274 4.538831 -2.805020
v 18.603745 4.541404 -2.483402
v 18.579832 4.491590 -2.504616
v 18.547480 4.493055 -2.554158
v 18.539038 4.544335 -2.582485
v 18.562950 4.594149 -2.561271
v 18.595304 4.592683 -2.511729
v 18.155712 4.652240 -2.338516
v 18.141459 4.599975 -2.362360
v 18.141769 4.593200 -2.421158
v 18.156334 4.638690 -2.456113
v 18.170586 4.690955 -2.432270
v 18.170275 4.697730 -2.373471
v 17.722168 4.790917 -2.494160
v 17.716843 4.735829 -2.515142
v 17.743937 4.720599 -2.565514
v 17.776354 4.760457 -2.594903
v 17.781677 4.815545 -2.573921
v 17.754585 4.830775 -2.523550
v 17.371714 4.912475 -2.777011
v 17.369392 4.856350 -2.795663
v 17.404070 4.838501 -2.840183
v 17.441071 4.876777 -2.866052
v 17.443392 4.932902 -2.847401
v 17.408714 4.950751 -2.802880
v 17.053110 5.021212 -3.091069
v 17.052120 4.964633 -3.108422
v 17.089161 4.945977 -3.150651
v 17.127190 4.983902 -3.175529
v 17.128178 5.040480 -3.158176
v 17.091139 5.059135 -3.115947
v 16.742723 5.120035 -3.412028
v 16.742424 5.063235 -3.428671
v 16.779619 5.044528 -3.470739
v 16.817114 5.082619 -3.496165
v 16.817413 5.139419 -3.479522
v 16.780218 5.158126 -3.437454
v 16.426643 5.211315 -3.726891
v 16.426746 5.154399 -3.743134
v 16.462795 5.136016 -3.786330
v 16.498741 5.174550 -3.813282
v 16.498636 5.231465 -3.797039
v 16.462587 5.249848 -3.753844
v 16.093567 5.293838 -4.022994
v 16.093832 5.236881 -4.039092
v 16.127171 5.219166 -4.084677
v 16.160244 5.258408 -4.114164
v 16.159981 5.315364 -4.098066
v 16.126642 5.333079 -4.052481
v 15.737633 5.367440 -4.289984
v 15.737841 5.310494 -4.306120
v 15.766582 5.293708 -4.355063
v 15.795115 5.333868 -4.387871
v 15.794907 5.390814 -4.371735
v 15.766166 5.407600 -4.322792
v 15.348506 5.427468 -4.502266
v 15.348326 5.370580 -4.518606
v 15.369349 5.354969 -4.571687
v 15.390553 5.396246 -4.608428
v 15.390733 5.453135 -4.592087
v 15.369709 5.468745 -4.539006
v 14.927320 5.469459 -4.634032
v 14.926337 5.412649 -4.650613
v 14.935832 5.398171 -4.707213
v 14.946310 5.440504 -4.747231
v 14.947292 5.497314 -4.730650
v 14.937798 5.511791 -4.674050
v 14.487907 5.489750 -4.664972
v 14.485784 5.432989 -4.681612
v 14.481185 5.419115 -4.738967
v 14.478710 5.462003 -4.779683
v 14.480834 5.518764 -4.763043
v 14.485432 5.532638 -4.705688
v 14.051948 5.485935 -4.582488
v 14.048733 5.429163 -4.598915
v 14.031775 5.415170 -4.653869
v 14.018033 5.457950 -4.692396
v 14.021248 5.514722 -4.675969
v 14.038205 5.528715 -4.621015
vn 0.1734 -0.0188 0.9847
vn 0.1459 -0.0374 0.9886
vn 0.3655 -0.8226 0.4355
vn 0.2664 -0.8492 0.4559
vn 0.2019 -0.8230 -0.5309
vn 0.1325 -0.8511 -0.5080
vn -0.1602 -0.0203 -0.9869
vn -0.1303 -0.0267 -0.9911
vn -0.3658 0.8122 -0.4545
vn -0.2659 0.8412 -0.4707
vn -0.1965 0.8137 0.5471
vn -0.1224 0.8264 0.5497
vn 0.0386 -0.0309 0.9988
vn 0.0851 -0.8656 0.4934
vn 0.0506 -0.8693 -0.4918
vn -0.0353 -0.0003 -0.9994
vn -0.0860 0.8774 -0.4721
vn -0.0465 0.8408 0.5393
vn -0.1112 -0.0232 0.9935
vn -0.0427 -0.8664 0.4974
vn 0.0687 -0.8676 -0.4925
vn 0.1112 0.0161 -0.9937
vn 0.0386 0.8849 -0.4641
vn -0.0722 0.8442 0.5312
vn -0.2275 -0.0201 0.9736
vn -0.1107 -0.8703 0.4800
vn 0.1167 -0.8618 -0.4937
vn 0.2273 0.0200 -0.9736
vn 0.1063 0.8814 -0.4603
vn -0.1210 0.8498 0.5130
vn -0.2725 -0.0201 0.9619
vn -0.1316 -0.8753 0.4654
vn 0.1410 -0.8565 -0.4966
vn 0.2725 0.0200 -0.9619
vn 0.1310 0.8765 -0.4632
vn -0.1416 0.8551 0.4987
vn -0.2772 -0.0201 0.9606
vn -0.1337 -0.8759 0.4637
vn 0.1435 -0.8558 -0.4970
vn 0.2772 0.0201 -0.9606
vn 0.1337 0.8759 -0.4636
vn -0.1435 0.8558 0.4970
vn -0.3225 -0.0198 0.9464
vn -0.1597 -0.8695 0.4675
vn 0.1632 -0.8625 -0.4790
vn 0.3230 0.0204 -0.9462
vn 0.1519 0.8823 -0.4456
vn -0.1706 0.8491 0.4999
vn -0.4143 -0.0200 0.9099
vn -0.2054 -0.8691 0.4499
vn 0.2086 -0.8630 -0.4601
vn 0.4138 0.0201 -0.9101
vn 0.1956 0.8826 -0.4275
vn -0.2182 0.8486 0.4819
vn -0.4010 -0.0216 0.9158
vn -0.1922 -0.8842 0.4257
vn 0.2094 -0.8460 -0.4904
vn 0.4016 0.0189 -0.9156
vn 0.2032 0.8663 -0.4563
vn -0.1993 0.8638 0.4628
vn -0.0357 -0.0301 0.9989
vn -0.0364 -0.9185 0.3938
vn 0.0080 -0.8134 -0.5816
vn 0.0510 0.0197 -0.9985
vn 0.0327 0.8375 -0.5455
vn -0.0062 0.8965 0.4429
vn 0.4564 -0.0440 0.8887
vn 0.1599 -0.9116 0.3787
vn -0.2939 -0.8163 -0.4973
vn -0.4669 0.0289 -0.8838
vn -0.2070 0.8502 -0.4840
vn 0.2572 0.8766 0.4068
vn 0.6426 -0.0531 0.7644
vn 0.2381 -0.8850 0.4002
vn -0.4018 -0.8426 -0.3586
vn -0.6443 0.0341 -0.7640
vn -0.2424 0.8812 -0.4059
vn 0.4071 0.8366 0.3666
vn 0.4860 -0.0289 0.8735
vn 0.1242 -0.8369 0.5331
vn -0.3640 -0.8747 -0.3200
vn -0.4868 -0.0057 -0.8735
vn -0.0823 0.8794 -0.4690
vn 0.3984 0.8144 0.4219
vn 0.0110 0.0917 0.9957
vn -0.2165 -0.7353 0.6422
vn -0.2535 -0.9172 -0.3074
vn -0.0275 -0.1321 -0.9909
vn 0.2385 0.8209 -0.5189
vn 0.2353 0.8431 0.4835
vn -0.4185 0.2352 0.8772
vn -0.5231 -0.6571 0.5428
vn -0.1270 -0.9382 -0.3221
vn 0.4103 -0.2498 -0.8771
vn 0.5108 0.7095 -0.4855
vn 0.0799 0.9123 0.4017
vn -0.5770 0.2975 0.7606
vn -0.6227 -0.6393 0.4511
vn -0.0517 -0.9500 -0.3079
vn 0.5763 -0.2991 -0.7605
vn 0.6149 0.6582 -0.4345
vn 0.0326 0.9442 0.3277
vn -0.6207 0.3155 0.7178
vn -0.6411 -0.6382 0.4264
vn -0.0201 -0.9561 -0.2925
vn 0.6221 -0.3119 -0.7181
vn 0.6377 0.6453 -0.4206
vn 0.0158 0.9549 0.2964
vn -0.6258 0.3187 0.7119
vn -0.6324 -0.6439 0.4307
vn -0.0030 -0.9589 -0.2838
vn 0.6282 -0.3125 -0.7125
vn 0.6324 0.6439 -0.4307
vn 0.0078 0.9602 0.2793
vn -0.6043 0.3151 0.7318
vn -0.6037 -0.6544 0.4554
vn 0.0078 -0.9596 -0.2813
vn 0.6082 -0.3046 -0.7330
vn 0.6062 0.6490 -0.4597
vn 0.0052 0.9633 0.2685
vn -0.5600 0.3055 0.7701
vn -0.5557 -0.6680 0.4950
vn 0.0130 -0.9593 -0.2819
vn 0.5643 -0.2926 -0.7720
vn 0.5599 0.6585 -0.5029
vn 0.0043 0.9650 0.2622
vn -0.4790 0.2937 0.8272
vn -0.4756 -0.6880 0.5482
vn 0.0157 -0.9565 -0.2914
vn 0.4850 -0.2729 -0.8309
vn 0.4823 0.6705 -0.5637
vn 0.0097 0.9671 0.2543
vn -0.3452 0.2771 0.8967
vn -0.3484 -0.7107 0.6111
vn 0.0088 -0.9526 -0.3041
vn 0.3511 -0.2497 -0.9024
vn 0.3553 0.6863 -0.6346
vn 0.0162 0.9686 0.2483
vn -0.1607 0.2615 0.9517
vn -0.1773 -0.7301 0.6599
vn -0.0092 -0.9489 -0.3154
vn 0.1639 -0.2292 -0.9595
vn 0.1803 0.7008 -0.6902
vn 0.0240 0.9694 0.2443
vn 0.0608 0.2533 0.9655
vn 0.0250 -0.7413 0.6707
vn -0.0360 -0.9465 -0.3206
vn -0.0621 -0.2182 -0.9739
vn -0.0286 0.7089 -0.7048
vn 0.0331 0.9700 0.2409
vn 0.1780 0.2484 0.9522
vn 0.1316 -0.7384 0.6613
vn -0.0518 -0.9470 -0.3170
vn -0.1799 -0.2160 -0.9597
vn -0.1375 0.7078 -0.6929
vn 0.0375 0.9692 0.2432
vt 0.349518 0.922546
vt 0.349518 0.816558
vt 0.356380 0.816558
vt 0.356380 0.922546
vt 0.891265 0.488111
vt 0.891265 0.382123
vt 0.898127 0.382123
vt 0.898127 0.488111
vt 0.911852 0.382123
vt 0.911852 0.488111
vt 0.918714 0.382123
vt 0.918714 0.488111
vt 0.328931 0.922546
vt 0.328931 0.816558
vt 0.335793 0.816558
vt 0.335793 0.922546
s 1
usemtl Pipes
f 1756/1893/896 1757/1894/897 1759/1895/899 1758/1896/898
f 1758/1897/898 1759/1898/899 1761/1899/901 1760/1900/900
f 1760/1900/900 1761/1899/901 1763/1901/903 1762/1902/902
f 1762/1902/902 1763/1901/903 1765/1903/905 1764/1904/904
f 1764/1905/904 1765/1906/905 1767/1907/907 1766/1908/906
f 1766/1908/906 1767/1907/907 1757/1894/897 1756/1893/896
f 1757/1893/897 1768/1894/908 1769/1895/909 1759/1896/899
f 1759/1897/899 1769/1898/909 1770/1899/910 1761/1900/901
f 1761/1900/901 1770/1899/910 1771/1901/911 1763/1902/903
f 1763/1902/903 1771/1901/911 1772/1903/912 1765/1904/905
f 1765/1905/905 1772/1906/912 1773/1907/913 1767/1908/907
f 1767/1908/907 1773/1907/913 1768/1894/908 1757/1893/897
f 1768/1893/908 1774/1894/914 1775/1895/915 1769/1896/909
f 1769/1897/909 1775/1898/915 1776/1899/916 1770/1900/910
f 1770/1900/910 1776/1899/916 1777/1901/917 1771/1902/911
f 1771/1902/911 1777/1901/917 1778/1903/918 1772/1904/912
f 1772/1905/912 1778/1906/918 1779/1907/919 1773/1908/913
f 1773/1908/913 1779/1907/919 1774/1894/914 1768/1893/908
f 1774/1893/914 1780/1894/920 1781/1895/921 1775/1896/915
f 1775/1897/915 1781/1898/921 1782/1899/922 1776/1900/916
f 1776/1900/916 1782/1899/922 1783/1901/923 1777/1902/917
f 1777/1902/917 1783/1901/923 1784/1903/924 1778/1904/918
f 1778/1905/918 1784/1906/924 1785/1907/925 1779/1908/919
f 1779/1908/919 1785/1907/925 1780/1894/920 1774/1893/914
f 1780/1893/920 1786/1894/926 1787/1895/927 1781/1896/921
f 1781/1897/921 1787/1898/927 1788/1899/928 1782/1900/922
f 1782/1900/922 1788/1899/928 1789/1901/929 1783/1902/923
f 1783/1902/923 1789/1901/929 1790/1903/930 1784/1904/924
f 1784/1905/924 1790/1906/930 1791/1907/931 1785/1908/925
f 1785/1908/925 1791/1907/931 1786/1894/926 1780/1893/920
f 1786/1893/926 1792/1894/932 1793/1895/933 1787/1896/927
f 1787/1897/927 1793/1898/933 1794/1899/934 1788/1900/928
f 1788/1900/928 1794/1899/934 1795/1901/935 1789/1902/929
f 1789/1902/929 1795/1901/935 1796/1903/936 1790/1904/930
f 1790/1905/930 1796/1906/936 1797/1907/937 1791/1908/931
f 1791/1908/931 1797/1907/937 1792/1894/932 1786/1893/926
f 1792/1893/932 1798/1894/938 1799/1895/939 1793/1896/933
f 1793/1897/933 1799/1898/939 1800/1899/940 1794/1900/934
f 1794/1900/934 1800/1899/940 1801/1901/941 1795/1902/935
f 1795/1902/935 1801/1901/941 1802/1903/942 1796/1904/936
f 1796/1905/936 1802/1906/942 1803/1907/943 1797/1908/937
f 1797/1908/937 1803/1907/943 1798/1894/938 1792/1893/932
f 1798/1893/938 1804/1894/944 1805/1895/945 1799/1896/939
f 1799/1897/939 1805/1898/945 1806/1899/946 1800/1900/940
f 1800/1900/940 1806/1899/946 1807/1901/947 1801/1902/941
f 1801/1902/941 1807/1901/947 1808/1903/948 1802/1904/942
f 1802/1905/942 1808/1906/948 1809/1907/949 1803/1908/943
f 1803/1908/943 1809/1907/949 1804/1894/944 1798/1893/938
f 1804/1893/944 1810/1894/950 1811/1895/951 1805/1896/945
f 1805/1897/945 1811/1898/951 1812/1899/952 1806/1900/946
f 1806/1900/946 1812/1899/952 1813/1901/953 1807/1902/947
f 1807/1902/947 1813/1901/953 1814/1903/954 1808/1904/948
f 1808/1905/948 1814/1906/954 1815/1907/955 1809/1908/949
f 1809/1908/949 1815/1907/955 1810/1894/950 1804/1893/944
f 1810/1893/950 1816/1894/956 1817/1895/957 1811/1896/951
f 1811/1897/951 1817/1898/957 1818/1899/958 1812/1900/952
f 1812/1900/952 1818/1899/958 1819/1901/959 1813/1902/953
f 1813/1902/953 1819/1901/959 1820/1903/960 1814/1904/954
f 1814/1905/954 1820/1906/960 1821/1907/961 1815/1908/955
f 1815/1908/955 1821/1907/961 1816/1894/956 1810/1893/950
f 1816/1893/956 1822/1894/962 1823/1895/963 1817/1896/957
f 1817/1897/957 1823/1898/963 1824/1899/964 1818/1900/958
f 1818/1900/958 1824/1899/964 1825/1901/965 1819/1902/959
f 1819/1902/959 1825/1901/965 1826/1903/966 1820/1904/960
f 1820/1905/960 1826/1906/966 1827/1907/967 1821/1908/961
f 1821/1908/961 1827/1907/967 1822/1894/962 1816/1893/956
f 1822/1893/962 1828/1894/968 1829/1895/969 1823/1896/963
f 1823/1897/963 1829/1898/969 1830/1899/970 1824/1900/964
f 1824/1900/964 1830/1899/970 1831/1901/971 1825/1902/965
f 1825/1902/965 1831/1901/971 1832/1903/972 1826/1904/966
f 1826/1905/966 1832/1906/972 1833/1907/973 1827/1908/967
f 1827/1908/967 1833/1907/973 1828/1894/968 1822/1893/962
f 1828/1893/968 1834/1894/974 1835/1895/975 1829/1896/969
f 1829/1897/969 1835/1898/975 1836/1899/976 1830/1900/970
f 1830/1900/970 1836/1899/976 1837/1901/977 1831/1902/971
f 1831/1902/971 1837/1901/977 1838/1903/978 1832/1904/972
f 1832/1905/972 1838/1906/978 1839/1907/979 1833/1908/973
f 1833/1908/973 1839/1907/979 1834/1894/974 1828/1893/968
f 1834/1893/974 1840/1894/980 1841/1895/981 1835/1896/975
f 1835/1897/975 1841/1898/981 1842/1899/982 1836/1900/976
f 1836/1900/976 1842/1899/982 1843/1901/983 1837/1902/977
f 1837/1902/977 1843/1901/983 1844/1903/984 1838/1904/978
f 1838/1905/978 1844/1906/984 1845/1907/985 1839/1908/979
f 1839/1908/979 1845/1907/985 1840/1894/980 1834/1893/974
f 1840/1893/980 1846/1894/986 1847/1895/987 1841/1896/981
f 1841/1897/981 1847/1898/987 1848/1899/988 1842/1900/982
f 1842/1900/982 1848/1899/988 1849/1901/989 1843/1902/983
f 1843/1902/983 1849/1901/989 1850/1903/990 1844/1904/984
f 1844/1905/984 1850/1906/990 1851/1907/991 1845/1908/985
f 1845/1908/985 1851/1907/991 1846/1894/986 1840/1893/980
f 1846/1893/986 1852/1894/992 1853/1895/993 1847/1896/987
f 1847/1897/987 1853/1898/993 1854/1899/994 1848/1900/988
f 1848/1900/988 1854/1899/994 1855/1901/995 1849/1902/989
f 1849/1902/989 1855/1901/995 1856/1903/996 1850/1904/990
f 1850/1905/990 1856/1906/996 1857/1907/997 1851/1908/991
f 1851/1908/991 1857/1907/997 1852/1894/992 1846/1893/986
f 1852/1893/992 1858/1894/998 1859/1895/999 1853/1896/993
f 1853/1897/993 1859/1898/999 1860/1899/1000 1854/1900/994
f 1854/1900/994 1860/1899/1000 1861/1901/1001 1855/1902/995
f 1855/1902/995 1861/1901/1001 1862/1903/1002 1856/1904/996
f 1856/1905/996 1862/1906/1002 1863/1907/1003 1857/1908/997
f 1857/1908/997 1863/1907/1003 1858/1894/998 1852/1893/992
f 1858/1893/998 1864/1894/1004 1865/1895/1005 1859/1896/999
f 1859/1897/999 1865/1898/1005 1866/1899/1006 1860/1900/1000
f 1860/1900/1000 1866/1899/1006 1867/1901/1007 1861/1902/1001
f 1861/1902/1001 1867/1901/1007 1868/1903/1008 1862/1904/1002
f 1862/1905/1002 1868/1906/1008 1869/1907/1009 1863/1908/1003
f 1863/1908/1003 1869/1907/1009 1864/1894/1004 1858/1893/998
f 1864/1893/1004 1870/1894/1010 1871/1895/1011 1865/1896/1005
f 1865/1897/1005 1871/1898/1011 1872/1899/1012 1866/1900/1006
f 1866/1900/1006 1872/1899/1012 1873/1901/1013 1867/1902/1007
f 1867/1902/1007 1873/1901/1013 1874/1903/1014 1868/1904/1008
f 1868/1905/1008 1874/1906/1014 1875/1907/1015 1869/1908/1009
f 1869/1908/1009 1875/1907/1015 1870/1894/1010 1864/1893/1004
f 1870/1893/1010 1876/1894/1016 1877/1895/1017 1871/1896/1011
f 1871/1897/1011 1877/1898/1017 1878/1899/1018 1872/1900/1012
f 1872/1900/1012 1878/1899/1018 1879/1901/1019 1873/1902/1013
f 1873/1902/1013 1879/1901/1019 1880/1903/1020 1874/1904/1014
f 1874/1905/1014 1880/1906/1020 1881/1907/1021 1875/1908/1015
f 1875/1908/1015 1881/1907/1021 1876/1894/1016 1870/1893/1010
f 1876/1893/1016 1882/1894/1022 1883/1895/1023 1877/1896/1017
f 1877/1897/1017 1883/1898/1023 1884/1899/1024 1878/1900/1018
f 1878/1900/1018 1884/1899/1024 1885/1901/1025 1879/1902/1019
f 1879/1902/1019 1885/1901/1025 1886/1903/1026 1880/1904/1020
f 1880/1905/1020 1886/1906/1026 1887/1907/1027 1881/1908/1021
f 1881/1908/1021 1887/1907/1027 1882/1894/1022 1876/1893/1016
f 1882/1893/1022 1888/1894/1028 1889/1895/1029 1883/1896/1023
f 1883/1897/1023 1889/1898/1029 1890/1899/1030 1884/1900/1024
f 1884/1900/1024 1890/1899/1030 1891/1901/1031 1885/1902/1025
f 1885/1902/1025 1891/1901/1031 1892/1903/1032 1886/1904/1026
f 1886/1905/1026 1892/1906/1032 1893/1907/1033 1887/1908/1027
f 1887/1908/1027 1893/1907/1033 1888/1894/1028 1882/1893/1022
f 1888/1893/1028 1894/1894/1034 1895/1895/1035 1889/1896/1029
f 1889/1897/1029 1895/1898/1035 1896/1899/1036 1890/1900/1030
f 1890/1900/1030 1896/1899/1036 1897/1901/1037 1891/1902/1031
f 1891/1902/1031 1897/1901/1037 1898/1903/1038 1892/1904/1032
f 1892/1905/1032 1898/1906/1038 1899/1907/1039 1893/1908/1033
f 1893/1908/1033 1899/1907/1039 1894/1894/1034 1888/1893/1028
f 1894/1893/1034 1900/1894/1040 1901/1895/1041 1895/1896/1035
f 1895/1897/1035 1901/1898/1041 1902/1899/1042 1896/1900/1036
f 1896/1900/1036 1902/1899/1042 1903/1901/1043 1897/1902/1037
f 1897/1902/1037 1903/1901/1043 1904/1903/1044 1898/1904/1038
f 1898/1905/1038 1904/1906/1044 1905/1907/1045 1899/1908/1039
f 1899/1908/1039 1905/1907/1045 1900/1894/1040 1894/1893/1034
f 1900/1893/1040 1906/1894/1046 1907/1895/1047 1901/1896/1041
f 1901/1897/1041 1907/1898/1047 1908/1899/1048 1902/1900/1042
f 1902/1900/1042 1908/1899/1048 1909/1901/1049 1903/1902/1043
f 1903/1902/1043 1909/1901/1049 1910/1903/1050 1904/1904/1044
f 1904/1905/1044 1910/1906/1050 1911/1907/1051 1905/1908/1045
f 1905/1908/1045 1911/1907/1051 1906/1894/1046 1900/1893/1040
o Cylinder.024
v 24.335892 4.596837 -1.971267
v 23.884920 4.550230 -1.982514
v 24.342806 4.545875 -2.000565
v 23.889395 4.499021 -2.011854
v 24.345629 4.545875 -2.059686
v 23.888714 4.498665 -2.071038
v 24.341536 4.596837 -2.089509
v 23.883558 4.549519 -2.100881
v 24.334621 4.647798 -2.060211
v 23.879084 4.600728 -2.071540
v 24.331799 4.647798 -2.001091
v 23.879765 4.601083 -2.012357
v 23.435135 4.517529 -1.952827
v 23.434767 4.465957 -1.981870
v 23.429184 4.465213 -2.040789
v 23.423967 4.516041 -2.070666
v 23.424335 4.567612 -2.041623
v 23.429918 4.568357 -1.982703
v 22.968758 4.508030 -1.940669
v 22.971323 4.456481 -1.969643
v 22.976088 4.455896 -2.028636
v 22.978285 4.506860 -2.058656
v 22.975719 4.558408 -2.029683
v 22.970957 4.558993 -1.970689
v 22.518684 4.505507 -1.979269
v 22.518982 4.453940 -2.008320
v 22.518673 4.453312 -2.067504
v 22.518066 4.504251 -2.097638
v 22.517769 4.555820 -2.068587
v 22.518078 4.556448 -2.009403
v 22.091475 4.500429 -1.900692
v 22.082254 4.448749 -1.928030
v 22.061987 4.447885 -1.983634
v 22.050940 4.498702 -2.011899
v 22.060160 4.550382 -1.984560
v 22.080427 4.551246 -1.928957
v 21.690914 4.494140 -1.704059
v 21.677204 4.442390 -1.729303
v 21.647678 4.441382 -1.780592
v 21.631865 4.492126 -1.806637
v 21.645575 4.543875 -1.781393
v 21.675098 4.544882 -1.730104
v 21.297232 4.488280 -1.472299
v 21.283321 4.436527 -1.497427
v 21.253628 4.435516 -1.548617
v 21.237841 4.486259 -1.574679
v 21.251749 4.538012 -1.549551
v 21.281445 4.539023 -1.498361
v 20.900507 4.484309 -1.245673
v 20.886274 4.432554 -1.270615
v 20.856438 4.431544 -1.321723
v 20.840836 4.482290 -1.347890
v 20.855068 4.534045 -1.322948
v 20.884903 4.535055 -1.271840
v 20.534630 4.483720 -0.993598
v 20.515339 4.431963 -1.014867
v 20.475836 4.430951 -1.058932
v 20.455624 4.481696 -1.081729
v 20.474915 4.533453 -1.060460
v 20.514418 4.534465 -1.016395
v 20.265545 4.486724 -0.651062
v 20.240181 4.435032 -0.664769
v 20.188591 4.434149 -0.693767
v 20.162363 4.484959 -0.709059
v 20.187727 4.536651 -0.695352
v 20.239317 4.537534 -0.666353
vn -0.0250 0.0010 0.9997
vn 0.0205 0.0020 0.9998
vn 0.0768 -0.8637 0.4981
vn 0.0862 -0.8667 0.4913
vn 0.1013 -0.8598 -0.5005
vn 0.0656 -0.8612 -0.5040
vn 0.0252 -0.0040 -0.9997
vn -0.0194 -0.0114 -0.9997
vn -0.0758 0.8567 -0.5102
vn -0.0858 0.8517 -0.5169
vn -0.1017 0.8653 0.4909
vn -0.0666 0.8712 0.4865
vn 0.0462 0.0022 0.9989
vn 0.0636 -0.8590 0.5081
vn 0.0178 -0.8746 -0.4845
vn -0.0450 -0.0188 -0.9988
vn -0.0633 0.8601 -0.5061
vn -0.0177 0.8652 0.5011
vn -0.0306 0.0075 0.9995
vn -0.0041 -0.8535 0.5210
vn 0.0259 -0.8790 -0.4761
vn 0.0282 -0.0126 -0.9995
vn 0.0032 0.8678 -0.4969
vn -0.0255 0.8627 0.5051
vn 0.0500 0.0126 0.9987
vn 0.0299 -0.8789 0.4761
vn -0.0189 -0.8531 -0.5214
vn -0.0467 -0.0096 -0.9989
vn -0.0344 0.8423 -0.5380
vn 0.0134 0.8897 0.4563
vn 0.3120 0.0152 0.9499
vn 0.1615 -0.8778 0.4509
vn -0.1514 -0.8543 -0.4973
vn -0.3142 -0.0132 -0.9493
vn -0.1797 0.8398 -0.5123
vn 0.1316 0.8915 0.4334
vn 0.4737 0.0166 0.8805
vn 0.2501 -0.8628 0.4394
vn -0.2241 -0.8689 -0.4414
vn -0.4740 -0.0166 -0.8804
vn -0.2581 0.8520 -0.4556
vn 0.2157 0.8791 0.4250
vn 0.5015 0.0164 0.8650
vn 0.2668 -0.8566 0.4417
vn -0.2343 -0.8754 -0.4228
vn -0.5014 -0.0178 -0.8650
vn -0.2656 0.8581 -0.4396
vn 0.2362 0.8733 0.4260
vn 0.5325 0.0163 0.8463
vn 0.2720 -0.8633 0.4250
vn -0.2602 -0.8688 -0.4212
vn -0.5321 -0.0181 -0.8465
vn -0.2838 0.8508 -0.4424
vn 0.2492 0.8797 0.4049
vn 0.6855 0.0165 0.7279
vn 0.3244 -0.8789 0.3496
vn -0.3577 -0.8547 -0.3761
vn -0.6840 -0.0175 -0.7293
vn -0.3742 0.8363 -0.4008
vn 0.3076 0.8945 0.3245
vn 0.7863 0.0162 0.6177
vn 0.3740 -0.8770 0.3015
vn -0.4172 -0.8503 -0.3208
vn -0.7859 -0.0162 -0.6182
vn -0.4314 0.8328 -0.3467
vn 0.3590 0.8921 0.2743
vt 0.220275 0.382123
vt 0.220275 0.708651
vt 0.199133 0.708651
vt 0.199133 0.382123
vt 0.284659 0.708651
vt 0.284659 0.382123
vt 0.305801 0.382123
vt 0.305801 0.708651
vt 0.348085 0.382123
vt 0.348085 0.708651
vt 0.369226 0.382123
vt 0.369226 0.708651
vt 0.283700 0.382123
vt 0.283700 0.708651
vt 0.262558 0.708651
vt 0.262558 0.382123
s 1
usemtl Pipes
f 1912/1909/1052 1913/1910/1053 1915/1911/1055 1914/1912/1054
f 1914/1913/1054 1915/1914/1055 1917/1915/1057 1916/1916/1056
f 1916/1916/1056 1917/1915/1057 1919/1917/1059 1918/1918/1058
f 1918/1918/1058 1919/1917/1059 1921/1919/1061 1920/1920/1060
f 1920/1921/1060 1921/1922/1061 1923/1923/1063 1922/1924/1062
f 1922/1924/1062 1923/1923/1063 1913/1910/1053 1912/1909/1052
f 1913/1909/1053 1924/1910/1064 1925/1911/1065 1915/1912/1055
f 1915/1913/1055 1925/1914/1065 1926/1915/1066 1917/1916/1057
f 1917/1916/1057 1926/1915/1066 1927/1917/1067 1919/1918/1059
f 1919/1918/1059 1927/1917/1067 1928/1919/1068 1921/1920/1061
f 1921/1921/1061 1928/1922/1068 1929/1923/1069 1923/1924/1063
f 1923/1924/1063 1929/1923/1069 1924/1910/1064 1913/1909/1053
f 1924/1909/1064 1930/1910/1070 1931/1911/1071 1925/1912/1065
f 1925/1913/1065 1931/1914/1071 1932/1915/1072 1926/1916/1066
f 1926/1916/1066 1932/1915/1072 1933/1917/1073 1927/1918/1067
f 1927/1918/1067 1933/1917/1073 1934/1919/1074 1928/1920/1068
f 1928/1921/1068 1934/1922/1074 1935/1923/1075 1929/1924/1069
f 1929/1924/1069 1935/1923/1075 1930/1910/1070 1924/1909/1064
f 1930/1909/1070 1936/1910/1076 1937/1911/1077 1931/1912/1071
f 1931/1913/1071 1937/1914/1077 1938/1915/1078 1932/1916/1072
f 1932/1916/1072 1938/1915/1078 1939/1917/1079 1933/1918/1073
f 1933/1918/1073 1939/1917/1079 1940/1919/1080 1934/1920/1074
f 1934/1921/1074 1940/1922/1080 1941/1923/1081 1935/1924/1075
f 1935/1924/1075 1941/1923/1081 1936/1910/1076 1930/1909/1070
f 1936/1909/1076 1942/1910/1082 1943/1911/1083 1937/1912/1077
f 1937/1913/1077 1943/1914/1083 1944/1915/1084 1938/1916/1078
f 1938/1916/1078 1944/1915/1084 1945/1917/1085 1939/1918/1079
f 1939/1918/1079 1945/1917/1085 1946/1919/1086 1940/1920/1080
f 1940/1921/1080 1946/1922/1086 1947/1923/1087 1941/1924/1081
f 1941/1924/1081 1947/1923/1087 1942/1910/1082 1936/1909/1076
f 1942/1909/1082 1948/1910/1088 1949/1911/1089 1943/1912/1083
f 1943/1913/1083 1949/1914/1089 1950/1915/1090 1944/1916/1084
f 1944/1916/1084 1950/1915/1090 1951/1917/1091 1945/1918/1085
f 1945/1918/1085 1951/1917/1091 1952/1919/1092 1946/1920/1086
f 1946/1921/1086 1952/1922/1092 1953/1923/1093 1947/1924/1087
f 1947/1924/1087 1953/1923/1093 1948/1910/1088 1942/1909/1082
f 1948/1909/1088 1954/1910/1094 1955/1911/1095 1949/1912/1089
f 1949/1913/1089 1955/1914/1095 1956/1915/1096 1950/1916/1090
f 1950/1916/1090 1956/1915/1096 1957/1917/1097 1951/1918/1091
f 1951/1918/1091 1957/1917/1097 1958/1919/1098 1952/1920/1092
f 1952/1921/1092 1958/1922/1098 1959/1923/1099 1953/1924/1093
f 1953/1924/1093 1959/1923/1099 1954/1910/1094 1948/1909/1088
f 1954/1909/1094 1960/1910/1100 1961/1911/1101 1955/1912/1095
f 1955/1913/1095 1961/1914/1101 1962/1915/1102 1956/1916/1096
f 1956/1916/1096 1962/1915/1102 1963/1917/1103 1957/1918/1097
f 1957/1918/1097 1963/1917/1103 1964/1919/1104 1958/1920/1098
f 1958/1921/1098 1964/1922/1104 1965/1923/1105 1959/1924/1099
f 1959/1924/1099 1965/1923/1105 1960/1910/1100 1954/1909/1094
f 1960/1909/1100 1966/1910/1106 1967/1911/1107 1961/1912/1101
f 1961/1913/1101 1967/1914/1107 1968/1915/1108 1962/1916/1102
f 1962/1916/1102 1968/1915/1108 1969/1917/1109 1963/1918/1103
f 1963/1918/1103 1969/1917/1109 1970/1919/1110 1964/1920/1104
f 1964/1921/1104 1970/1922/1110 1971/1923/1111 1965/1924/1105
f 1965/1924/1105 1971/1923/1111 1966/1910/1106 1960/1909/1100
f 1966/1909/1106 1972/1910/1112 1973/1911/1113 1967/1912/1107
f 1967/1913/1107 1973/1914/1113 1974/1915/1114 1968/1916/1108
f 1968/1916/1108 1974/1915/1114 1975/1917/1115 1969/1918/1109
f 1969/1918/1109 1975/1917/1115 1976/1919/1116 1970/1920/1110
f 1970/1921/1110 1976/1922/1116 1977/1923/1117 1971/1924/1111
f 1971/1924/1111 1977/1923/1117 1972/1910/1112 1966/1909/1106
o Cylinder.027
v 26.500780 5.663795 -1.758058
v 26.500780 5.676810 -1.823493
v 26.500780 5.713877 -1.878967
v 26.500780 5.769350 -1.916033
v 26.500780 5.834785 -1.929049
v 26.500780 5.900221 -1.916033
v 26.500780 5.955695 -1.878967
v 26.500780 5.992761 -1.823493
v 26.500780 6.005776 -1.758058
v 26.500780 5.992761 -1.692622
v 26.500780 5.955695 -1.637149
v 26.500780 5.900221 -1.600082
v 26.500780 5.834785 -1.587066
v 26.500780 5.769350 -1.600082
v 26.500780 5.713877 -1.637149
v 26.500780 5.676810 -1.692622
v 26.555902 5.663795 -1.758058
v 26.555902 5.676810 -1.823493
v 26.555902 5.713877 -1.878967
v 26.555902 5.769350 -1.916033
v 26.555902 5.834785 -1.929049
v 26.555902 5.900221 -1.916033
v 26.555902 5.955695 -1.878967
v 26.555902 5.992761 -1.823493
v 26.555902 6.005776 -1.758058
v 26.555902 5.992761 -1.692622
v 26.555902 5.955695 -1.637149
v 26.555902 5.900221 -1.600082
v 26.555902 5.834785 -1.587066
v 26.555902 5.769350 -1.600082
v 26.555902 5.713877 -1.637149
v 26.555902 5.676810 -1.692622
v 26.555902 5.663795 -1.758058
v 26.555902 5.676810 -1.823493
v 26.555902 5.713877 -1.878967
v 26.555902 5.769350 -1.916033
v 26.555902 5.834785 -1.929049
v 26.555902 5.900221 -1.916033
v 26.555902 5.955695 -1.878967
v 26.555902 5.992761 -1.823493
v 26.555902 6.005776 -1.758058
v 26.555902 5.992761 -1.692622
v 26.555902 5.955695 -1.637149
v 26.555902 5.900221 -1.600082
v 26.555902 5.834785 -1.587066
v 26.555902 5.769350 -1.600082
v 26.555902 5.713877 -1.637149
v 26.555902 5.676810 -1.692622
v 26.555902 5.650344 -1.758058
v 26.555902 5.664383 -1.828640
v 26.555902 5.704366 -1.888478
v 26.555902 5.764203 -1.928460
v 26.555902 5.834785 -1.942499
v 26.555902 5.905368 -1.928460
v 26.555902 5.965206 -1.888478
v 26.555902 6.005188 -1.828640
v 26.555902 6.019227 -1.758058
v 26.555902 6.005188 -1.687475
v 26.555902 5.965206 -1.627638
v 26.555902 5.905368 -1.587656
v 26.555902 5.834785 -1.573616
v 26.555902 5.764203 -1.587656
v 26.555902 5.704366 -1.627638
v 26.555902 5.664383 -1.687475
v 26.589598 5.677063 -1.758058
v 26.589598 5.689069 -1.818415
v 26.589598 5.723259 -1.869584
v 26.589598 5.774428 -1.903774
v 26.589598 5.834785 -1.915780
v 26.589598 5.895143 -1.903774
v 26.589598 5.946312 -1.869584
v 26.589598 5.980502 -1.818415
v 26.589598 5.992508 -1.758058
v 26.589598 5.980502 -1.697700
v 26.589598 5.946312 -1.646531
v 26.589598 5.895143 -1.612341
v 26.589598 5.834785 -1.600335
v 26.589598 5.774428 -1.612341
v 26.589598 5.723259 -1.646531
v 26.589598 5.689069 -1.697700
v 26.589598 5.650344 -1.758058
v 26.589598 5.664383 -1.828640
v 26.589598 5.704366 -1.888478
v 26.589598 5.764203 -1.928460
v 26.589598 5.834785 -1.942499
v 26.589598 5.905368 -1.928460
v 26.589598 5.965206 -1.888478
v 26.589598 6.005188 -1.828640
v 26.589598 6.019227 -1.758058
v 26.589598 6.005188 -1.687475
v 26.589598 5.965206 -1.627638
v 26.589598 5.905368 -1.587656
v 26.589598 5.834785 -1.573616
v 26.589598 5.764203 -1.587656
v 26.589598 5.704366 -1.627638
v 26.589598 5.664383 -1.687475
v 26.728745 5.677063 -1.758058
v 26.728745 5.689069 -1.818415
v 26.728745 5.723259 -1.869584
v 26.728745 5.774428 -1.903774
v 26.728745 5.834785 -1.915780
v 26.728745 5.895143 -1.903774
v 26.728745 5.946312 -1.869584
v 26.728745 5.980502 -1.818415
v 26.728745 5.992508 -1.758058
v 26.728745 5.980502 -1.697700
v 26.728745 5.946312 -1.646531
v 26.728745 5.895143 -1.612341
v 26.728745 5.834785 -1.600335
v 26.728745 5.774428 -1.612341
v 26.728745 5.723259 -1.646531
v 26.728745 5.689069 -1.697700
v 26.754019 5.673648 -1.758058
v 26.757126 5.685246 -1.818415
v 26.765976 5.718270 -1.869584
v 26.779219 5.767695 -1.903774
v 26.794840 5.825997 -1.915780
v 26.810463 5.884298 -1.903774
v 26.823706 5.933723 -1.869584
v 26.832554 5.966748 -1.818415
v 26.835663 5.978345 -1.758058
v 26.832554 5.966748 -1.697700
v 26.823706 5.933723 -1.646531
v 26.810463 5.884298 -1.612341
v 26.794840 5.825997 -1.600335
v 26.779219 5.767695 -1.612341
v 26.765976 5.718270 -1.646531
v 26.757126 5.685246 -1.697700
v 26.777550 5.663809 -1.758058
v 26.783552 5.674206 -1.818415
v 26.800648 5.703815 -1.869584
v 26.826231 5.748129 -1.903774
v 26.856411 5.800400 -1.915780
v 26.886589 5.852672 -1.903774
v 26.912174 5.896985 -1.869584
v 26.929268 5.926594 -1.818415
v 26.935272 5.936992 -1.758058
v 26.929268 5.926594 -1.697700
v 26.912174 5.896985 -1.646531
v 26.886589 5.852672 -1.612341
v 26.856411 5.800400 -1.600335
v 26.826231 5.748129 -1.612341
v 26.800648 5.703815 -1.646531
v 26.783552 5.674206 -1.697700
v 26.797729 5.648214 -1.758058
v 26.806219 5.656703 -1.818415
v 26.830397 5.680880 -1.869584
v 26.866577 5.717061 -1.903774
v 26.909258 5.759741 -1.915780
v 26.951937 5.802420 -1.903774
v 26.988117 5.838602 -1.869584
v 27.012295 5.862778 -1.818415
v 27.020784 5.871267 -1.758058
v 27.012295 5.862778 -1.697700
v 26.988117 5.838602 -1.646531
v 26.951937 5.802420 -1.612341
v 26.909258 5.759741 -1.600335
v 26.866577 5.717061 -1.612341
v 26.830397 5.680880 -1.646531
v 26.806219 5.656703 -1.697700
v 26.813189 5.627927 -1.758058
v 26.823586 5.633930 -1.818415
v 26.853195 5.651025 -1.869584
v 26.897509 5.676610 -1.903774
v 26.949780 5.706789 -1.915780
v 27.002050 5.736968 -1.903774
v 27.046364 5.762552 -1.869584
v 27.075974 5.779647 -1.818415
v 27.086370 5.785650 -1.758058
v 27.075974 5.779647 -1.697700
v 27.046364 5.762552 -1.646531
v 27.002050 5.736968 -1.612341
v 26.949780 5.706789 -1.600335
v 26.897509 5.676610 -1.612341
v 26.853195 5.651025 -1.646531
v 26.823586 5.633930 -1.697700
v 26.822868 5.604331 -1.758058
v 26.834465 5.607439 -1.818415
v 26.867491 5.616288 -1.869584
v 26.916916 5.629531 -1.903774
v 26.975216 5.645153 -1.915780
v 27.033518 5.660775 -1.903774
v 27.082943 5.674018 -1.869584
v 27.115967 5.682867 -1.818415
v 27.127565 5.685975 -1.758058
v 27.115969 5.682867 -1.697700
v 27.082943 5.674018 -1.646531
v 27.033518 5.660775 -1.612341
v 26.975216 5.645153 -1.600335
v 26.916916 5.629531 -1.612341
v 26.867491 5.616288 -1.646531
v 26.834465 5.607439 -1.697700
v 26.826113 5.579034 -1.758058
v 26.838118 5.579034 -1.818415
v 26.872307 5.579034 -1.869584
v 26.923477 5.579034 -1.903774
v 26.983835 5.579034 -1.915780
v 27.044191 5.579034 -1.903774
v 27.095360 5.579034 -1.869584
v 27.129551 5.579034 -1.818415
v 27.141556 5.579034 -1.758058
v 27.129551 5.579034 -1.697700
v 27.095360 5.579034 -1.646531
v 27.044191 5.579034 -1.612341
v 26.983835 5.579034 -1.600335
v 26.923477 5.579034 -1.612341
v 26.872307 5.579034 -1.646531
v 26.838118 5.579034 -1.697700
v 27.095362 4.747853 -1.869584
v 27.095362 4.881444 -1.869584
v 27.044191 4.881444 -1.903774
v 27.044191 4.747853 -1.903774
v 26.872309 4.747853 -1.646531
v 26.872309 4.881444 -1.646531
v 26.923477 4.881444 -1.612341
v 26.923477 4.747853 -1.612341
v 27.129551 4.747853 -1.818415
v 27.129551 4.881444 -1.818415
v 26.838118 4.747853 -1.697700
v 26.838118 4.881444 -1.697700
v 27.141558 4.747853 -1.758058
v 27.141558 4.881444 -1.758058
v 26.838118 4.747853 -1.818415
v 26.838118 4.881444 -1.818415
v 26.826113 4.881444 -1.758058
v 26.826113 4.747853 -1.758058
v 27.129551 4.747853 -1.697700
v 27.129551 4.881444 -1.697700
v 26.872309 4.747853 -1.869584
v 26.872309 4.881444 -1.869584
v 27.095362 4.747853 -1.646531
v 27.095362 4.881444 -1.646531
v 26.923477 4.747853 -1.903774
v 26.923477 4.881444 -1.903774
v 27.044191 4.747853 -1.612341
v 27.044191 4.881444 -1.612341
v 26.983835 4.747853 -1.915780
v 26.983835 4.881444 -1.915780
v 26.983835 4.747853 -1.600335
v 26.983835 4.881444 -1.600335
v 27.095362 4.518214 -1.869584
v 27.129551 4.518214 -1.818415
v 27.044191 4.518214 -1.903774
v 26.983835 4.518214 -1.915780
v 26.872309 4.518214 -1.646531
v 26.838118 4.518214 -1.697700
v 26.923477 4.518214 -1.612341
v 26.983835 4.518214 -1.600335
v 27.141558 4.518214 -1.758058
v 26.826113 4.518214 -1.758058
v 27.129551 4.518214 -1.697700
v 26.838118 4.518214 -1.818415
v 26.872309 4.518214 -1.869584
v 27.095362 4.518214 -1.646531
v 26.923477 4.518214 -1.903774
v 27.044191 4.518214 -1.612341
vn -0.0000 0.9239 -0.3827
vn -0.0000 1.0000 -0.0000
vn -1.0000 -0.0000 -0.0000
vn -0.0000 -1.0000 -0.0000
vn -0.0000 -0.9239 -0.3827
vn -0.0000 -0.9239 0.3827
vn -0.0000 0.9239 0.3827
vn -0.0000 -0.7071 -0.7071
vn -0.0000 0.7071 0.7071
vn -0.0000 -0.3827 -0.9239
vn -0.0000 0.3827 0.9239
vn -0.0000 -0.0000 -1.0000
vn -0.0000 -0.0000 1.0000
vn -0.0000 0.3827 -0.9239
vn -0.0000 -0.3827 0.9239
vn -0.0000 0.7071 -0.7071
vn -0.0000 -0.7071 0.7071
vn -0.0621 -0.9208 -0.3850
vn -0.0676 -0.9977 -0.0000
vn 1.0000 -0.0000 -0.0000
vn -0.0469 -0.7021 0.7106
vn -0.1824 -0.6746 0.7153
vn -0.0960 -0.3559 0.9296
vn -0.0246 -0.3754 0.9265
vn -0.0621 -0.9208 0.3850
vn 0.0606 0.9233 0.3792
vn 0.0653 0.9979 -0.0000
vn -0.0469 -0.7021 -0.7106
vn 0.0470 0.7103 0.7024
vn -0.0246 -0.3754 -0.9265
vn 0.0262 0.3894 0.9207
vn 0.0011 0.0082 -1.0000
vn 0.0011 0.0082 1.0000
vn 0.0262 0.3894 -0.9207
vn 0.0470 0.7103 -0.7024
vn 0.0606 0.9233 -0.3792
vn 0.0042 0.0157 -0.9999
vn -0.0960 -0.3559 -0.9296
vn 0.2405 0.8944 -0.3771
vn 0.1857 0.6905 -0.6991
vn -0.2411 -0.8893 0.3885
vn 0.2596 0.9657 -0.0000
vn -0.2619 -0.9651 -0.0000
vn 0.2405 0.8944 0.3771
vn -0.1824 -0.6746 -0.7153
vn -0.2411 -0.8893 -0.3885
vn -0.4631 -0.7966 -0.3885
vn -0.5028 -0.8644 -0.0000
vn 0.1857 0.6905 0.6991
vn 0.1030 0.3828 0.9181
vn 0.0042 0.0157 0.9999
vn 0.1030 0.3828 -0.9181
vn 0.4638 0.8017 0.3771
vn 0.5007 0.8656 -0.0000
vn -0.3508 -0.6044 0.7153
vn -0.1849 -0.3189 0.9296
vn -0.3508 -0.6044 -0.7153
vn -0.6535 -0.6496 -0.3885
vn -0.7094 -0.7048 -0.0000
vn 0.3581 0.6189 0.6991
vn -0.1849 -0.3189 -0.9296
vn 0.1985 0.3431 0.9181
vn 0.0081 0.0141 -0.9999
vn 0.0081 0.0141 0.9999
vn 0.1985 0.3431 -0.9181
vn 0.3581 0.6189 -0.6991
vn 0.4638 0.8017 -0.3771
vn -0.4631 -0.7966 0.3885
vn 0.0115 0.0115 -0.9999
vn -0.2611 -0.2602 -0.9296
vn 0.6555 0.6544 0.3771
vn 0.7077 0.7065 -0.0000
vn 0.0115 0.0115 0.9999
vn 0.2806 0.2800 0.9181
vn 0.2806 0.2800 -0.9181
vn -0.2611 -0.2602 0.9296
vn 0.5061 0.5052 -0.6991
vn -0.4953 -0.4930 0.7153
vn 0.6555 0.6544 -0.3771
vn -0.6535 -0.6496 0.3885
vn -0.4953 -0.4930 -0.7153
vn -0.7993 -0.4584 -0.3885
vn -0.8676 -0.4972 -0.0000
vn 0.5061 0.5052 0.6991
vn -0.6060 -0.3480 0.7153
vn -0.3196 -0.1838 0.9296
vn 0.0141 0.0081 0.9999
vn 0.3435 0.1978 0.9181
vn 0.8025 0.4624 -0.3771
vn 0.6196 0.3570 -0.6991
vn -0.7993 -0.4584 0.3885
vn 0.8664 0.4993 -0.0000
vn 0.8025 0.4624 0.3771
vn -0.6060 -0.3480 -0.7153
vn -0.8907 -0.2359 -0.3885
vn -0.9668 -0.2557 -0.0000
vn 0.6196 0.3570 0.6991
vn -0.3196 -0.1838 -0.9296
vn 0.0141 0.0081 -0.9999
vn 0.3435 0.1978 -0.9181
vn -0.6754 -0.1793 -0.7153
vn 0.8948 0.2390 -0.3771
vn 0.6908 0.1844 -0.6991
vn -0.9211 -0.0594 -0.3848
vn -0.9979 -0.0643 -0.0000
vn 0.6908 0.1844 0.6991
vn 0.8948 0.2390 0.3771
vn -0.3563 -0.0948 -0.9296
vn 0.3830 0.1022 0.9181
vn 0.0157 0.0042 -0.9999
vn 0.0157 0.0042 0.9999
vn 0.3830 0.1022 -0.9181
vn -0.3563 -0.0948 0.9296
vn -0.6754 -0.1793 0.7153
vn -0.8907 -0.2359 0.3885
vn 0.9661 0.2580 -0.0000
vn 0.0080 0.0011 1.0000
vn 0.3894 0.0258 0.9207
vn -0.7024 -0.0453 -0.7104
vn 0.3894 0.0258 -0.9207
vn 0.0080 0.0011 -1.0000
vn -0.3757 -0.0240 0.9264
vn 0.7103 0.0463 -0.7024
vn -0.7024 -0.0453 0.7104
vn 0.9234 0.0598 -0.3792
vn -0.9211 -0.0594 0.3848
vn 0.9979 0.0645 -0.0000
vn 0.9234 0.0598 0.3792
vn 0.7103 0.0463 0.7024
vn -0.3757 -0.0240 -0.9264
vn -0.3827 -0.0000 0.9239
vn 0.3827 -0.0000 -0.9239
vn 0.3827 -0.0000 0.9239
vn -0.3827 -0.0000 -0.9239
vn 0.7071 -0.0000 0.7071
vn -0.7071 -0.0000 -0.7071
vn 0.9239 -0.0000 0.3827
vn -0.9239 -0.0000 -0.3827
vn -0.9239 -0.0000 0.3827
vn 0.9239 -0.0000 -0.3827
vn -0.7071 -0.0000 0.7071
vn 0.7071 -0.0000 -0.7071
vt 0.121571 0.621245
vt 0.107840 0.622146
vt 0.107055 0.610980
vt 0.119849 0.610227
vt 0.081263 0.609000
vt 0.068439 0.606411
vt 0.068443 0.606396
vt 0.081266 0.608986
vt 0.211187 0.593265
vt 0.198768 0.597982
vt 0.194269 0.588009
vt 0.207291 0.583005
vt 0.014001 0.599845
vt 0.000058 0.594639
vt 0.004639 0.582813
vt 0.018042 0.588418
vt 0.093961 0.621825
vt 0.094153 0.610565
vt 0.186654 0.602966
vt 0.182066 0.592933
vt 0.080118 0.620268
vt 0.174215 0.607898
vt 0.169818 0.597709
vt 0.066438 0.617600
vt 0.161466 0.612407
vt 0.157496 0.602006
vt 0.052989 0.613963
vt 0.055712 0.602893
vt 0.148434 0.616278
vt 0.145088 0.605680
vt 0.039826 0.609560
vt 0.043078 0.598583
vt 0.135104 0.619265
vt 0.132518 0.608447
vt 0.026923 0.604726
vt 0.030491 0.593689
vt 0.207285 0.582989
vt 0.194264 0.587995
vt 0.193234 0.585431
vt 0.206711 0.579985
vt 0.157492 0.601992
vt 0.169813 0.597695
vt 0.055717 0.602879
vt 0.145084 0.605666
vt 0.043083 0.598568
vt 0.132515 0.608432
vt 0.030497 0.593674
vt 0.119847 0.610213
vt 0.018048 0.588404
vt 0.107055 0.610965
vt 0.004645 0.582798
vt 0.094154 0.610550
vt 0.182060 0.592919
vt 0.144411 0.603110
vt 0.132044 0.605855
vt 0.130778 0.600013
vt 0.142730 0.597319
vt 0.005295 0.579823
vt 0.019110 0.585839
vt 0.094345 0.607907
vt 0.107014 0.608332
vt 0.181039 0.590408
vt 0.081682 0.606345
vt 0.168861 0.595180
vt 0.069059 0.603772
vt 0.156654 0.599451
vt 0.056509 0.600273
vt 0.044016 0.595971
vt 0.031532 0.591093
vt 0.119588 0.607583
vt 0.200015 0.568663
vt 0.188409 0.574845
vt 0.175831 0.547345
vt 0.187438 0.542171
vt 0.033840 0.585049
vt 0.046090 0.589919
vt 0.118857 0.601574
vt 0.021606 0.579721
vt 0.106806 0.602370
vt 0.190568 0.579472
vt 0.203671 0.573254
vt 0.008732 0.573030
vt 0.094649 0.601900
vt 0.178524 0.584597
vt 0.082529 0.600283
vt 0.166504 0.589437
vt 0.070369 0.597734
vt 0.154568 0.593605
vt 0.058229 0.594260
vt 0.176499 0.579831
vt 0.164565 0.584418
vt 0.153068 0.589176
vt 0.141421 0.592366
vt 0.129936 0.595360
vt 0.118445 0.597113
vt 0.106783 0.597365
vt 0.095092 0.597168
vt 0.083439 0.595509
vt 0.071638 0.592986
vt 0.059840 0.589534
vt 0.048023 0.585116
vt 0.035939 0.580244
vt 0.023900 0.575032
vt 0.012215 0.568869
vt 0.048521 0.553374
vt 0.051748 0.546400
vt 0.063030 0.550586
vt 0.059160 0.559305
vt 0.025481 0.542046
vt 0.037203 0.547377
vt 0.097616 0.573100
vt 0.106701 0.573661
vt 0.164625 0.553294
vt 0.088363 0.571473
vt 0.153993 0.559224
vt 0.079001 0.568544
vt 0.143936 0.564375
vt 0.069347 0.564473
vt 0.134287 0.568435
vt 0.124915 0.571326
vt 0.115793 0.573152
vt 0.139990 0.553856
vt 0.150165 0.550548
vt 0.114396 0.558850
vt 0.122348 0.557885
vt 0.039630 0.541752
vt 0.106672 0.559219
vt 0.027548 0.537241
vt 0.098937 0.558869
vt 0.161405 0.546371
vt 0.173439 0.541772
vt 0.171546 0.535934
vt 0.183797 0.532510
vt 0.185437 0.537389
vt 0.090955 0.557926
vt 0.082490 0.556310
vt 0.073266 0.553909
vt 0.130794 0.556261
vt 0.099643 0.546344
vt 0.106660 0.546554
vt 0.054053 0.539130
vt 0.065541 0.541761
vt 0.159114 0.539144
vt 0.170218 0.529976
vt 0.182541 0.527576
vt 0.092346 0.545833
vt 0.147672 0.541761
vt 0.084461 0.544976
vt 0.137618 0.543661
vt 0.075638 0.543672
vt 0.128822 0.544964
vt 0.120955 0.545822
vt 0.113672 0.546337
vt 0.041555 0.535874
vt 0.029243 0.532345
vt 0.136416 0.533751
vt 0.146305 0.533013
vt 0.099973 0.534706
vt 0.106660 0.534818
vt 0.076848 0.533727
vt 0.085415 0.534194
vt 0.127876 0.534210
vt 0.066921 0.532979
vt 0.120309 0.534512
vt 0.055471 0.531757
vt 0.113344 0.534711
vt 0.042912 0.529885
vt 0.030543 0.527398
vt 0.157711 0.531807
vt 0.169466 0.524029
vt 0.181670 0.522644
vt 0.092998 0.534502
vt 0.056033 0.524427
vt 0.067276 0.524300
vt 0.077052 0.523960
vt 0.085525 0.523652
vt 0.113334 0.523395
vt 0.120269 0.523486
vt 0.043688 0.523914
vt 0.106669 0.523405
vt 0.031451 0.522457
vt 0.100001 0.523381
vt 0.157162 0.524508
vt 0.169278 0.518222
vt 0.181164 0.517772
vt 0.093056 0.523457
vt 0.145959 0.524368
vt 0.136224 0.524017
vt 0.127782 0.523696
vt 0.157460 0.517380
vt 0.113669 0.511865
vt 0.120878 0.512318
vt 0.169623 0.512683
vt 0.180969 0.512996
vt 0.092480 0.512267
vt 0.099702 0.511841
vt 0.146645 0.515871
vt 0.084754 0.513062
vt 0.137072 0.514349
vt 0.076222 0.514252
vt 0.128585 0.513139
vt 0.066592 0.515768
vt 0.055744 0.517273
vt 0.043897 0.518088
vt 0.106687 0.511753
vt 0.031989 0.517578
vt 0.074125 0.504536
vt 0.082825 0.502143
vt 0.158630 0.510586
vt 0.130569 0.502262
vt 0.139193 0.504693
vt 0.064728 0.507488
vt 0.122380 0.500532
vt 0.054575 0.510458
vt 0.114509 0.499462
vt 0.043569 0.512538
vt 0.106715 0.499059
vt 0.032212 0.512797
vt 0.098923 0.499437
vt 0.091025 0.500442
vt 0.148491 0.507628
vt 0.056544 0.374047
vt 0.066612 0.373825
vt 0.067131 0.395564
vt 0.057140 0.395874
vt 0.136743 0.373610
vt 0.146799 0.373787
vt 0.146293 0.395545
vt 0.136343 0.395281
vt 0.076653 0.373639
vt 0.077057 0.395291
vt 0.156883 0.374003
vt 0.156302 0.395852
vt 0.086674 0.373495
vt 0.086954 0.395093
vt 0.167002 0.374244
vt 0.166360 0.396202
vt 0.096683 0.373407
vt 0.096822 0.394957
vt 0.177156 0.374503
vt 0.176494 0.396578
vt 0.106687 0.373376
vt 0.106690 0.394923
vt 0.026140 0.374820
vt 0.036309 0.374555
vt 0.036970 0.396584
vt 0.026807 0.396952
vt 0.187347 0.374765
vt 0.186676 0.396958
vt 0.116695 0.373397
vt 0.116559 0.394961
vt 0.046443 0.374293
vt 0.047090 0.396216
vt 0.126712 0.373475
vt 0.126444 0.395081
vt 0.116824 0.335751
vt 0.126994 0.335792
vt 0.137166 0.335888
vt 0.106662 0.335751
vt 0.147343 0.336004
vt 0.157525 0.336161
vt 0.035524 0.336651
vt 0.045693 0.336447
vt 0.055860 0.336263
vt 0.025351 0.336860
vt 0.066022 0.336090
vt 0.076183 0.335955
vt 0.096504 0.335775
vt 0.177903 0.336525
vt 0.188098 0.336722
vt 0.086343 0.335839
vt 0.167712 0.336332
s 1
usemtl Main
f 1985/1925/1118 1986/1926/1119 2002/1927/1119 2001/1928/1118
f 2004/1929/1120 2005/1930/1120 2021/1931/1120 2020/1932/1120
f 1978/1933/1121 1979/1934/1122 1995/1935/1122 1994/1936/1121
f 1993/1937/1123 1978/1938/1121 1994/1939/1121 2009/1940/1123
f 1986/1926/1119 1987/1941/1124 2003/1942/1124 2002/1927/1119
f 1979/1934/1122 1980/1943/1125 1996/1944/1125 1995/1935/1122
f 1987/1941/1124 1988/1945/1126 2004/1929/1126 2003/1942/1124
f 1980/1943/1125 1981/1946/1127 1997/1947/1127 1996/1944/1125
f 1988/1945/1126 1989/1948/1128 2005/1930/1128 2004/1929/1126
f 1981/1946/1127 1982/1949/1129 1998/1950/1129 1997/1947/1127
f 1989/1948/1128 1990/1951/1130 2006/1952/1130 2005/1930/1128
f 1982/1949/1129 1983/1953/1131 1999/1954/1131 1998/1950/1129
f 1990/1951/1130 1991/1955/1132 2007/1956/1132 2006/1952/1130
f 1983/1953/1131 1984/1957/1133 2000/1958/1133 1999/1954/1131
f 1991/1955/1132 1992/1959/1134 2008/1960/1134 2007/1956/1132
f 1984/1957/1133 1985/1925/1118 2001/1928/1118 2000/1958/1133
f 1992/1959/1134 1993/1937/1123 2009/1940/1123 2008/1960/1134
f 2010/1961/1120 2011/1962/1120 2027/1963/1120 2026/1964/1120
f 1997/1947/1120 1998/1950/1120 2014/1965/1120 2013/1966/1120
f 2005/1930/1120 2006/1952/1120 2022/1967/1120 2021/1931/1120
f 1998/1950/1120 1999/1954/1120 2015/1968/1120 2014/1965/1120
f 2006/1952/1120 2007/1956/1120 2023/1969/1120 2022/1967/1120
f 1999/1954/1120 2000/1958/1120 2016/1970/1120 2015/1968/1120
f 2007/1956/1120 2008/1960/1120 2024/1971/1120 2023/1969/1120
f 2000/1958/1120 2001/1928/1120 2017/1972/1120 2016/1970/1120
f 2008/1960/1120 2009/1940/1120 2025/1973/1120 2024/1971/1120
f 2001/1928/1120 2002/1927/1120 2018/1974/1120 2017/1972/1120
f 1994/1936/1120 1995/1935/1120 2011/1962/1120 2010/1961/1120
f 2009/1940/1120 1994/1939/1120 2010/1975/1120 2025/1973/1120
f 2002/1927/1120 2003/1942/1120 2019/1976/1120 2018/1974/1120
f 1995/1935/1120 1996/1944/1120 2012/1977/1120 2011/1962/1120
f 2003/1942/1120 2004/1929/1120 2020/1932/1120 2019/1976/1120
f 1996/1944/1120 1997/1947/1120 2013/1966/1120 2012/1977/1120
f 2031/1978/1131 2032/1979/1133 2064/1980/1133 2063/1981/1131
f 2025/1973/1120 2010/1975/1120 2026/1982/1120 2041/1983/1120
f 2018/1974/1120 2019/1976/1120 2035/1984/1120 2034/1985/1120
f 2011/1962/1120 2012/1977/1120 2028/1986/1120 2027/1963/1120
f 2019/1976/1120 2020/1932/1120 2036/1987/1120 2035/1984/1120
f 2012/1977/1120 2013/1966/1120 2029/1988/1120 2028/1986/1120
f 2020/1932/1120 2021/1931/1120 2037/1989/1120 2036/1987/1120
f 2013/1966/1120 2014/1965/1120 2030/1990/1120 2029/1988/1120
f 2021/1931/1120 2022/1967/1120 2038/1991/1120 2037/1989/1120
f 2014/1965/1120 2015/1968/1120 2031/1978/1120 2030/1990/1120
f 2022/1967/1120 2023/1969/1120 2039/1992/1120 2038/1991/1120
f 2015/1968/1120 2016/1970/1120 2032/1979/1120 2031/1978/1120
f 2023/1969/1120 2024/1971/1120 2040/1993/1120 2039/1992/1120
f 2016/1970/1120 2017/1972/1120 2033/1994/1120 2032/1979/1120
f 2024/1971/1120 2025/1973/1120 2041/1983/1120 2040/1993/1120
f 2017/1972/1120 2018/1974/1120 2034/1985/1120 2033/1994/1120
f 2042/1995/1121 2043/1996/1122 2075/1997/1135 2074/1998/1136
f 2039/1992/1132 2040/1993/1134 2072/1999/1134 2071/2000/1132
f 2032/1979/1133 2033/1994/1118 2065/2001/1118 2064/1980/1133
f 2040/1993/1134 2041/1983/1123 2073/2002/1123 2072/1999/1134
f 2033/1994/1118 2034/1985/1119 2066/2003/1119 2065/2001/1118
f 2026/1964/1121 2027/1963/1122 2059/2004/1122 2058/2005/1121
f 2041/1983/1123 2026/1982/1121 2058/2006/1121 2073/2002/1123
f 2034/1985/1119 2035/1984/1124 2067/2007/1124 2066/2003/1119
f 2027/1963/1122 2028/1986/1125 2060/2008/1125 2059/2004/1122
f 2035/1984/1124 2036/1987/1126 2068/2009/1126 2067/2007/1124
f 2028/1986/1125 2029/1988/1127 2061/2010/1127 2060/2008/1125
f 2036/1987/1126 2037/1989/1128 2069/2011/1128 2068/2009/1126
f 2029/1988/1127 2030/1990/1129 2062/2012/1129 2061/2010/1127
f 2037/1989/1128 2038/1991/1130 2070/2013/1130 2069/2011/1128
f 2030/1990/1129 2031/1978/1131 2063/1981/1131 2062/2012/1129
f 2038/1991/1130 2039/1992/1132 2071/2000/1132 2070/2013/1130
f 2043/1996/1137 2042/1995/1137 2058/2005/1137 2059/2004/1137
f 2044/2014/1137 2043/1996/1137 2059/2004/1137 2060/2008/1137
f 2045/2015/1137 2044/2014/1137 2060/2008/1137 2061/2010/1137
f 2046/2016/1137 2045/2015/1137 2061/2010/1137 2062/2012/1137
f 2047/2017/1137 2046/2016/1137 2062/2012/1137 2063/1981/1137
f 2048/2018/1137 2047/2017/1137 2063/1981/1137 2064/1980/1137
f 2049/2019/1137 2048/2018/1137 2064/1980/1137 2065/2001/1137
f 2050/2020/1137 2049/2019/1137 2065/2001/1137 2066/2003/1137
f 2051/2021/1137 2050/2020/1137 2066/2003/1137 2067/2007/1137
f 2052/2022/1137 2051/2021/1137 2067/2007/1137 2068/2009/1137
f 2053/2023/1137 2052/2022/1137 2068/2009/1137 2069/2011/1137
f 2054/2024/1137 2053/2023/1137 2069/2011/1137 2070/2013/1137
f 2055/2025/1137 2054/2024/1137 2070/2013/1137 2071/2000/1137
f 2056/2026/1137 2055/2025/1137 2071/2000/1137 2072/1999/1137
f 2057/2027/1137 2056/2026/1137 2072/1999/1137 2073/2002/1137
f 2042/2028/1137 2057/2027/1137 2073/2002/1137 2058/2006/1137
f 2088/2029/1138 2104/2030/1139 2103/2031/1140 2087/2032/1141
f 2057/2027/1123 2042/2028/1121 2074/2033/1136 2089/2034/1142
f 2050/2020/1119 2051/2021/1124 2083/2035/1143 2082/2036/1144
f 2043/1996/1122 2044/2014/1125 2076/2037/1145 2075/1997/1135
f 2051/2021/1124 2052/2022/1126 2084/2038/1146 2083/2035/1143
f 2044/2014/1125 2045/2015/1127 2077/2039/1147 2076/2037/1145
f 2052/2022/1126 2053/2023/1128 2085/2040/1148 2084/2038/1146
f 2045/2015/1127 2046/2016/1129 2078/2041/1149 2077/2039/1147
f 2053/2023/1128 2054/2024/1130 2086/2042/1150 2085/2040/1148
f 2046/2016/1129 2047/2017/1131 2079/2043/1151 2078/2041/1149
f 2054/2024/1130 2055/2025/1132 2087/2032/1141 2086/2042/1150
f 2047/2017/1131 2048/2018/1133 2080/2044/1152 2079/2043/1151
f 2055/2025/1132 2056/2026/1134 2088/2029/1138 2087/2032/1141
f 2048/2018/1133 2049/2019/1118 2081/2045/1153 2080/2044/1152
f 2056/2026/1134 2057/2027/1123 2089/2034/1142 2088/2029/1138
f 2049/2019/1118 2050/2020/1119 2082/2036/1144 2081/2045/1153
f 2078/2041/1149 2094/2046/1154 2093/2047/1155 2077/2039/1147
f 2081/2045/1153 2097/2048/1156 2096/2049/1157 2080/2044/1152
f 2089/2034/1142 2105/2050/1158 2104/2030/1139 2088/2029/1138
f 2082/2036/1144 2098/2051/1159 2097/2048/1156 2081/2045/1153
f 2074/2033/1136 2090/2052/1160 2105/2050/1158 2089/2034/1142
f 2083/2035/1143 2099/2053/1161 2098/2051/1159 2082/2036/1144
f 2076/2037/1145 2092/2054/1162 2091/2055/1163 2075/1997/1135
f 2091/2055/1163 2107/2056/1164 2106/2057/1165 2090/2058/1160
f 2084/2038/1146 2100/2059/1166 2099/2053/1161 2083/2035/1143
f 2076/2037/1145 2077/2039/1147 2093/2047/1155 2092/2054/1162
f 2085/2040/1148 2101/2060/1167 2100/2059/1166 2084/2038/1146
f 2086/2042/1150 2102/2061/1168 2101/2060/1167 2085/2040/1148
f 2079/2043/1151 2095/2062/1169 2094/2046/1154 2078/2041/1149
f 2087/2032/1141 2103/2031/1140 2102/2061/1168 2086/2042/1150
f 2080/2044/1152 2096/2049/1157 2095/2062/1169 2079/2043/1151
f 2099/2053/1161 2115/2063/1170 2114/2064/1171 2098/2051/1159
f 2104/2030/1139 2120/2065/1172 2119/2066/1173 2103/2031/1140
f 2092/2054/1162 2108/2067/1174 2107/2056/1164 2091/2055/1163
f 2107/2056/1164 2123/2068/1175 2122/2069/1176 2106/2057/1165
f 2100/2059/1166 2116/2070/1177 2115/2063/1170 2099/2053/1161
f 2093/2047/1155 2109/2071/1178 2108/2067/1174 2092/2054/1162
f 2101/2060/1167 2117/2072/1179 2116/2070/1177 2100/2059/1166
f 2094/2046/1154 2110/2073/1180 2109/2071/1178 2093/2047/1155
f 2102/2061/1168 2118/2074/1181 2117/2072/1179 2101/2060/1167
f 2095/2062/1169 2111/2075/1182 2110/2073/1180 2094/2046/1154
f 2102/2061/1168 2103/2031/1140 2119/2066/1173 2118/2074/1181
f 2096/2049/1157 2112/2076/1183 2111/2075/1182 2095/2062/1169
f 2097/2048/1156 2113/2077/1184 2112/2076/1183 2096/2049/1157
f 2105/2050/1158 2121/2078/1185 2120/2065/1172 2104/2030/1139
f 2098/2051/1159 2114/2064/1171 2113/2077/1184 2097/2048/1156
f 2090/2052/1160 2106/2079/1165 2121/2078/1185 2105/2050/1158
f 2110/2073/1180 2126/2080/1186 2125/2081/1187 2109/2071/1178
f 2115/2063/1170 2131/2082/1188 2130/2083/1189 2114/2064/1171
f 2118/2074/1181 2134/2084/1190 2133/2085/1191 2117/2072/1179
f 2111/2075/1182 2127/2086/1192 2126/2080/1186 2110/2073/1180
f 2119/2066/1173 2135/2087/1193 2134/2084/1190 2118/2074/1181
f 2112/2076/1183 2128/2088/1194 2127/2086/1192 2111/2075/1182
f 2120/2065/1172 2136/2089/1195 2135/2087/1193 2119/2066/1173
f 2113/2077/1184 2129/2090/1196 2128/2088/1194 2112/2076/1183
f 2121/2078/1185 2137/2091/1197 2136/2089/1195 2120/2065/1172
f 2113/2077/1184 2114/2064/1171 2130/2083/1189 2129/2090/1196
f 2106/2079/1165 2122/2092/1176 2137/2091/1197 2121/2078/1185
f 2108/2067/1174 2124/2093/1198 2123/2068/1175 2107/2056/1164
f 2123/2068/1175 2139/2094/1199 2138/2095/1200 2122/2069/1176
f 2116/2070/1177 2132/2096/1201 2131/2082/1188 2115/2063/1170
f 2109/2071/1178 2125/2081/1187 2124/2093/1198 2108/2067/1174
f 2117/2072/1179 2133/2085/1191 2132/2096/1201 2116/2070/1177
f 2136/2089/1195 2152/2097/1202 2151/2098/1203 2135/2087/1193
f 2134/2084/1190 2150/2099/1204 2149/2100/1205 2133/2085/1191
f 2129/2090/1196 2145/2101/1206 2144/2102/1207 2128/2088/1194
f 2137/2091/1197 2153/2103/1208 2152/2097/1202 2136/2089/1195
f 2130/2083/1189 2146/2104/1209 2145/2101/1206 2129/2090/1196
f 2122/2092/1176 2138/2105/1200 2153/2103/1208 2137/2091/1197
f 2131/2082/1188 2147/2106/1210 2146/2104/1209 2130/2083/1189
f 2124/2093/1198 2140/2107/1211 2139/2094/1199 2123/2068/1175
f 2139/2094/1199 2155/2108/1212 2154/2109/1213 2138/2095/1200
f 2132/2096/1201 2148/2110/1214 2147/2106/1210 2131/2082/1188
f 2125/2081/1187 2141/2111/1215 2140/2107/1211 2124/2093/1198
f 2132/2096/1201 2133/2085/1191 2149/2100/1205 2148/2110/1214
f 2126/2080/1186 2142/2112/1216 2141/2111/1215 2125/2081/1187
f 2127/2086/1192 2143/2113/1217 2142/2112/1216 2126/2080/1186
f 2135/2087/1193 2151/2098/1203 2150/2099/1204 2134/2084/1190
f 2128/2088/1194 2144/2102/1207 2143/2113/1217 2127/2086/1192
f 2140/2107/1211 2156/2114/1218 2155/2108/1212 2139/2094/1199
f 2145/2101/1206 2161/2115/1219 2160/2116/1220 2144/2102/1207
f 2154/2109/1213 2155/2108/1212 2171/2117/1221 2170/2118/1222
f 2148/2110/1214 2164/2119/1223 2163/2120/1224 2147/2106/1210
f 2141/2111/1215 2157/2121/1225 2156/2114/1218 2140/2107/1211
f 2149/2100/1205 2165/2122/1226 2164/2119/1223 2148/2110/1214
f 2142/2112/1216 2158/2123/1227 2157/2121/1225 2141/2111/1215
f 2150/2099/1204 2166/2124/1228 2165/2122/1226 2149/2100/1205
f 2143/2113/1217 2159/2125/1229 2158/2123/1227 2142/2112/1216
f 2151/2098/1203 2167/2126/1230 2166/2124/1228 2150/2099/1204
f 2143/2113/1217 2144/2102/1207 2160/2116/1220 2159/2125/1229
f 2152/2097/1202 2168/2127/1231 2167/2126/1230 2151/2098/1203
f 2153/2103/1208 2169/2128/1232 2168/2127/1231 2152/2097/1202
f 2146/2104/1209 2162/2129/1233 2161/2115/1219 2145/2101/1206
f 2138/2105/1200 2154/2130/1213 2169/2128/1232 2153/2103/1208
f 2147/2106/1210 2163/2120/1224 2162/2129/1233 2146/2104/1209
f 2166/2124/1228 2182/2131/1234 2181/2132/1235 2165/2122/1226
f 2156/2114/1218 2172/2133/1236 2171/2117/1221 2155/2108/1212
f 2159/2125/1229 2175/2134/1237 2174/2135/1238 2158/2123/1227
f 2167/2126/1230 2183/2136/1239 2182/2131/1234 2166/2124/1228
f 2160/2116/1220 2176/2137/1240 2175/2134/1237 2159/2125/1229
f 2168/2127/1231 2184/2138/1241 2183/2136/1239 2167/2126/1230
f 2161/2115/1219 2177/2139/1242 2176/2137/1240 2160/2116/1220
f 2169/2128/1232 2185/2140/1243 2184/2138/1241 2168/2127/1231
f 2162/2129/1233 2178/2141/1244 2177/2139/1242 2161/2115/1219
f 2154/2130/1213 2170/2142/1222 2185/2140/1243 2169/2128/1232
f 2163/2120/1224 2179/2143/1245 2178/2141/1244 2162/2129/1233
f 2164/2119/1223 2180/2144/1246 2179/2143/1245 2163/2120/1224
f 2157/2121/1225 2173/2145/1247 2172/2133/1236 2156/2114/1218
f 2165/2122/1226 2181/2132/1235 2180/2144/1246 2164/2119/1223
f 2158/2123/1227 2174/2135/1238 2173/2145/1247 2157/2121/1225
f 2193/2146/1248 2216/2147/1130 2217/2148/1130 2192/2149/1248
f 2189/2150/1249 2214/2151/1129 2215/2152/1129 2188/2153/1249
f 2216/2147/1130 2212/2154/1250 2213/2155/1250 2217/2148/1130
f 2214/2151/1129 2210/2156/1251 2211/2157/1251 2215/2152/1129
f 2212/2154/1250 2208/2158/1252 2209/2159/1252 2213/2155/1250
f 2210/2156/1251 2206/2160/1253 2207/2161/1253 2211/2157/1251
f 2208/2158/1252 2204/2162/1254 2205/2163/1254 2209/2159/1252
f 2206/2160/1253 2200/2164/1255 2201/2165/1255 2207/2161/1253
f 2204/2162/1254 2198/2166/1137 2199/2167/1137 2205/2163/1254
f 2203/2168/1120 2196/2169/1256 2197/2170/1256 2202/2171/1120
f 2200/2164/1255 2203/2172/1120 2202/2173/1120 2201/2165/1255
f 2198/2166/1137 2194/2174/1257 2195/2175/1257 2199/2167/1137
f 2196/2169/1256 2190/2176/1258 2191/2177/1258 2197/2170/1256
f 2194/2174/1257 2186/2178/1259 2187/2179/1259 2195/2175/1257
f 2190/2176/1258 2193/2146/1248 2192/2149/1248 2191/2177/1258
f 2186/2178/1259 2189/2150/1249 2188/2153/1249 2187/2179/1259
f 2175/2134/1237 2176/2137/1240 2187/2179/1259 2188/2153/1249
f 2176/2137/1240 2177/2139/1242 2195/2175/1257 2187/2179/1259
f 2174/2135/1238 2175/2134/1237 2188/2153/1249 2215/2152/1129
f 2183/2136/1239 2184/2138/1241 2191/2177/1258 2192/2149/1248
f 2184/2138/1241 2185/2140/1243 2197/2170/1256 2191/2177/1258
f 2182/2131/1234 2183/2136/1239 2192/2149/1248 2217/2148/1130
f 2177/2139/1242 2178/2141/1244 2199/2167/1137 2195/2175/1257
f 2185/2140/1243 2170/2142/1222 2202/2171/1120 2197/2170/1256
f 2178/2141/1244 2179/2143/1245 2205/2163/1254 2199/2167/1137
f 2170/2118/1222 2171/2117/1221 2201/2165/1255 2202/2173/1120
f 2171/2117/1221 2172/2133/1236 2207/2161/1253 2201/2165/1255
f 2179/2143/1245 2180/2144/1246 2209/2159/1252 2205/2163/1254
f 2172/2133/1236 2173/2145/1247 2211/2157/1251 2207/2161/1253
f 2180/2144/1246 2181/2132/1235 2213/2155/1250 2209/2159/1252
f 2173/2145/1247 2174/2135/1238 2215/2152/1129 2211/2157/1251
f 2181/2132/1235 2182/2131/1234 2217/2148/1130 2213/2155/1250
f 2186/2178/1259 2194/2174/1257 2219/2180/1257 2218/2181/1259
f 2189/2150/1249 2186/2178/1259 2218/2181/1259 2220/2182/1249
f 2194/2174/1257 2198/2166/1137 2226/2183/1137 2219/2180/1257
f 2214/2151/1129 2189/2150/1249 2220/2182/1249 2221/2184/1129
f 2210/2156/1251 2214/2151/1129 2221/2184/1129 2232/2185/1251
f 2190/2176/1258 2196/2169/1256 2223/2186/1256 2222/2187/1258
f 2193/2146/1248 2190/2176/1258 2222/2187/1258 2224/2188/1248
f 2196/2169/1256 2203/2168/1120 2227/2189/1120 2223/2186/1256
f 2216/2147/1130 2193/2146/1248 2224/2188/1248 2225/2190/1130
f 2212/2154/1250 2216/2147/1130 2225/2190/1130 2233/2191/1250
f 2198/2166/1137 2204/2162/1254 2228/2192/1254 2226/2183/1137
f 2203/2172/1120 2200/2164/1255 2229/2193/1255 2227/2194/1120
f 2204/2162/1254 2208/2158/1252 2231/2195/1252 2228/2192/1254
f 2200/2164/1255 2206/2160/1253 2230/2196/1253 2229/2193/1255
f 2206/2160/1253 2210/2156/1251 2232/2185/1251 2230/2196/1253
f 2208/2158/1252 2212/2154/1250 2233/2191/1250 2231/2195/1252
f 2075/1997/1135 2091/2055/1163 2090/2058/1160 2074/1998/1136
o Cylinder.028
v 27.159651 4.492342 -1.758058
v 27.159651 4.502044 -1.758058
v 27.168953 4.492342 -1.774167
v 27.168953 4.502044 -1.774167
v 27.187553 4.492342 -1.774167
v 27.187553 4.502044 -1.774167
v 27.196856 4.492342 -1.758058
v 27.196856 4.502044 -1.758058
v 27.187553 4.492342 -1.741948
v 27.187553 4.502044 -1.741948
v 27.168953 4.492342 -1.741948
v 27.168953 4.502044 -1.741948
vn -1.0000 -0.0000 -0.0000
vn -0.5000 -0.0000 -0.8660
vn 0.5000 -0.0000 -0.8660
vn 1.0000 -0.0000 -0.0000
vn 0.5000 -0.0000 0.8660
vn -0.0000 1.0000 -0.0000
vn -0.5000 -0.0000 0.8660
vt 0.880126 0.778517
vt 0.931507 0.778517
vt 0.931507 0.795644
vt 0.880126 0.795644
vt 0.931507 0.812771
vt 0.880126 0.812771
vt 0.931507 0.829898
vt 0.880126 0.829898
vt 0.931507 0.847025
vt 0.880126 0.847025
vt 0.919515 0.324201
vt 0.893825 0.309369
vt 0.893825 0.279704
vt 0.919515 0.264871
vt 0.945206 0.279704
vt 0.945206 0.309369
vt 0.931507 0.864152
vt 0.880126 0.864152
vt 0.931507 0.881279
vt 0.880126 0.881279
s 1
usemtl Main
f 2234/2197/1260 2235/2198/1260 2237/2199/1261 2236/2200/1261
f 2236/2200/1261 2237/2199/1261 2239/2201/1262 2238/2202/1262
f 2238/2202/1262 2239/2201/1262 2241/2203/1263 2240/2204/1263
f 2240/2204/1263 2241/2203/1263 2243/2205/1264 2242/2206/1264
f 2237/2207/1265 2235/2208/1265 2245/2209/1265 2243/2210/1265 2241/2211/1265 2239/2212/1265
f 2242/2206/1264 2243/2205/1264 2245/2213/1266 2244/2214/1266
f 2244/2214/1266 2245/2213/1266 2235/2215/1260 2234/2216/1260
o Cylinder.029
v 27.108156 4.492342 -1.882379
v 27.108156 4.502044 -1.882379
v 27.103342 4.492342 -1.900347
v 27.103342 4.502044 -1.900347
v 27.116495 4.492342 -1.913501
v 27.116495 4.502044 -1.913501
v 27.134462 4.492342 -1.908686
v 27.134462 4.502044 -1.908686
v 27.139277 4.492342 -1.890718
v 27.139277 4.502044 -1.890718
v 27.126123 4.492342 -1.877565
v 27.126123 4.502044 -1.877565
vn -0.7071 -0.0000 0.7071
vn -0.9659 -0.0000 -0.2588
vn -0.2588 -0.0000 -0.9659
vn 0.7071 -0.0000 -0.7071
vn 0.9659 -0.0000 0.2588
vn -0.0000 1.0000 -0.0000
vn 0.2588 -0.0000 0.9659
vt 0.880126 0.778517
vt 0.931507 0.778517
vt 0.931507 0.795644
vt 0.880126 0.795644
vt 0.931507 0.812771
vt 0.880126 0.812771
vt 0.931507 0.829898
vt 0.880126 0.829898
vt 0.931507 0.847025
vt 0.880126 0.847025
vt 0.919515 0.324201
vt 0.893825 0.309369
vt 0.893825 0.279704
vt 0.919515 0.264871
vt 0.945206 0.279704
vt 0.945206 0.309369
vt 0.931507 0.864152
vt 0.880126 0.864152
vt 0.931507 0.881279
vt 0.880126 0.881279
s 1
usemtl Main
f 2246/2217/1267 2247/2218/1267 2249/2219/1268 2248/2220/1268
f 2248/2220/1268 2249/2219/1268 2251/2221/1269 2250/2222/1269
f 2250/2222/1269 2251/2221/1269 2253/2223/1270 2252/2224/1270
f 2252/2224/1270 2253/2223/1270 2255/2225/1271 2254/2226/1271
f 2249/2227/1272 2247/2228/1272 2257/2229/1272 2255/2230/1272 2253/2231/1272 2251/2232/1272
f 2254/2226/1271 2255/2225/1271 2257/2233/1273 2256/2234/1273
f 2256/2234/1273 2257/2233/1273 2247/2235/1267 2246/2236/1267
o Cylinder.030
v 26.983837 4.492342 -1.933874
v 26.983837 4.502044 -1.933874
v 26.967728 4.492342 -1.943175
v 26.967728 4.502044 -1.943175
v 26.967728 4.492342 -1.961776
v 26.967728 4.502044 -1.961776
v 26.983837 4.492342 -1.971077
v 26.983837 4.502044 -1.971077
v 26.999947 4.492342 -1.961776
v 26.999947 4.502044 -1.961776
v 26.999947 4.492342 -1.943175
v 26.999947 4.502044 -1.943175
vn -0.0000 -0.0000 1.0000
vn -0.8660 -0.0000 0.5000
vn -0.8660 -0.0000 -0.5000
vn -0.0000 -0.0000 -1.0000
vn 0.8660 -0.0000 -0.5000
vn -0.0000 1.0000 -0.0000
vn 0.8660 -0.0000 0.5000
vt 0.880126 0.778517
vt 0.931507 0.778517
vt 0.931507 0.795644
vt 0.880126 0.795644
vt 0.931507 0.812771
vt 0.880126 0.812771
vt 0.931507 0.829898
vt 0.880126 0.829898
vt 0.931507 0.847025
vt 0.880126 0.847025
vt 0.919515 0.324201
vt 0.893825 0.309369
vt 0.893825 0.279704
vt 0.919515 0.264871
vt 0.945206 0.279704
vt 0.945206 0.309369
vt 0.931507 0.864152
vt 0.880126 0.864152
vt 0.931507 0.881279
vt 0.880126 0.881279
s 1
usemtl Main
f 2258/2237/1274 2259/2238/1274 2261/2239/1275 2260/2240/1275
f 2260/2240/1275 2261/2239/1275 2263/2241/1276 2262/2242/1276
f 2262/2242/1276 2263/2241/1276 2265/2243/1277 2264/2244/1277
f 2264/2244/1277 2265/2243/1277 2267/2245/1278 2266/2246/1278
f 2261/2247/1279 2259/2248/1279 2269/2249/1279 2267/2250/1279 2265/2251/1279 2263/2252/1279
f 2266/2246/1278 2267/2245/1278 2269/2253/1280 2268/2254/1280
f 2268/2254/1280 2269/2253/1280 2259/2255/1274 2258/2256/1274
o Cylinder.031
v 26.859518 4.492342 -1.882379
v 26.859518 4.502044 -1.882379
v 26.841551 4.492342 -1.877565
v 26.841551 4.502044 -1.877565
v 26.828398 4.492342 -1.890718
v 26.828398 4.502044 -1.890718
v 26.833212 4.492342 -1.908686
v 26.833212 4.502044 -1.908686
v 26.851179 4.492342 -1.913501
v 26.851179 4.502044 -1.913501
v 26.864332 4.492342 -1.900347
v 26.864332 4.502044 -1.900347
vn 0.7071 -0.0000 0.7071
vn -0.2588 -0.0000 0.9659
vn -0.9659 -0.0000 0.2588
vn -0.7071 -0.0000 -0.7071
vn 0.2588 -0.0000 -0.9659
vn -0.0000 1.0000 -0.0000
vn 0.9659 -0.0000 -0.2588
vt 0.880126 0.778517
vt 0.931507 0.778517
vt 0.931507 0.795644
vt 0.880126 0.795644
vt 0.931507 0.812771
vt 0.880126 0.812771
vt 0.931507 0.829898
vt 0.880126 0.829898
vt 0.931507 0.847025
vt 0.880126 0.847025
vt 0.919515 0.324201
vt 0.893825 0.309369
vt 0.893825 0.279704
vt 0.919515 0.264871
vt 0.945206 0.279704
vt 0.945206 0.309369
vt 0.931507 0.864152
vt 0.880126 0.864152
vt 0.931507 0.881279
vt 0.880126 0.881279
s 1
usemtl Main
f 2270/2257/1281 2271/2258/1281 2273/2259/1282 2272/2260/1282
f 2272/2260/1282 2273/2259/1282 2275/2261/1283 2274/2262/1283
f 2274/2262/1283 2275/2261/1283 2277/2263/1284 2276/2264/1284
f 2276/2264/1284 2277/2263/1284 2279/2265/1285 2278/2266/1285
f 2273/2267/1286 2271/2268/1286 2281/2269/1286 2279/2270/1286 2277/2271/1286 2275/2272/1286
f 2278/2266/1285 2279/2265/1285 2281/2273/1287 2280/2274/1287
f 2280/2274/1287 2281/2273/1287 2271/2275/1281 2270/2276/1281
o Cylinder.032
v 26.808023 4.492342 -1.758058
v 26.808023 4.502044 -1.758058
v 26.798721 4.492342 -1.741948
v 26.798721 4.502044 -1.741948
v 26.780121 4.492342 -1.741948
v 26.780121 4.502044 -1.741948
v 26.770819 4.492342 -1.758058
v 26.770819 4.502044 -1.758058
v 26.780121 4.492342 -1.774167
v 26.780121 4.502044 -1.774167
v 26.798721 4.492342 -1.774167
v 26.798721 4.502044 -1.774167
vn 1.0000 -0.0000 -0.0000
vn 0.5000 -0.0000 0.8660
vn -0.5000 -0.0000 0.8660
vn -1.0000 -0.0000 -0.0000
vn -0.5000 -0.0000 -0.8660
vn -0.0000 1.0000 -0.0000
vn 0.5000 -0.0000 -0.8660
vt 0.880126 0.778517
vt 0.931507 0.778517
vt 0.931507 0.795644
vt 0.880126 0.795644
vt 0.931507 0.812771
vt 0.880126 0.812771
vt 0.931507 0.829898
vt 0.880126 0.829898
vt 0.931507 0.847025
vt 0.880126 0.847025
vt 0.919515 0.324201
vt 0.893825 0.309369
vt 0.893825 0.279704
vt 0.919515 0.264871
vt 0.945206 0.279704
vt 0.945206 0.309369
vt 0.931507 0.864152
vt 0.880126 0.864152
vt 0.931507 0.881279
vt 0.880126 0.881279
s 1
usemtl Main
f 2282/2277/1288 2283/2278/1288 2285/2279/1289 2284/2280/1289
f 2284/2280/1289 2285/2279/1289 2287/2281/1290 2286/2282/1290
f 2286/2282/1290 2287/2281/1290 2289/2283/1291 2288/2284/1291
f 2288/2284/1291 2289/2283/1291 2291/2285/1292 2290/2286/1292
f 2285/2287/1293 2283/2288/1293 2293/2289/1293 2291/2290/1293 2289/2291/1293 2287/2292/1293
f 2290/2286/1292 2291/2285/1292 2293/2293/1294 2292/2294/1294
f 2292/2294/1294 2293/2293/1294 2283/2295/1288 2282/2296/1288
o Cylinder.033
v 26.859518 4.492342 -1.633739
v 26.859518 4.502044 -1.633739
v 26.864332 4.492342 -1.615771
v 26.864332 4.502044 -1.615771
v 26.851179 4.492342 -1.602617
v 26.851179 4.502044 -1.602617
v 26.833212 4.492342 -1.607432
v 26.833212 4.502044 -1.607432
v 26.828398 4.492342 -1.625400
v 26.828398 4.502044 -1.625400
v 26.841551 4.492342 -1.638554
v 26.841551 4.502044 -1.638554
vn 0.7071 -0.0000 -0.7071
vn 0.9659 -0.0000 0.2588
vn 0.2588 -0.0000 0.9659
vn -0.7071 -0.0000 0.7071
vn -0.9659 -0.0000 -0.2588
vn -0.0000 1.0000 -0.0000
vn -0.2588 -0.0000 -0.9659
vt 0.880126 0.778517
vt 0.931507 0.778517
vt 0.931507 0.795644
vt 0.880126 0.795644
vt 0.931507 0.812771
vt 0.880126 0.812771
vt 0.931507 0.829898
vt 0.880126 0.829898
vt 0.931507 0.847025
vt 0.880126 0.847025
vt 0.919515 0.324201
vt 0.893825 0.309369
vt 0.893825 0.279704
vt 0.919515 0.264871
vt 0.945206 0.279704
vt 0.945206 0.309369
vt 0.931507 0.864152
vt 0.880126 0.864152
vt 0.931507 0.881279
vt 0.880126 0.881279
s 1
usemtl Main
f 2294/2297/1295 2295/2298/1295 2297/2299/1296 2296/2300/1296
f 2296/2300/1296 2297/2299/1296 2299/2301/1297 2298/2302/1297
f 2298/2302/1297 2299/2301/1297 2301/2303/1298 2300/2304/1298
f 2300/2304/1298 2301/2303/1298 2303/2305/1299 2302/2306/1299
f 2297/2307/1300 2295/2308/1300 2305/2309/1300 2303/2310/1300 2301/2311/1300 2299/2312/1300
f 2302/2306/1299 2303/2305/1299 2305/2313/1301 2304/2314/1301
f 2304/2314/1301 2305/2313/1301 2295/2315/1295 2294/2316/1295
o Cylinder.034
v 26.983837 4.492342 -1.582244
v 26.983837 4.502044 -1.582244
v 26.999947 4.492342 -1.572943
v 26.999947 4.502044 -1.572943
v 26.999947 4.492342 -1.554342
v 26.999947 4.502044 -1.554342
v 26.983837 4.492342 -1.545041
v 26.983837 4.502044 -1.545041
v 26.967728 4.492342 -1.554342
v 26.967728 4.502044 -1.554342
v 26.967728 4.492342 -1.572943
v 26.967728 4.502044 -1.572943
vn -0.0000 -0.0000 -1.0000
vn 0.8660 -0.0000 -0.5000
vn 0.8660 -0.0000 0.5000
vn -0.0000 -0.0000 1.0000
vn -0.8660 -0.0000 0.5000
vn -0.0000 1.0000 -0.0000
vn -0.8660 -0.0000 -0.5000
vt 0.880126 0.778517
vt 0.931507 0.778517
vt 0.931507 0.795644
vt 0.880126 0.795644
vt 0.931507 0.812771
vt 0.880126 0.812771
vt 0.931507 0.829898
vt 0.880126 0.829898
vt 0.931507 0.847025
vt 0.880126 0.847025
vt 0.919515 0.324201
vt 0.893825 0.309369
vt 0.893825 0.279704
vt 0.919515 0.264871
vt 0.945206 0.279704
vt 0.945206 0.309369
vt 0.931507 0.864152
vt 0.880126 0.864152
vt 0.931507 0.881279
vt 0.880126 0.881279
s 1
usemtl Main
f 2306/2317/1302 2307/2318/1302 2309/2319/1303 2308/2320/1303
f 2308/2320/1303 2309/2319/1303 2311/2321/1304 2310/2322/1304
f 2310/2322/1304 2311/2321/1304 2313/2323/1305 2312/2324/1305
f 2312/2324/1305 2313/2323/1305 2315/2325/1306 2314/2326/1306
f 2309/2327/1307 2307/2328/1307 2317/2329/1307 2315/2330/1307 2313/2331/1307 2311/2332/1307
f 2314/2326/1306 2315/2325/1306 2317/2333/1308 2316/2334/1308
f 2316/2334/1308 2317/2333/1308 2307/2335/1302 2306/2336/1302
o Cylinder.035
v 27.108156 4.492342 -1.633739
v 27.108156 4.502044 -1.633739
v 27.126123 4.492342 -1.638554
v 27.126123 4.502044 -1.638554
v 27.139277 4.492342 -1.625400
v 27.139277 4.502044 -1.625400
v 27.134462 4.492342 -1.607432
v 27.134462 4.502044 -1.607432
v 27.116495 4.492342 -1.602617
v 27.116495 4.502044 -1.602617
v 27.103342 4.492342 -1.615771
v 27.103342 4.502044 -1.615771
vn -0.7071 -0.0000 -0.7071
vn 0.2588 -0.0000 -0.9659
vn 0.9659 -0.0000 -0.2588
vn 0.7071 -0.0000 0.7071
vn -0.2588 -0.0000 0.9659
vn -0.0000 1.0000 -0.0000
vn -0.9659 -0.0000 0.2588
vt 0.880126 0.778517
vt 0.931507 0.778517
vt 0.931507 0.795644
vt 0.880126 0.795644
vt 0.931507 0.812771
vt 0.880126 0.812771
vt 0.931507 0.829898
vt 0.880126 0.829898
vt 0.931507 0.847025
vt 0.880126 0.847025
vt 0.919515 0.324201
vt 0.893825 0.309369
vt 0.893825 0.279704
vt 0.919515 0.264871
vt 0.945206 0.279704
vt 0.945206 0.309369
vt 0.931507 0.864152
vt 0.880126 0.864152
vt 0.931507 0.881279
vt 0.880126 0.881279
s 1
usemtl Main
f 2318/2337/1309 2319/2338/1309 2321/2339/1310 2320/2340/1310
f 2320/2340/1310 2321/2339/1310 2323/2341/1311 2322/2342/1311
f 2322/2342/1311 2323/2341/1311 2325/2343/1312 2324/2344/1312
f 2324/2344/1312 2325/2343/1312 2327/2345/1313 2326/2346/1313
f 2321/2347/1314 2319/2348/1314 2329/2349/1314 2327/2350/1314 2325/2351/1314 2323/2352/1314
f 2326/2346/1313 2327/2345/1313 2329/2353/1315 2328/2354/1315
f 2328/2354/1315 2329/2353/1315 2319/2355/1309 2318/2356/1309
o Cylinder.036
v 26.818584 4.487766 -1.758058
v 26.831163 4.487766 -1.821296
v 26.866985 4.487766 -1.874907
v 26.920597 4.487766 -1.910729
v 26.983835 4.487766 -1.923308
v 27.047073 4.487766 -1.910729
v 27.100683 4.487766 -1.874907
v 27.136505 4.487766 -1.821296
v 27.149084 4.487766 -1.758058
v 27.136505 4.487766 -1.694819
v 27.100683 4.487766 -1.641208
v 27.047073 4.487766 -1.605386
v 26.983835 4.487766 -1.592808
v 26.920597 4.487766 -1.605386
v 26.866985 4.487766 -1.641208
v 26.831163 4.487766 -1.694819
v 26.759096 4.492343 -1.758058
v 26.776203 4.492343 -1.844061
v 26.824921 4.492343 -1.916971
v 26.897831 4.492343 -1.965688
v 26.983835 4.492343 -1.982795
v 27.069838 4.492343 -1.965688
v 27.142748 4.492343 -1.916971
v 27.191465 4.492343 -1.844061
v 27.208572 4.492343 -1.758058
v 27.191465 4.492343 -1.672054
v 27.142748 4.492343 -1.599144
v 27.069838 4.492343 -1.550427
v 26.983835 4.492343 -1.533320
v 26.897831 4.492343 -1.550427
v 26.824921 4.492343 -1.599144
v 26.776203 4.492343 -1.672054
v 26.759096 4.457520 -1.758058
v 26.776203 4.457520 -1.844061
v 26.824921 4.457520 -1.916971
v 26.897831 4.457520 -1.965688
v 26.983835 4.457520 -1.982795
v 27.069838 4.457520 -1.965688
v 27.142748 4.457520 -1.916971
v 27.191465 4.457520 -1.844061
v 27.208572 4.457520 -1.758058
v 27.191465 4.457520 -1.672054
v 27.142748 4.457520 -1.599144
v 27.069838 4.457520 -1.550427
v 26.983835 4.457520 -1.533320
v 26.897831 4.457520 -1.550427
v 26.824921 4.457520 -1.599144
v 26.776203 4.457520 -1.672054
v 27.095362 4.518214 -1.869584
v 27.100683 4.518105 -1.874907
v 27.136505 4.518105 -1.821296
v 27.129551 4.518214 -1.818415
v 27.044191 4.518214 -1.903774
v 27.047073 4.518104 -1.910729
v 26.983835 4.518214 -1.915780
v 26.983835 4.518104 -1.923308
v 26.872309 4.518214 -1.646531
v 26.866985 4.518104 -1.641208
v 26.831163 4.518104 -1.694819
v 26.838118 4.518214 -1.697700
v 26.923477 4.518214 -1.612341
v 26.920597 4.518104 -1.605386
v 26.983835 4.518214 -1.600335
v 26.983835 4.518104 -1.592808
v 27.149084 4.518104 -1.758058
v 27.141558 4.518214 -1.758058
v 26.818584 4.518104 -1.758058
v 26.826113 4.518214 -1.758058
v 27.136505 4.518105 -1.694819
v 27.129551 4.518214 -1.697700
v 26.838118 4.518214 -1.818415
v 26.831163 4.518104 -1.821296
v 26.866985 4.518104 -1.874907
v 26.872309 4.518214 -1.869584
v 27.100683 4.518105 -1.641208
v 27.095362 4.518214 -1.646531
v 26.920597 4.518104 -1.910729
v 26.923477 4.518214 -1.903774
v 27.047073 4.518104 -1.605386
v 27.044191 4.518214 -1.612341
vn -0.0000 0.9971 0.0767
vn -0.0294 0.9971 0.0709
vn -0.7071 -0.0000 0.7071
vn -0.9239 -0.0000 0.3827
vn -0.0000 0.9971 -0.0767
vn 0.0294 0.9971 -0.0709
vn -0.0542 0.9971 0.0542
vn 0.0542 0.9971 -0.0542
vn -0.0709 0.9971 0.0294
vn 0.0709 0.9971 -0.0294
vn -0.0767 0.9971 -0.0000
vn 0.0767 0.9971 -0.0000
vn 0.0709 0.9971 0.0294
vn -0.0709 0.9971 -0.0294
vn 0.0542 0.9971 0.0542
vn -0.0542 0.9971 -0.0542
vn 0.0294 0.9971 0.0709
vn -0.0294 0.9971 -0.0709
vn 0.9239 -0.0000 -0.3827
vn 1.0000 -0.0000 -0.0000
vn -1.0000 -0.0000 -0.0000
vn -0.9239 -0.0000 -0.3827
vn 0.9239 -0.0000 0.3827
vn -0.7071 -0.0000 -0.7071
vn 0.7071 -0.0000 0.7071
vn -0.3827 -0.0000 -0.9239
vn 0.3827 -0.0000 0.9239
vn -0.0000 -0.0000 -1.0000
vn -0.0000 -0.0000 1.0000
vn 0.3827 -0.0000 -0.9239
vn -0.3827 -0.0000 0.9239
vn 0.7071 -0.0000 -0.7071
vn -0.0000 0.9999 0.0146
vn 0.0056 0.9999 0.0135
vn -0.0000 0.9999 -0.0146
vn -0.0056 0.9999 -0.0135
vn 0.0103 0.9999 0.0103
vn -0.0103 0.9999 -0.0103
vn 0.0135 0.9999 0.0056
vn -0.0135 0.9999 -0.0056
vn -0.0146 0.9999 -0.0000
vn 0.0146 0.9999 -0.0000
vn -0.0135 0.9999 0.0056
vn 0.0135 0.9999 -0.0056
vn -0.0056 0.9999 0.0135
vn -0.0103 0.9999 0.0103
vn 0.0056 0.9999 -0.0135
vn 0.0103 0.9999 -0.0103
vt 0.785705 0.889948
vt 0.793010 0.881182
vt 0.801111 0.886525
vt 0.792595 0.896791
vt 0.769074 0.789646
vt 0.756020 0.786409
vt 0.756897 0.780897
vt 0.771119 0.784111
vt 0.784790 0.810671
vt 0.775745 0.803968
vt 0.781155 0.795590
vt 0.791512 0.803717
vt 0.798699 0.871625
vt 0.806940 0.875061
vt 0.765581 0.798936
vt 0.801578 0.860977
vt 0.810781 0.862829
vt 0.754656 0.796025
vt 0.802270 0.850200
vt 0.812132 0.850123
vt 0.743580 0.905877
vt 0.754891 0.905360
vt 0.756389 0.915223
vt 0.741981 0.916248
vt 0.743632 0.795631
vt 0.741981 0.785545
vt 0.801336 0.839456
vt 0.810585 0.837392
vt 0.766068 0.902250
vt 0.769762 0.911760
vt 0.798198 0.828737
vt 0.806465 0.825080
vt 0.776384 0.896947
vt 0.782114 0.905483
vt 0.792283 0.819040
vt 0.800145 0.813608
vt 0.817352 0.850092
vt 0.816113 0.863797
vt 0.757344 0.920878
vt 0.742516 0.922374
vt 0.742446 0.779575
vt 0.815959 0.836333
vt 0.771930 0.917437
vt 0.811772 0.822760
vt 0.785238 0.910223
vt 0.804655 0.810319
vt 0.796790 0.900964
vt 0.795268 0.799636
vt 0.805631 0.889477
vt 0.784096 0.790979
vt 0.812184 0.877201
vt 0.781389 0.814416
vt 0.788164 0.822075
vt 0.787164 0.822787
vt 0.780549 0.815315
vt 0.782005 0.886007
vt 0.773681 0.892681
vt 0.773003 0.891592
vt 0.781116 0.885051
vt 0.793270 0.830967
vt 0.792160 0.831464
vt 0.764103 0.897230
vt 0.763651 0.896053
vt 0.796470 0.840455
vt 0.795346 0.840712
vt 0.754069 0.900297
vt 0.743386 0.900517
vt 0.743607 0.899281
vt 0.753873 0.899078
vt 0.797681 0.850245
vt 0.796453 0.850261
vt 0.743493 0.800854
vt 0.753903 0.800967
vt 0.753724 0.802158
vt 0.743720 0.802057
vt 0.796730 0.860122
vt 0.795568 0.859887
vt 0.773208 0.808137
vt 0.772547 0.809243
vt 0.763719 0.803849
vt 0.763292 0.805007
vt 0.789058 0.878335
vt 0.788061 0.877617
vt 0.793817 0.869560
vt 0.792757 0.869111
s 1
usemtl Main
f 2334/2357/1316 2335/2358/1317 2351/2359/1317 2350/2360/1316
f 2360/2361/1318 2361/2362/1319 2377/2363/1319 2376/2364/1318
f 2342/2365/1320 2343/2366/1321 2359/2367/1321 2358/2368/1320
f 2335/2358/1317 2336/2369/1322 2352/2370/1322 2351/2359/1317
f 2343/2366/1321 2344/2371/1323 2360/2361/1323 2359/2367/1321
f 2336/2369/1322 2337/2372/1324 2353/2373/1324 2352/2370/1322
f 2344/2371/1323 2345/2374/1325 2361/2362/1325 2360/2361/1323
f 2337/2372/1324 2338/2375/1326 2354/2376/1326 2353/2373/1324
f 2330/2377/1327 2331/2378/1328 2347/2379/1328 2346/2380/1327
f 2345/2374/1325 2330/2381/1327 2346/2382/1327 2361/2362/1325
f 2338/2375/1326 2339/2383/1329 2355/2384/1329 2354/2376/1326
f 2331/2378/1328 2332/2385/1330 2348/2386/1330 2347/2379/1328
f 2339/2383/1329 2340/2387/1331 2356/2388/1331 2355/2384/1329
f 2332/2385/1330 2333/2389/1332 2349/2390/1332 2348/2386/1330
f 2340/2387/1331 2341/2391/1333 2357/2392/1333 2356/2388/1331
f 2333/2389/1332 2334/2357/1316 2350/2360/1316 2349/2390/1332
f 2341/2391/1333 2342/2365/1320 2358/2368/1320 2357/2392/1333
f 2353/2373/1334 2354/2376/1335 2370/2393/1335 2369/2394/1334
f 2346/2380/1336 2347/2379/1337 2363/2395/1337 2362/2396/1336
f 2361/2362/1319 2346/2382/1336 2362/2397/1336 2377/2363/1319
f 2354/2376/1335 2355/2384/1338 2371/2398/1338 2370/2393/1335
f 2347/2379/1337 2348/2386/1339 2364/2399/1339 2363/2395/1337
f 2355/2384/1338 2356/2388/1340 2372/2400/1340 2371/2398/1338
f 2348/2386/1339 2349/2390/1341 2365/2401/1341 2364/2399/1339
f 2356/2388/1340 2357/2392/1342 2373/2402/1342 2372/2400/1340
f 2349/2390/1341 2350/2360/1343 2366/2403/1343 2365/2401/1341
f 2357/2392/1342 2358/2368/1344 2374/2404/1344 2373/2402/1342
f 2350/2360/1343 2351/2359/1345 2367/2405/1345 2366/2403/1343
f 2358/2368/1344 2359/2367/1346 2375/2406/1346 2374/2404/1344
f 2351/2359/1345 2352/2370/1347 2368/2407/1347 2367/2405/1345
f 2359/2367/1346 2360/2361/1318 2376/2364/1318 2375/2406/1346
f 2352/2370/1347 2353/2373/1334 2369/2394/1334 2368/2407/1347
f 2393/2408/1348 2408/2409/1349 2409/2410/1349 2392/2411/1348
f 2385/2412/1350 2406/2413/1351 2407/2414/1351 2384/2415/1350
f 2408/2409/1349 2404/2416/1352 2405/2417/1352 2409/2410/1349
f 2406/2413/1351 2402/2418/1353 2403/2419/1353 2407/2414/1351
f 2404/2416/1352 2398/2420/1354 2399/2421/1354 2405/2417/1352
f 2401/2422/1355 2396/2423/1356 2397/2424/1356 2400/2425/1355
f 2402/2418/1353 2401/2422/1355 2400/2425/1355 2403/2419/1353
f 2398/2420/1354 2394/2426/1357 2395/2427/1357 2399/2421/1354
f 2396/2428/1356 2388/2429/1358 2389/2430/1358 2397/2431/1356
f 2394/2426/1357 2380/2432/1359 2381/2433/1359 2395/2427/1357
f 2391/2434/1360 2393/2408/1348 2392/2411/1348 2390/2435/1360
f 2387/2436/1361 2391/2434/1360 2390/2435/1360 2386/2437/1361
f 2388/2429/1358 2387/2436/1361 2386/2437/1361 2389/2430/1358
f 2383/2438/1362 2385/2412/1350 2384/2415/1350 2382/2439/1362
f 2379/2440/1363 2383/2438/1362 2382/2439/1362 2378/2441/1363
f 2380/2432/1359 2379/2440/1363 2378/2441/1363 2381/2433/1359
f 2383/2438/1345 2379/2440/1347 2336/2369/1347 2335/2358/1345
f 2379/2440/1347 2380/2432/1334 2337/2372/1334 2336/2369/1347
f 2380/2432/1334 2394/2426/1335 2338/2375/1335 2337/2372/1334
f 2385/2412/1343 2383/2438/1345 2335/2358/1345 2334/2357/1343
f 2406/2413/1341 2385/2412/1343 2334/2357/1343 2333/2389/1341
f 2391/2434/1346 2387/2436/1318 2344/2371/1318 2343/2366/1346
f 2387/2436/1318 2388/2429/1319 2345/2374/1319 2344/2371/1318
f 2388/2429/1319 2396/2428/1336 2330/2381/1336 2345/2374/1319
f 2393/2408/1344 2391/2434/1346 2343/2366/1346 2342/2365/1344
f 2408/2409/1342 2393/2408/1344 2342/2365/1344 2341/2391/1342
f 2394/2426/1335 2398/2420/1338 2339/2383/1338 2338/2375/1335
f 2396/2423/1336 2401/2422/1337 2331/2378/1337 2330/2377/1336
f 2398/2420/1338 2404/2416/1340 2340/2387/1340 2339/2383/1338
f 2401/2422/1337 2402/2418/1339 2332/2385/1339 2331/2378/1337
f 2402/2418/1339 2406/2413/1341 2333/2389/1341 2332/2385/1339
f 2404/2416/1340 2408/2409/1342 2341/2391/1342 2340/2387/1340
o Cylinder.025
v 23.920216 5.238202 -1.859421
v 23.851273 5.260618 -1.859421
v 23.920216 5.277927 -2.007680
v 23.851273 5.297341 -1.996472
v 23.920216 5.386461 -2.116214
v 23.851273 5.397669 -2.096800
v 23.920216 5.534720 -2.155940
v 23.851273 5.534720 -2.133523
v 23.920216 5.682980 -2.116214
v 23.851273 5.671772 -2.096800
v 23.920216 5.791513 -2.007680
v 23.851273 5.772100 -1.996472
v 23.920216 5.831239 -1.859421
v 23.851273 5.808823 -1.859421
v 23.920216 5.791513 -1.711161
v 23.851273 5.772100 -1.722370
v 23.920216 5.682980 -1.602628
v 23.851273 5.671772 -1.622041
v 23.920216 5.534720 -1.562902
v 23.851273 5.534720 -1.585319
v 23.920216 5.386461 -1.602628
v 23.851273 5.397669 -1.622041
v 23.920216 5.277927 -1.711161
v 23.851273 5.297341 -1.722370
v 23.851273 5.277927 -2.007680
v 23.851273 5.238201 -1.859421
v 23.851273 5.386461 -2.116214
v 23.851273 5.534720 -2.155940
v 23.851273 5.682980 -2.116214
v 23.851273 5.791513 -2.007680
v 23.851273 5.831239 -1.859421
v 23.851273 5.791513 -1.711161
v 23.851273 5.682980 -1.602628
v 23.851273 5.534720 -1.562902
v 23.851273 5.386461 -1.602628
v 23.851273 5.277927 -1.711161
v 23.611506 5.300241 -1.994797
v 23.611506 5.263968 -1.859421
v 23.611506 5.399344 -2.093899
v 23.611506 5.534720 -2.130174
v 23.611506 5.670097 -2.093899
v 23.611506 5.769199 -1.994797
v 23.611506 5.805473 -1.859421
v 23.611506 5.769199 -1.724044
v 23.611506 5.670097 -1.624942
v 23.611506 5.534720 -1.588668
v 23.611506 5.399344 -1.624942
v 23.611506 5.300241 -1.724044
vn -0.0000 -1.0000 -0.0000
vn -0.0000 -0.8660 -0.5000
vn -0.0000 -0.5000 -0.8660
vn -0.0000 -0.0000 -1.0000
vn -0.0000 0.5000 -0.8660
vn -0.0000 0.8660 -0.5000
vn -0.0000 1.0000 -0.0000
vn -0.0000 0.8660 0.5000
vn -0.0000 0.5000 0.8660
vn -0.0000 -0.0000 1.0000
vn -0.0000 -0.5000 0.8660
vn -0.0140 -0.0000 -0.9999
vn -0.0140 -0.5000 -0.8659
vn -0.0000 -0.8660 0.5000
vn 1.0000 -0.0000 -0.0000
vn -1.0000 -0.0000 -0.0000
vn -0.0140 -0.5000 0.8659
vn -0.0140 -0.0000 0.9999
vn -0.0140 0.8659 0.5000
vn -0.0140 0.9999 -0.0000
vn -0.0140 0.5000 -0.8659
vn -0.0140 -0.8659 0.5000
vn -0.0140 -0.8659 -0.5000
vn -0.0140 -0.9999 -0.0000
vn -0.0140 0.5000 0.8659
vn -0.0140 0.8659 -0.5000
vt 0.767029 0.093418
vt 0.792237 0.093418
vt 0.792237 0.097620
vt 0.767029 0.097620
vt 0.792237 0.101821
vt 0.767029 0.101821
vt 0.792237 0.106023
vt 0.767029 0.106023
vt 0.792237 0.110224
vt 0.767029 0.110224
vt 0.792237 0.114425
vt 0.767029 0.114425
vt 0.792237 0.118627
vt 0.767029 0.118627
vt 0.792237 0.122828
vt 0.767029 0.122828
vt 0.792237 0.127030
vt 0.767029 0.127030
vt 0.792237 0.131231
vt 0.767029 0.131231
vt 0.792237 0.135433
vt 0.767029 0.135433
vt 0.933833 0.973732
vt 0.911310 0.973732
vt 0.792237 0.139634
vt 0.767029 0.139634
vt 0.792237 0.143836
vt 0.767029 0.143836
vt 0.153566 0.967208
vt 0.166865 0.974886
vt 0.182220 0.974886
vt 0.195519 0.967208
vt 0.203196 0.953910
vt 0.203196 0.938554
vt 0.195519 0.925256
vt 0.182220 0.917578
vt 0.166865 0.917578
vt 0.153566 0.925256
vt 0.145888 0.938554
vt 0.145888 0.953910
vt 0.880543 0.942965
vt 0.891805 0.962470
vt 0.889289 0.964987
vt 0.877106 0.943886
vt 0.910389 0.977169
vt 0.934754 0.977169
vt 0.953338 0.962470
vt 0.955854 0.964987
vt 0.964599 0.942965
vt 0.968037 0.943886
vt 0.964599 0.920442
vt 0.968037 0.919521
vt 0.953338 0.900937
vt 0.955854 0.898421
vt 0.933833 0.889676
vt 0.934754 0.886239
vt 0.911310 0.889676
vt 0.910389 0.886239
vt 0.891805 0.900937
vt 0.889288 0.898421
vt 0.880543 0.920442
vt 0.877106 0.919521
s 1
usemtl Main
f 2410/2442/1364 2435/2443/1364 2434/2444/1365 2412/2445/1365
f 2412/2445/1365 2434/2444/1365 2436/2446/1366 2414/2447/1366
f 2414/2447/1366 2436/2446/1366 2437/2448/1367 2416/2449/1367
f 2416/2449/1367 2437/2448/1367 2438/2450/1368 2418/2451/1368
f 2418/2451/1368 2438/2450/1368 2439/2452/1369 2420/2453/1369
f 2420/2453/1369 2439/2452/1369 2440/2454/1370 2422/2455/1370
f 2422/2455/1370 2440/2454/1370 2441/2456/1371 2424/2457/1371
f 2424/2457/1371 2441/2456/1371 2442/2458/1372 2426/2459/1372
f 2426/2459/1372 2442/2458/1372 2443/2460/1373 2428/2461/1373
f 2428/2461/1373 2443/2460/1373 2444/2462/1374 2430/2463/1374
f 2417/2464/1375 2415/2465/1376 2448/2465/1376 2449/2464/1375
f 2430/2463/1374 2444/2462/1374 2445/2466/1377 2432/2467/1377
f 2432/2467/1377 2445/2466/1377 2435/2468/1364 2410/2469/1364
f 2410/2470/1378 2412/2471/1378 2414/2472/1378 2416/2473/1378 2418/2474/1378 2420/2475/1378 2422/2476/1378 2424/2477/1378 2426/2478/1378 2428/2479/1378 2430/2480/1378 2432/2481/1378
f 2411/2482/1379 2413/2483/1379 2434/2484/1379 2435/2485/1379
f 2413/2483/1379 2415/2465/1379 2436/2486/1379 2434/2484/1379
f 2415/2465/1379 2417/2464/1379 2437/2487/1379 2436/2486/1379
f 2417/2464/1379 2419/2488/1379 2438/2489/1379 2437/2487/1379
f 2419/2488/1379 2421/2490/1379 2439/2491/1379 2438/2489/1379
f 2421/2490/1379 2423/2492/1379 2440/2493/1379 2439/2491/1379
f 2423/2492/1379 2425/2494/1379 2441/2495/1379 2440/2493/1379
f 2425/2494/1379 2427/2496/1379 2442/2497/1379 2441/2495/1379
f 2427/2496/1379 2429/2498/1379 2443/2499/1379 2442/2497/1379
f 2429/2498/1379 2431/2500/1379 2444/2501/1379 2443/2499/1379
f 2431/2500/1379 2433/2502/1379 2445/2503/1379 2444/2501/1379
f 2433/2502/1379 2411/2482/1379 2435/2485/1379 2445/2503/1379
f 2431/2500/1380 2429/2498/1381 2455/2498/1381 2456/2500/1380
f 2425/2494/1382 2423/2492/1383 2452/2492/1383 2453/2494/1382
f 2419/2488/1384 2417/2464/1375 2449/2464/1375 2450/2488/1384
f 2433/2502/1385 2431/2500/1380 2456/2500/1380 2457/2502/1385
f 2413/2483/1386 2411/2482/1387 2447/2482/1387 2446/2483/1386
f 2427/2496/1388 2425/2494/1382 2453/2494/1382 2454/2496/1388
f 2421/2490/1389 2419/2488/1384 2450/2488/1384 2451/2490/1389
f 2411/2482/1387 2433/2502/1385 2457/2502/1385 2447/2482/1387
f 2415/2465/1376 2413/2483/1386 2446/2483/1386 2448/2465/1376
f 2429/2498/1381 2427/2496/1388 2454/2496/1388 2455/2498/1381
f 2423/2492/1383 2421/2490/1389 2451/2490/1389 2452/2492/1383
f 2446/2483/1379 2447/2482/1379 2457/2502/1379 2456/2500/1379 2455/2498/1379 2454/2496/1379 2453/2494/1379 2452/2492/1379 2451/2490/1379 2450/2488/1379 2449/2464/1379 2448/2465/1379
o Cylinder.037
v 24.013376 6.738793 -2.334302
v 23.968943 6.753241 -2.334302
v 24.013376 6.764396 -2.429855
v 23.968943 6.776908 -2.422631
v 24.013376 6.834346 -2.499804
v 23.968943 6.841569 -2.487292
v 24.013376 6.929898 -2.525407
v 23.968943 6.929898 -2.510960
v 24.013376 7.025451 -2.499804
v 23.968943 7.018227 -2.487292
v 24.013376 7.095400 -2.429855
v 23.968943 7.082888 -2.422631
v 24.013376 7.121004 -2.334302
v 23.968943 7.106556 -2.334302
v 24.013376 7.095400 -2.238750
v 23.968943 7.082888 -2.245973
v 24.013376 7.025451 -2.168800
v 23.968943 7.018227 -2.181312
v 24.013376 6.929898 -2.143197
v 23.968943 6.929898 -2.157644
v 24.013376 6.834346 -2.168800
v 23.968943 6.841569 -2.181312
v 24.013376 6.764396 -2.238750
v 23.968943 6.776908 -2.245973
v 23.968943 6.764396 -2.429855
v 23.968943 6.738793 -2.334302
v 23.968943 6.834346 -2.499804
v 23.968943 6.929898 -2.525407
v 23.968943 7.025451 -2.499804
v 23.968943 7.095400 -2.429855
v 23.968943 7.121003 -2.334302
v 23.968943 7.095400 -2.238750
v 23.968943 7.025451 -2.168800
v 23.968943 6.929898 -2.143197
v 23.968943 6.834346 -2.168800
v 23.968943 6.764396 -2.238750
v 23.814415 6.778778 -2.421551
v 23.814415 6.755399 -2.334302
v 23.814415 6.842649 -2.485422
v 23.814415 6.929898 -2.508801
v 23.814415 7.017148 -2.485422
v 23.814415 7.081019 -2.421551
v 23.814415 7.104397 -2.334302
v 23.814415 7.081019 -2.247052
v 23.814415 7.017148 -2.183182
v 23.814415 6.929898 -2.159803
v 23.814415 6.842649 -2.183182
v 23.814415 6.778778 -2.247052
vn -0.0000 -1.0000 -0.0000
vn -0.0000 -0.8660 -0.5000
vn -0.0000 -0.5000 -0.8660
vn -0.0000 -0.0000 -1.0000
vn -0.0000 0.5000 -0.8660
vn -0.0000 0.8660 -0.5000
vn -0.0000 1.0000 -0.0000
vn -0.0000 0.8660 0.5000
vn -0.0000 0.5000 0.8660
vn -0.0000 -0.0000 1.0000
vn -0.0000 -0.5000 0.8660
vn -0.0140 -0.0000 -0.9999
vn -0.0140 -0.5000 -0.8659
vn -0.0000 -0.8660 0.5000
vn 1.0000 -0.0000 -0.0000
vn -1.0000 -0.0000 -0.0000
vn -0.0140 -0.5000 0.8659
vn -0.0140 -0.0000 0.9999
vn -0.0140 0.8659 0.5000
vn -0.0140 0.9999 -0.0000
vn -0.0140 0.5000 -0.8659
vn -0.0140 -0.8659 0.5000
vn -0.0140 -0.8659 -0.5000
vn -0.0140 -0.9999 -0.0000
vn -0.0140 0.5000 0.8659
vn -0.0140 0.8659 -0.5000
vt 0.824106 0.792048
vt 0.849315 0.792048
vt 0.849315 0.796250
vt 0.824106 0.796250
vt 0.849315 0.800451
vt 0.824106 0.800451
vt 0.849315 0.804653
vt 0.824106 0.804653
vt 0.849315 0.808854
vt 0.824106 0.808854
vt 0.849315 0.813056
vt 0.824106 0.813056
vt 0.849315 0.817257
vt 0.824106 0.817257
vt 0.849315 0.821459
vt 0.824106 0.821459
vt 0.849315 0.825660
vt 0.824106 0.825660
vt 0.849315 0.829861
vt 0.824106 0.829861
vt 0.849315 0.834063
vt 0.824106 0.834063
vt 0.976169 0.375823
vt 0.987431 0.395328
vt 0.976169 0.375823
vt 0.849315 0.838264
vt 0.824106 0.838264
vt 0.849315 0.842466
vt 0.824106 0.842466
vt 0.589639 0.969491
vt 0.602938 0.977169
vt 0.618293 0.977169
vt 0.631592 0.969491
vt 0.639269 0.956193
vt 0.639269 0.940837
vt 0.631592 0.927539
vt 0.618293 0.919861
vt 0.602938 0.919861
vt 0.589639 0.927539
vt 0.581962 0.940837
vt 0.581962 0.956193
vt 0.976169 0.437356
vt 0.987431 0.417851
vt 0.990868 0.418772
vt 0.978685 0.439872
vt 0.990868 0.394407
vt 0.978685 0.373307
vt 0.956664 0.364562
vt 0.957585 0.361124
vt 0.934141 0.364562
vt 0.933220 0.361124
vt 0.914636 0.375823
vt 0.912120 0.373307
vt 0.903374 0.395328
vt 0.899937 0.394407
vt 0.903374 0.417851
vt 0.899937 0.418772
vt 0.914636 0.437356
vt 0.912120 0.439872
vt 0.934141 0.448618
vt 0.933220 0.452055
vt 0.956664 0.448618
vt 0.957585 0.452055
s 1
usemtl Main
f 2458/2504/1390 2483/2505/1390 2482/2506/1391 2460/2507/1391
f 2460/2507/1391 2482/2506/1391 2484/2508/1392 2462/2509/1392
f 2462/2509/1392 2484/2508/1392 2485/2510/1393 2464/2511/1393
f 2464/2511/1393 2485/2510/1393 2486/2512/1394 2466/2513/1394
f 2466/2513/1394 2486/2512/1394 2487/2514/1395 2468/2515/1395
f 2468/2515/1395 2487/2514/1395 2488/2516/1396 2470/2517/1396
f 2470/2517/1396 2488/2516/1396 2489/2518/1397 2472/2519/1397
f 2472/2519/1397 2489/2518/1397 2490/2520/1398 2474/2521/1398
f 2474/2521/1398 2490/2520/1398 2491/2522/1399 2476/2523/1399
f 2476/2523/1399 2491/2522/1399 2492/2524/1400 2478/2525/1400
f 2465/2526/1401 2463/2527/1402 2496/2527/1402 2497/2528/1401
f 2478/2525/1400 2492/2524/1400 2493/2529/1403 2480/2530/1403
f 2480/2530/1403 2493/2529/1403 2483/2531/1390 2458/2532/1390
f 2458/2533/1404 2460/2534/1404 2462/2535/1404 2464/2536/1404 2466/2537/1404 2468/2538/1404 2470/2539/1404 2472/2540/1404 2474/2541/1404 2476/2542/1404 2478/2543/1404 2480/2544/1404
f 2459/2545/1405 2461/2546/1405 2482/2547/1405 2483/2548/1405
f 2461/2546/1405 2463/2527/1405 2484/2549/1405 2482/2547/1405
f 2463/2527/1405 2465/2526/1405 2485/2550/1405 2484/2549/1405
f 2465/2526/1405 2467/2551/1405 2486/2552/1405 2485/2550/1405
f 2467/2551/1405 2469/2553/1405 2487/2554/1405 2486/2552/1405
f 2469/2553/1405 2471/2555/1405 2488/2556/1405 2487/2554/1405
f 2471/2555/1405 2473/2557/1405 2489/2558/1405 2488/2556/1405
f 2473/2557/1405 2475/2559/1405 2490/2560/1405 2489/2558/1405
f 2475/2559/1405 2477/2561/1405 2491/2562/1405 2490/2560/1405
f 2477/2561/1405 2479/2563/1405 2492/2564/1405 2491/2562/1405
f 2479/2563/1405 2481/2565/1405 2493/2566/1405 2492/2564/1405
f 2481/2565/1405 2459/2545/1405 2483/2548/1405 2493/2566/1405
f 2479/2563/1406 2477/2561/1407 2503/2561/1407 2504/2563/1406
f 2473/2557/1408 2471/2555/1409 2500/2555/1409 2501/2557/1408
f 2467/2551/1410 2465/2526/1401 2497/2528/1401 2498/2551/1410
f 2481/2565/1411 2479/2563/1406 2504/2563/1406 2505/2565/1411
f 2461/2546/1412 2459/2545/1413 2495/2545/1413 2494/2546/1412
f 2475/2559/1414 2473/2557/1408 2501/2557/1408 2502/2559/1414
f 2469/2553/1415 2467/2551/1410 2498/2551/1410 2499/2553/1415
f 2459/2545/1413 2481/2565/1411 2505/2565/1411 2495/2545/1413
f 2463/2527/1402 2461/2546/1412 2494/2546/1412 2496/2527/1402
f 2477/2561/1407 2475/2559/1414 2502/2559/1414 2503/2561/1407
f 2471/2555/1409 2469/2553/1415 2499/2553/1415 2500/2555/1409
f 2494/2546/1405 2495/2545/1405 2505/2565/1405 2504/2563/1405 2503/2561/1405 2502/2559/1405 2501/2557/1405 2500/2555/1405 2499/2553/1405 2498/2551/1405 2497/2528/1405 2496/2527/1405
o Cylinder.038
v 23.825705 6.940535 -2.474694
v 23.366957 6.941412 -2.474662
v 23.825705 7.010731 -2.455885
v 23.367512 7.011606 -2.455853
v 23.825705 7.062118 -2.404499
v 23.367931 7.062991 -2.404466
v 23.825705 7.080927 -2.334303
v 23.368105 7.081800 -2.334271
v 23.825705 7.062118 -2.264107
v 23.367983 7.062991 -2.264075
v 23.825705 7.010731 -2.212720
v 23.367601 7.011606 -2.212688
v 23.825705 6.940535 -2.193911
v 23.367060 6.941412 -2.193879
v 23.825705 6.870339 -2.212720
v 23.366505 6.871218 -2.212688
v 23.825705 6.818953 -2.264107
v 23.366085 6.819833 -2.264075
v 23.825705 6.800144 -2.334303
v 23.365913 6.801024 -2.334270
v 23.825705 6.818953 -2.404499
v 23.366034 6.819833 -2.404466
v 23.825705 6.870339 -2.455885
v 23.366417 6.871219 -2.455853
v 22.907976 6.951842 -2.473952
v 22.911068 7.021971 -2.455148
v 22.913458 7.073306 -2.403764
v 22.914507 7.092091 -2.333570
v 22.913935 7.073294 -2.263374
v 22.911894 7.021951 -2.211984
v 22.908932 6.951818 -2.193170
v 22.905842 6.881690 -2.211975
v 22.903452 6.830355 -2.263358
v 22.902401 6.811569 -2.333552
v 22.902973 6.830366 -2.403749
v 22.905014 6.881710 -2.455139
v 22.449577 6.986721 -2.470779
v 22.458015 7.056420 -2.452015
v 22.464630 7.107415 -2.400663
v 22.467644 7.126042 -2.330483
v 22.466253 7.107310 -2.260280
v 22.460829 7.056238 -2.208865
v 22.452826 6.986511 -2.190015
v 22.444386 6.916813 -2.208779
v 22.437773 6.865818 -2.260131
v 22.434757 6.847191 -2.330311
v 22.436150 6.865923 -2.400514
v 22.441572 6.916995 -2.451929
v 21.996353 7.069355 -2.461936
v 22.014938 7.137116 -2.443380
v 22.029634 7.186566 -2.392195
v 22.036501 7.204457 -2.322094
v 22.033699 7.185993 -2.251863
v 22.021980 7.136122 -2.200319
v 22.004484 7.068208 -2.181273
v 21.985899 7.000447 -2.199828
v 21.971205 6.950996 -2.251014
v 21.964338 6.933106 -2.321114
v 21.967138 6.951571 -2.391345
v 21.978857 7.001441 -2.442890
v 21.567417 7.240335 -2.441540
v 21.603580 7.300838 -2.423854
v 21.632359 7.344472 -2.373365
v 21.646042 7.359545 -2.303602
v 21.640965 7.342017 -2.233259
v 21.618484 7.296587 -2.181182
v 21.584627 7.235425 -2.161327
v 21.548464 7.174922 -2.179014
v 21.519686 7.131288 -2.229502
v 21.506002 7.116215 -2.299265
v 21.511080 7.133743 -2.369609
v 21.533560 7.179173 -2.421685
v 21.216272 7.539977 -2.402984
v 21.272961 7.582761 -2.387580
v 21.318253 7.612134 -2.338929
v 21.340015 7.620226 -2.270066
v 21.332417 7.604867 -2.199443
v 21.297493 7.570174 -2.145983
v 21.244602 7.525442 -2.124012
v 21.187914 7.482657 -2.139416
v 21.142620 7.453284 -2.188067
v 21.120857 7.445193 -2.256931
v 21.128456 7.460552 -2.327554
v 21.163382 7.495245 -2.381013
v 20.998112 7.944973 -2.348064
v 21.066061 7.967426 -2.335414
v 21.120447 7.980379 -2.288986
v 21.146700 7.980360 -2.221221
v 21.137781 7.967375 -2.150277
v 21.096085 7.944903 -2.095162
v 21.032780 7.918965 -2.070646
v 20.964832 7.896512 -2.083297
v 20.910444 7.883559 -2.129725
v 20.884193 7.883577 -2.197490
v 20.893110 7.896563 -2.268434
v 20.934809 7.919035 -2.323548
v 20.892378 8.390429 -2.285527
v 20.963703 8.399291 -2.274782
v 21.020824 8.401228 -2.229898
v 21.048439 8.395722 -2.162902
v 21.039145 8.384249 -2.091746
v 20.995434 8.369882 -2.035496
v 20.929016 8.356470 -2.009223
v 20.857693 8.347609 -2.019968
v 20.800570 8.345671 -2.064852
v 20.772957 8.351177 -2.131847
v 20.782249 8.362651 -2.203004
v 20.825962 8.377018 -2.259254
v 20.854734 8.845153 -2.220185
v 20.926767 8.845938 -2.210599
v 20.984465 8.841307 -2.166659
v 21.012367 8.832500 -2.100137
v 21.002996 8.821878 -2.028859
v 20.958866 8.812287 -1.971923
v 20.891800 8.806296 -1.944584
v 20.819767 8.805511 -1.954170
v 20.762070 8.810142 -1.998110
v 20.734167 8.818948 -2.064632
v 20.743536 8.829571 -2.135911
v 20.787666 8.839162 -2.192847
v 20.858677 9.300465 -2.153617
v 20.930687 9.296334 -2.144750
v 20.988367 9.287690 -2.101396
v 21.016260 9.276848 -2.035171
v 21.006893 9.266714 -1.963822
v 20.962774 9.260003 -1.906464
v 20.895729 9.258512 -1.878469
v 20.823717 9.262644 -1.887336
v 20.766037 9.271288 -1.930690
v 20.738144 9.282129 -1.996915
v 20.747513 9.292263 -2.068264
v 20.791630 9.298975 -2.125622
vn -0.0001 -0.0003 -1.0000
vn -0.0008 -0.0017 -1.0000
vn 0.0009 0.4998 -0.8662
vn 0.0054 0.4986 -0.8668
vn 0.0016 0.8659 -0.5001
vn 0.0102 0.8655 -0.5008
vn 0.0019 1.0000 -0.0000
vn 0.0123 0.9999 -0.0001
vn 0.0017 0.8660 0.5001
vn 0.0111 0.8656 0.5006
vn 0.0010 0.4998 0.8662
vn 0.0068 0.4987 0.8667
vn 0.0001 -0.0003 1.0000
vn 0.0008 -0.0017 1.0000
vn -0.0009 -0.5002 0.8659
vn -0.0055 -0.5013 0.8652
vn -0.0016 -0.8661 0.4999
vn -0.0103 -0.8664 0.4992
vn -0.0019 -1.0000 -0.0000
vn -0.0123 -0.9999 -0.0001
vn -0.0017 -0.8661 -0.4999
vn -0.0111 -0.8663 -0.4993
vn -0.0010 -0.5002 -0.8659
vn -0.0069 -0.5012 -0.8653
vn -0.0045 -0.0043 -1.0000
vn 0.0208 0.4960 -0.8681
vn 0.0405 0.8638 -0.5023
vn 0.0493 0.9988 -0.0005
vn 0.0447 0.8640 0.5015
vn 0.0281 0.4962 0.8677
vn 0.0040 -0.0045 1.0000
vn -0.0212 -0.5030 0.8640
vn -0.0407 -0.8663 0.4978
vn -0.0493 -0.9988 -0.0004
vn -0.0449 -0.8658 -0.4983
vn -0.0285 -0.5024 -0.8642
vn -0.0143 -0.0076 -0.9999
vn 0.0516 0.4899 -0.8702
vn 0.1036 0.8569 -0.5050
vn 0.1276 0.9918 -0.0017
vn 0.1169 0.8568 0.5022
vn 0.0744 0.4892 0.8690
vn 0.0118 -0.0094 0.9999
vn -0.0536 -0.5035 0.8623
vn -0.1046 -0.8620 0.4961
vn -0.1279 -0.9918 -0.0003
vn -0.1175 -0.8602 -0.4963
vn -0.0760 -0.5011 -0.8621
vn -0.0366 -0.0108 -0.9993
vn 0.1064 0.4722 -0.8750
vn 0.2212 0.8302 -0.5118
vn 0.2755 0.9613 -0.0061
vn 0.2538 0.8270 0.5016
vn 0.1623 0.4656 0.8700
vn 0.0269 -0.0204 0.9994
vn -0.1148 -0.4973 0.8599
vn -0.2252 -0.8395 0.4945
vn -0.2763 -0.9611 0.0019
vn -0.2558 -0.8330 -0.4906
vn -0.1688 -0.4873 -0.8568
vn -0.0782 -0.0035 -0.9969
vn 0.1898 0.4262 -0.8845
vn 0.4087 0.7445 -0.5279
vn 0.5148 0.8571 -0.0205
vn 0.4758 0.7279 0.4937
vn 0.3036 0.3955 0.8668
vn 0.0495 -0.0419 0.9979
vn -0.2147 -0.4624 0.8603
vn -0.4198 -0.7578 0.4996
vn -0.5157 -0.8566 0.0132
vn -0.4805 -0.7367 -0.4759
vn -0.3221 -0.4271 -0.8449
vn -0.1229 0.0318 -0.9919
vn 0.2792 0.3443 -0.8964
vn 0.6105 0.5667 -0.5533
vn 0.7735 0.6317 -0.0504
vn 0.7166 0.5170 0.4681
vn 0.4579 0.2571 0.8510
vn 0.0767 -0.0704 0.9946
vn -0.3196 -0.3742 0.8705
vn -0.6284 -0.5771 0.5217
vn -0.7745 -0.6312 0.0418
vn -0.7235 -0.5251 -0.4480
vn -0.4875 -0.2848 -0.8254
vn -0.1418 0.0816 -0.9865
vn 0.3406 0.2543 -0.9052
vn 0.7346 0.3587 -0.5758
vn 0.9275 0.3642 -0.0850
vn 0.8620 0.2681 0.4303
vn 0.5575 0.0980 0.8244
vn 0.1030 -0.0980 0.9898
vn -0.3747 -0.2659 0.8882
vn -0.7494 -0.3623 0.5541
vn -0.9279 -0.3643 0.0787
vn -0.8672 -0.2729 -0.4164
vn -0.5820 -0.1109 -0.8056
vn -0.1421 0.1168 -0.9829
vn 0.3665 0.1876 -0.9113
vn 0.7783 0.2078 -0.5924
vn 0.9790 0.1713 -0.1107
vn 0.9115 0.0877 0.4018
vn 0.5950 -0.0196 0.8035
vn 0.1184 -0.1213 0.9855
vn -0.3873 -0.1900 0.9022
vn -0.7875 -0.2080 0.5801
vn -0.9794 -0.1712 0.1069
vn -0.9148 -0.0898 -0.3939
vn -0.6099 0.0153 -0.7924
vn -0.1392 0.1369 -0.9807
vn 0.3746 0.1465 -0.9156
vn 0.7890 0.1166 -0.6032
vn 0.9904 0.0549 -0.1267
vn 0.9228 -0.0217 0.3846
vn 0.6050 -0.0923 0.7908
vn 0.1247 -0.1379 0.9826
vn -0.3874 -0.1463 0.9102
vn -0.7947 -0.1158 0.5958
vn -0.9907 -0.0547 0.1243
vn -0.9249 0.0208 -0.3797
vn -0.6141 0.0909 -0.7840
vn -0.1370 0.1445 -0.9800
vn 0.3771 0.1308 -0.9169
vn 0.7906 0.0818 -0.6068
vn 0.9911 0.0107 -0.1326
vn 0.9238 -0.0633 0.3775
vn 0.6071 -0.1201 0.7855
vn 0.1273 -0.1446 0.9813
vn -0.3857 -0.1302 0.9134
vn -0.7945 -0.0812 0.6019
vn -0.9913 -0.0106 0.1310
vn -0.9252 0.0627 -0.3743
vn -0.6132 0.1194 -0.7808
vt 0.911651 0.719146
vt 0.911651 0.628141
vt 0.926069 0.628141
vt 0.926069 0.719146
vt 0.938555 0.628141
vt 0.938555 0.719146
vt 0.449927 0.935510
vt 0.449927 0.844504
vt 0.462413 0.844504
vt 0.462413 0.935510
vt 0.476831 0.844504
vt 0.476831 0.935510
vt 0.489318 0.844504
vt 0.489318 0.935510
vt 0.959065 0.382123
vt 0.959065 0.473128
vt 0.946578 0.473128
vt 0.946578 0.382123
vt 0.932160 0.473128
vt 0.932160 0.382123
vt 0.919674 0.473128
vt 0.919674 0.382123
vt 0.938287 0.802439
vt 0.938287 0.893444
vt 0.925801 0.893444
vt 0.925801 0.802439
vt 0.911383 0.893444
vt 0.911383 0.802439
vt 0.898896 0.893444
vt 0.898896 0.802439
vt 0.899164 0.719146
vt 0.899164 0.628141
s 1
usemtl Pipes
f 2506/2567/1416 2507/2568/1417 2509/2569/1419 2508/2570/1418
f 2508/2570/1418 2509/2569/1419 2511/2571/1421 2510/2572/1420
f 2510/2573/1420 2511/2574/1421 2513/2575/1423 2512/2576/1422
f 2512/2576/1422 2513/2575/1423 2515/2577/1425 2514/2578/1424
f 2514/2578/1424 2515/2577/1425 2517/2579/1427 2516/2580/1426
f 2516/2581/1426 2517/2582/1427 2519/2583/1429 2518/2584/1428
f 2518/2584/1428 2519/2583/1429 2521/2585/1431 2520/2586/1430
f 2520/2586/1430 2521/2585/1431 2523/2587/1433 2522/2588/1432
f 2522/2589/1432 2523/2590/1433 2525/2591/1435 2524/2592/1434
f 2524/2592/1434 2525/2591/1435 2527/2593/1437 2526/2594/1436
f 2526/2594/1436 2527/2593/1437 2529/2595/1439 2528/2596/1438
f 2528/2597/1438 2529/2598/1439 2507/2568/1417 2506/2567/1416
f 2507/2567/1417 2530/2568/1440 2531/2569/1441 2509/2570/1419
f 2509/2570/1419 2531/2569/1441 2532/2571/1442 2511/2572/1421
f 2511/2573/1421 2532/2574/1442 2533/2575/1443 2513/2576/1423
f 2513/2576/1423 2533/2575/1443 2534/2577/1444 2515/2578/1425
f 2515/2578/1425 2534/2577/1444 2535/2579/1445 2517/2580/1427
f 2517/2581/1427 2535/2582/1445 2536/2583/1446 2519/2584/1429
f 2519/2584/1429 2536/2583/1446 2537/2585/1447 2521/2586/1431
f 2521/2586/1431 2537/2585/1447 2538/2587/1448 2523/2588/1433
f 2523/2589/1433 2538/2590/1448 2539/2591/1449 2525/2592/1435
f 2525/2592/1435 2539/2591/1449 2540/2593/1450 2527/2594/1437
f 2527/2594/1437 2540/2593/1450 2541/2595/1451 2529/2596/1439
f 2529/2597/1439 2541/2598/1451 2530/2568/1440 2507/2567/1417
f 2530/2567/1440 2542/2568/1452 2543/2569/1453 2531/2570/1441
f 2531/2570/1441 2543/2569/1453 2544/2571/1454 2532/2572/1442
f 2532/2573/1442 2544/2574/1454 2545/2575/1455 2533/2576/1443
f 2533/2576/1443 2545/2575/1455 2546/2577/1456 2534/2578/1444
f 2534/2578/1444 2546/2577/1456 2547/2579/1457 2535/2580/1445
f 2535/2581/1445 2547/2582/1457 2548/2583/1458 2536/2584/1446
f 2536/2584/1446 2548/2583/1458 2549/2585/1459 2537/2586/1447
f 2537/2586/1447 2549/2585/1459 2550/2587/1460 2538/2588/1448
f 2538/2589/1448 2550/2590/1460 2551/2591/1461 2539/2592/1449
f 2539/2592/1449 2551/2591/1461 2552/2593/1462 2540/2594/1450
f 2540/2594/1450 2552/2593/1462 2553/2595/1463 2541/2596/1451
f 2541/2597/1451 2553/2598/1463 2542/2568/1452 2530/2567/1440
f 2542/2567/1452 2554/2568/1464 2555/2569/1465 2543/2570/1453
f 2543/2570/1453 2555/2569/1465 2556/2571/1466 2544/2572/1454
f 2544/2573/1454 2556/2574/1466 2557/2575/1467 2545/2576/1455
f 2545/2576/1455 2557/2575/1467 2558/2577/1468 2546/2578/1456
f 2546/2578/1456 2558/2577/1468 2559/2579/1469 2547/2580/1457
f 2547/2581/1457 2559/2582/1469 2560/2583/1470 2548/2584/1458
f 2548/2584/1458 2560/2583/1470 2561/2585/1471 2549/2586/1459
f 2549/2586/1459 2561/2585/1471 2562/2587/1472 2550/2588/1460
f 2550/2589/1460 2562/2590/1472 2563/2591/1473 2551/2592/1461
f 2551/2592/1461 2563/2591/1473 2564/2593/1474 2552/2594/1462
f 2552/2594/1462 2564/2593/1474 2565/2595/1475 2553/2596/1463
f 2553/2597/1463 2565/2598/1475 2554/2568/1464 2542/2567/1452
f 2554/2567/1464 2566/2568/1476 2567/2569/1477 2555/2570/1465
f 2555/2570/1465 2567/2569/1477 2568/2571/1478 2556/2572/1466
f 2556/2573/1466 2568/2574/1478 2569/2575/1479 2557/2576/1467
f 2557/2576/1467 2569/2575/1479 2570/2577/1480 2558/2578/1468
f 2558/2578/1468 2570/2577/1480 2571/2579/1481 2559/2580/1469
f 2559/2581/1469 2571/2582/1481 2572/2583/1482 2560/2584/1470
f 2560/2584/1470 2572/2583/1482 2573/2585/1483 2561/2586/1471
f 2561/2586/1471 2573/2585/1483 2574/2587/1484 2562/2588/1472
f 2562/2589/1472 2574/2590/1484 2575/2591/1485 2563/2592/1473
f 2563/2592/1473 2575/2591/1485 2576/2593/1486 2564/2594/1474
f 2564/2594/1474 2576/2593/1486 2577/2595/1487 2565/2596/1475
f 2565/2597/1475 2577/2598/1487 2566/2568/1476 2554/2567/1464
f 2566/2567/1476 2578/2568/1488 2579/2569/1489 2567/2570/1477
f 2567/2570/1477 2579/2569/1489 2580/2571/1490 2568/2572/1478
f 2568/2573/1478 2580/2574/1490 2581/2575/1491 2569/2576/1479
f 2569/2576/1479 2581/2575/1491 2582/2577/1492 2570/2578/1480
f 2570/2578/1480 2582/2577/1492 2583/2579/1493 2571/2580/1481
f 2571/2581/1481 2583/2582/1493 2584/2583/1494 2572/2584/1482
f 2572/2584/1482 2584/2583/1494 2585/2585/1495 2573/2586/1483
f 2573/2586/1483 2585/2585/1495 2586/2587/1496 2574/2588/1484
f 2574/2589/1484 2586/2590/1496 2587/2591/1497 2575/2592/1485
f 2575/2592/1485 2587/2591/1497 2588/2593/1498 2576/2594/1486
f 2576/2594/1486 2588/2593/1498 2589/2595/1499 2577/2596/1487
f 2577/2597/1487 2589/2598/1499 2578/2568/1488 2566/2567/1476
f 2578/2567/1488 2590/2568/1500 2591/2569/1501 2579/2570/1489
f 2579/2570/1489 2591/2569/1501 2592/2571/1502 2580/2572/1490
f 2580/2573/1490 2592/2574/1502 2593/2575/1503 2581/2576/1491
f 2581/2576/1491 2593/2575/1503 2594/2577/1504 2582/2578/1492
f 2582/2578/1492 2594/2577/1504 2595/2579/1505 2583/2580/1493
f 2583/2581/1493 2595/2582/1505 2596/2583/1506 2584/2584/1494
f 2584/2584/1494 2596/2583/1506 2597/2585/1507 2585/2586/1495
f 2585/2586/1495 2597/2585/1507 2598/2587/1508 2586/2588/1496
f 2586/2589/1496 2598/2590/1508 2599/2591/1509 2587/2592/1497
f 2587/2592/1497 2599/2591/1509 2600/2593/1510 2588/2594/1498
f 2588/2594/1498 2600/2593/1510 2601/2595/1511 2589/2596/1499
f 2589/2597/1499 2601/2598/1511 2590/2568/1500 2578/2567/1488
f 2590/2567/1500 2602/2568/1512 2603/2569/1513 2591/2570/1501
f 2591/2570/1501 2603/2569/1513 2604/2571/1514 2592/2572/1502
f 2592/2573/1502 2604/2574/1514 2605/2575/1515 2593/2576/1503
f 2593/2576/1503 2605/2575/1515 2606/2577/1516 2594/2578/1504
f 2594/2578/1504 2606/2577/1516 2607/2579/1517 2595/2580/1505
f 2595/2581/1505 2607/2582/1517 2608/2583/1518 2596/2584/1506
f 2596/2584/1506 2608/2583/1518 2609/2585/1519 2597/2586/1507
f 2597/2586/1507 2609/2585/1519 2610/2587/1520 2598/2588/1508
f 2598/2589/1508 2610/2590/1520 2611/2591/1521 2599/2592/1509
f 2599/2592/1509 2611/2591/1521 2612/2593/1522 2600/2594/1510
f 2600/2594/1510 2612/2593/1522 2613/2595/1523 2601/2596/1511
f 2601/2597/1511 2613/2598/1523 2602/2568/1512 2590/2567/1500
f 2602/2567/1512 2614/2568/1524 2615/2569/1525 2603/2570/1513
f 2603/2570/1513 2615/2569/1525 2616/2571/1526 2604/2572/1514
f 2604/2573/1514 2616/2574/1526 2617/2575/1527 2605/2576/1515
f 2605/2576/1515 2617/2575/1527 2618/2577/1528 2606/2578/1516
f 2606/2578/1516 2618/2577/1528 2619/2579/1529 2607/2580/1517
f 2607/2581/1517 2619/2582/1529 2620/2583/1530 2608/2584/1518
f 2608/2584/1518 2620/2583/1530 2621/2585/1531 2609/2586/1519
f 2609/2586/1519 2621/2585/1531 2622/2587/1532 2610/2588/1520
f 2610/2589/1520 2622/2590/1532 2623/2591/1533 2611/2592/1521
f 2611/2592/1521 2623/2591/1533 2624/2593/1534 2612/2594/1522
f 2612/2594/1522 2624/2593/1534 2625/2595/1535 2613/2596/1523
f 2613/2597/1523 2625/2598/1535 2614/2568/1524 2602/2567/1512
f 2614/2567/1524 2626/2568/1536 2627/2569/1537 2615/2570/1525
f 2615/2570/1525 2627/2569/1537 2628/2571/1538 2616/2572/1526
f 2616/2573/1526 2628/2574/1538 2629/2575/1539 2617/2576/1527
f 2617/2576/1527 2629/2575/1539 2630/2577/1540 2618/2578/1528
f 2618/2578/1528 2630/2577/1540 2631/2579/1541 2619/2580/1529
f 2619/2581/1529 2631/2582/1541 2632/2583/1542 2620/2584/1530
f 2620/2584/1530 2632/2583/1542 2633/2585/1543 2621/2586/1531
f 2621/2586/1531 2633/2585/1543 2634/2587/1544 2622/2588/1532
f 2622/2589/1532 2634/2590/1544 2635/2591/1545 2623/2592/1533
f 2623/2592/1533 2635/2591/1545 2636/2593/1546 2624/2594/1534
f 2624/2594/1534 2636/2593/1546 2637/2595/1547 2625/2596/1535
f 2625/2597/1535 2637/2598/1547 2626/2568/1536 2614/2567/1524
o Cylinder.039
v 25.848087 7.121233 -2.276207
v 25.892521 7.135681 -2.276207
v 25.848087 7.146837 -2.180654
v 25.892521 7.159349 -2.187878
v 25.848087 7.216786 -2.110705
v 25.892521 7.224010 -2.123217
v 25.848087 7.312339 -2.085102
v 25.892521 7.312339 -2.099549
v 25.848087 7.407891 -2.110705
v 25.892521 7.400668 -2.123217
v 25.848087 7.477841 -2.180654
v 25.892521 7.465329 -2.187878
v 25.848087 7.503444 -2.276207
v 25.892521 7.488997 -2.276207
v 25.848087 7.477841 -2.371759
v 25.892521 7.465329 -2.364536
v 25.848087 7.407891 -2.441709
v 25.892521 7.400668 -2.429197
v 25.848087 7.312339 -2.467312
v 25.892521 7.312339 -2.452864
v 25.848087 7.216786 -2.441709
v 25.892521 7.224010 -2.429197
v 25.848087 7.146837 -2.371759
v 25.892521 7.159349 -2.364536
v 25.892521 7.146837 -2.180654
v 25.892521 7.121233 -2.276207
v 25.892521 7.216786 -2.110705
v 25.892521 7.312339 -2.085102
v 25.892521 7.407891 -2.110705
v 25.892521 7.477841 -2.180654
v 25.892521 7.503444 -2.276207
v 25.892521 7.477841 -2.371759
v 25.892521 7.407891 -2.441709
v 25.892521 7.312339 -2.467312
v 25.892521 7.216786 -2.441709
v 25.892521 7.146837 -2.371759
v 26.047049 7.161218 -2.188957
v 26.047049 7.137840 -2.276207
v 26.047049 7.225090 -2.125087
v 26.047049 7.312339 -2.101708
v 26.047049 7.399588 -2.125087
v 26.047049 7.463459 -2.188957
v 26.047049 7.486838 -2.276207
v 26.047049 7.463459 -2.363456
v 26.047049 7.399588 -2.427327
v 26.047049 7.312339 -2.450706
v 26.047049 7.225090 -2.427327
v 26.047049 7.161218 -2.363456
vn -0.0000 -1.0000 -0.0000
vn -0.0000 -0.8660 0.5000
vn -0.0000 -0.5000 0.8660
vn -0.0000 -0.0000 1.0000
vn -0.0000 0.5000 0.8660
vn -0.0000 0.8660 0.5000
vn -0.0000 1.0000 -0.0000
vn -0.0000 0.8660 -0.5000
vn -0.0000 0.5000 -0.8660
vn -0.0000 -0.0000 -1.0000
vn -0.0000 -0.5000 -0.8660
vn 0.0140 -0.0000 0.9999
vn 0.0140 -0.5000 0.8659
vn -0.0000 -0.8660 -0.5000
vn -1.0000 -0.0000 -0.0000
vn 1.0000 -0.0000 -0.0000
vn 0.0140 -0.5000 -0.8659
vn 0.0140 -0.0000 -0.9999
vn 0.0140 0.8659 -0.5000
vn 0.0140 0.9999 -0.0000
vn 0.0140 0.5000 0.8659
vn 0.0140 -0.8659 -0.5000
vn 0.0140 -0.8659 0.5000
vn 0.0140 -0.9999 -0.0000
vn 0.0140 0.5000 -0.8659
vn 0.0140 0.8659 0.5000
vt 0.449677 0.693875
vt 0.474886 0.693875
vt 0.474886 0.698076
vt 0.449677 0.698076
vt 0.474886 0.702278
vt 0.449677 0.702278
vt 0.474886 0.706479
vt 0.449677 0.706479
vt 0.474886 0.710681
vt 0.449677 0.710681
vt 0.474886 0.714882
vt 0.449677 0.714882
vt 0.474886 0.719083
vt 0.449677 0.719083
vt 0.474886 0.723285
vt 0.449677 0.723285
vt 0.474886 0.727486
vt 0.449677 0.727486
vt 0.474886 0.731688
vt 0.449677 0.731688
vt 0.474886 0.735889
vt 0.449677 0.735889
vt 0.316352 0.905503
vt 0.327613 0.925009
vt 0.474886 0.740091
vt 0.449677 0.740091
vt 0.474886 0.744292
vt 0.449677 0.744292
vt 0.651283 0.967208
vt 0.664582 0.974886
vt 0.679937 0.974886
vt 0.693235 0.967208
vt 0.700913 0.953910
vt 0.700913 0.938554
vt 0.693235 0.925256
vt 0.679937 0.917578
vt 0.664582 0.917578
vt 0.651283 0.925256
vt 0.643605 0.938554
vt 0.643605 0.953910
vt 0.316352 0.967037
vt 0.327613 0.947531
vt 0.331050 0.948452
vt 0.318868 0.969553
vt 0.331050 0.924088
vt 0.318868 0.902987
vt 0.296846 0.894242
vt 0.297767 0.890805
vt 0.274324 0.894242
vt 0.273403 0.890805
vt 0.254818 0.905503
vt 0.252302 0.902987
vt 0.243557 0.925009
vt 0.240120 0.924088
vt 0.243557 0.947531
vt 0.240120 0.948452
vt 0.254818 0.967037
vt 0.252302 0.969553
vt 0.274324 0.978298
vt 0.273403 0.981735
vt 0.296846 0.978298
vt 0.297767 0.981735
vt 0.274324 0.978298
vt 0.296846 0.978298
s 1
usemtl Main
f 2638/2599/1548 2663/2600/1548 2662/2601/1549 2640/2602/1549
f 2640/2602/1549 2662/2601/1549 2664/2603/1550 2642/2604/1550
f 2642/2604/1550 2664/2603/1550 2665/2605/1551 2644/2606/1551
f 2644/2606/1551 2665/2605/1551 2666/2607/1552 2646/2608/1552
f 2646/2608/1552 2666/2607/1552 2667/2609/1553 2648/2610/1553
f 2648/2610/1553 2667/2609/1553 2668/2611/1554 2650/2612/1554
f 2650/2612/1554 2668/2611/1554 2669/2613/1555 2652/2614/1555
f 2652/2614/1555 2669/2613/1555 2670/2615/1556 2654/2616/1556
f 2654/2616/1556 2670/2615/1556 2671/2617/1557 2656/2618/1557
f 2656/2618/1557 2671/2617/1557 2672/2619/1558 2658/2620/1558
f 2645/2621/1559 2643/2622/1560 2676/2622/1560 2677/2621/1559
f 2658/2620/1558 2672/2619/1558 2673/2623/1561 2660/2624/1561
f 2660/2624/1561 2673/2623/1561 2663/2625/1548 2638/2626/1548
f 2638/2627/1562 2640/2628/1562 2642/2629/1562 2644/2630/1562 2646/2631/1562 2648/2632/1562 2650/2633/1562 2652/2634/1562 2654/2635/1562 2656/2636/1562 2658/2637/1562 2660/2638/1562
f 2639/2639/1563 2641/2640/1563 2662/2641/1563 2663/2642/1563
f 2641/2640/1563 2643/2622/1563 2664/2643/1563 2662/2641/1563
f 2643/2622/1563 2645/2621/1563 2665/2644/1563 2664/2643/1563
f 2645/2621/1563 2647/2645/1563 2666/2646/1563 2665/2644/1563
f 2647/2645/1563 2649/2647/1563 2667/2648/1563 2666/2646/1563
f 2649/2647/1563 2651/2649/1563 2668/2650/1563 2667/2648/1563
f 2651/2649/1563 2653/2651/1563 2669/2652/1563 2668/2650/1563
f 2653/2651/1563 2655/2653/1563 2670/2654/1563 2669/2652/1563
f 2655/2653/1563 2657/2655/1563 2671/2656/1563 2670/2654/1563
f 2657/2655/1563 2659/2657/1563 2672/2658/1563 2671/2656/1563
f 2659/2657/1563 2661/2659/1563 2673/2660/1563 2672/2658/1563
f 2661/2659/1563 2639/2639/1563 2663/2642/1563 2673/2660/1563
f 2659/2657/1564 2657/2655/1565 2683/2655/1565 2684/2661/1564
f 2653/2651/1566 2651/2649/1567 2680/2649/1567 2681/2651/1566
f 2647/2645/1568 2645/2621/1559 2677/2621/1559 2678/2645/1568
f 2661/2659/1569 2659/2657/1564 2684/2661/1564 2685/2662/1569
f 2641/2640/1570 2639/2639/1571 2675/2639/1571 2674/2640/1570
f 2655/2653/1572 2653/2651/1566 2681/2651/1566 2682/2653/1572
f 2649/2647/1573 2647/2645/1568 2678/2645/1568 2679/2647/1573
f 2639/2639/1571 2661/2659/1569 2685/2662/1569 2675/2639/1571
f 2643/2622/1560 2641/2640/1570 2674/2640/1570 2676/2622/1560
f 2657/2655/1565 2655/2653/1572 2682/2653/1572 2683/2655/1565
f 2651/2649/1567 2649/2647/1573 2679/2647/1573 2680/2649/1567
f 2674/2640/1563 2675/2639/1563 2685/2662/1563 2684/2661/1563 2683/2655/1563 2682/2653/1563 2681/2651/1563 2680/2649/1563 2679/2647/1563 2678/2645/1563 2677/2621/1563 2676/2622/1563
o Cylinder.040
v 26.035759 7.323071 -2.135815
v 26.494446 7.324933 -2.135816
v 26.035759 7.393267 -2.154624
v 26.492952 7.395113 -2.154625
v 26.035759 7.444654 -2.206011
v 26.491859 7.446488 -2.206012
v 26.035759 7.463462 -2.276207
v 26.491459 7.465293 -2.276208
v 26.035759 7.444654 -2.346403
v 26.491858 7.446488 -2.346404
v 26.035759 7.393267 -2.397790
v 26.492949 7.395113 -2.397791
v 26.035759 7.323071 -2.416599
v 26.494442 7.324933 -2.416600
v 26.035759 7.252875 -2.397790
v 26.495935 7.254753 -2.397791
v 26.035759 7.201488 -2.346403
v 26.497028 7.203378 -2.346404
v 26.035759 7.182679 -2.276207
v 26.497431 7.184573 -2.276208
v 26.035759 7.201488 -2.206011
v 26.497030 7.203378 -2.206012
v 26.035759 7.252875 -2.154624
v 26.495939 7.254753 -2.154625
v 26.951984 7.354879 -2.135848
v 26.943312 7.424537 -2.154656
v 26.936956 7.475530 -2.206043
v 26.934622 7.494194 -2.276238
v 26.936934 7.475528 -2.346434
v 26.943272 7.424534 -2.397822
v 26.951939 7.354876 -2.416631
v 26.960613 7.285218 -2.397823
v 26.966969 7.234225 -2.346436
v 26.969303 7.215561 -2.276241
v 26.966991 7.234227 -2.206045
v 26.960651 7.285221 -2.154657
v 27.399364 7.452746 -2.136023
v 27.376669 7.519174 -2.154825
v 27.360029 7.567797 -2.206208
v 27.353903 7.585587 -2.276402
v 27.359932 7.567778 -2.346599
v 27.376499 7.519140 -2.397991
v 27.399168 7.452707 -2.416806
v 27.421864 7.386279 -2.398004
v 27.438503 7.337656 -2.346622
v 27.444630 7.319866 -2.276428
v 27.438601 7.337675 -2.206230
v 27.422033 7.386313 -2.154839
v 27.799946 7.670991 -2.136639
v 27.754612 7.724599 -2.155405
v 27.721346 7.763807 -2.206760
v 27.709063 7.778110 -2.276944
v 27.721054 7.763675 -2.347151
v 27.754107 7.724369 -2.398570
v 27.799362 7.670725 -2.417422
v 27.844698 7.617117 -2.398656
v 27.877964 7.577909 -2.347301
v 27.890245 7.563606 -2.277117
v 27.878254 7.578041 -2.206910
v 27.845203 7.617347 -2.155491
v 28.070766 8.036655 -2.138194
v 28.006573 8.065156 -2.156853
v 27.959436 8.085893 -2.208130
v 27.941986 8.093309 -2.278285
v 27.958899 8.085420 -2.348520
v 28.005642 8.064336 -2.400015
v 28.069691 8.035708 -2.418973
v 28.133884 8.007209 -2.400314
v 28.181021 7.986472 -2.349037
v 28.198471 7.979055 -2.278882
v 28.181559 7.986945 -2.208647
v 28.134815 8.008029 -2.157152
v 28.189573 8.478609 -2.140877
v 28.119987 8.488365 -2.159425
v 28.068872 8.495266 -2.210619
v 28.049925 8.497460 -2.280743
v 28.068218 8.494361 -2.351007
v 28.118853 8.486798 -2.402583
v 28.188263 8.476799 -2.421652
v 28.257847 8.467042 -2.403104
v 28.308962 8.460142 -2.351909
v 28.327911 8.457948 -2.281785
v 28.309618 8.461046 -2.211522
v 28.258982 8.468609 -2.159946
v 28.224363 8.936164 -2.144666
v 28.154118 8.938380 -2.163153
v 28.102509 8.939650 -2.214302
v 28.083368 8.939633 -2.284408
v 28.101822 8.938335 -2.354686
v 28.152927 8.936104 -2.406305
v 28.222990 8.933536 -2.425434
v 28.293236 8.931320 -2.406947
v 28.344845 8.930050 -2.355797
v 28.363985 8.930066 -2.285691
v 28.345531 8.931364 -2.215414
v 28.294426 8.933597 -2.163795
v 28.235966 9.394853 -2.149364
v 28.165697 9.396271 -2.167844
v 28.114071 9.396914 -2.218987
v 28.094921 9.396607 -2.289090
v 28.113380 9.395436 -2.359369
v 28.164499 9.393712 -2.410993
v 28.234583 9.391898 -2.430129
v 28.304852 9.390480 -2.411650
v 28.356478 9.389838 -2.360507
v 28.375628 9.390144 -2.290404
v 28.357170 9.391315 -2.220125
v 28.306049 9.393039 -2.168501
vn -0.0000 -0.0007 1.0000
vn 0.0003 -0.0050 1.0000
vn -0.0020 0.4995 0.8663
vn -0.0171 0.4960 0.8682
vn -0.0035 0.8659 0.5003
vn -0.0299 0.8643 0.5021
vn -0.0040 1.0000 -0.0000
vn -0.0346 0.9994 -0.0000
vn -0.0035 0.8659 -0.5003
vn -0.0300 0.8643 -0.5021
vn -0.0020 0.4995 -0.8663
vn -0.0172 0.4960 -0.8682
vn -0.0000 -0.0007 -1.0000
vn 0.0002 -0.0050 -1.0000
vn 0.0020 -0.5005 -0.8657
vn 0.0175 -0.5035 -0.8638
vn 0.0035 -0.8662 -0.4997
vn 0.0301 -0.8668 -0.4977
vn 0.0041 -1.0000 -0.0000
vn 0.0348 -0.9994 -0.0000
vn 0.0035 -0.8662 0.4997
vn 0.0302 -0.8668 0.4978
vn 0.0020 -0.5005 0.8657
vn 0.0176 -0.5035 0.8638
vn 0.0022 -0.0122 0.9999
vn -0.0683 0.4860 0.8713
vn -0.1204 0.8545 0.5053
vn -0.1397 0.9902 -0.0000
vn -0.1206 0.8545 -0.5052
vn -0.0687 0.4860 -0.8713
vn 0.0017 -0.0122 -0.9999
vn 0.0713 -0.5043 -0.8606
vn 0.1217 -0.8606 -0.4945
vn 0.1401 -0.9901 -0.0000
vn 0.1219 -0.8605 0.4946
vn 0.0717 -0.5043 0.8606
vn 0.0098 -0.0215 0.9997
vn -0.1675 0.4524 0.8759
vn -0.2998 0.8062 0.5100
vn -0.3489 0.9371 0.0002
vn -0.3007 0.8061 -0.5097
vn -0.1691 0.4522 -0.8758
vn 0.0080 -0.0218 -0.9997
vn 0.1811 -0.4848 -0.8557
vn 0.3050 -0.8168 -0.4898
vn 0.3500 -0.9368 -0.0000
vn 0.3058 -0.8165 0.4897
vn 0.1826 -0.4844 0.8556
vn 0.0261 -0.0254 0.9993
vn -0.3073 0.3566 0.8823
vn -0.5608 0.6462 0.5177
vn -0.6565 0.7543 0.0009
vn -0.5632 0.6452 -0.5162
vn -0.3114 0.3548 -0.8816
vn 0.0216 -0.0277 -0.9994
vn 0.3433 -0.3967 -0.8513
vn 0.5728 -0.6598 -0.4863
vn 0.6564 -0.7545 -0.0005
vn 0.5749 -0.6586 0.4855
vn 0.3471 -0.3947 0.8507
vn 0.0312 -0.0110 0.9995
vn -0.4254 0.2097 0.8804
vn -0.7705 0.3748 0.5157
vn -0.9005 0.4348 0.0023
vn -0.7746 0.3714 -0.5119
vn -0.4324 0.2039 -0.8783
vn 0.0235 -0.0178 -0.9996
vn 0.4667 -0.2314 -0.8536
vn 0.7843 -0.3821 -0.4887
vn 0.9004 -0.4351 -0.0017
vn 0.7879 -0.3787 0.4856
vn 0.4730 -0.2255 0.8517
vn 0.0198 0.0033 0.9998
vn -0.4777 0.0875 0.8742
vn -0.8476 0.1481 0.5095
vn -0.9858 0.1680 0.0038
vn -0.8526 0.1417 -0.5030
vn -0.4860 0.0764 -0.8706
vn 0.0104 -0.0095 -0.9999
vn 0.5005 -0.0923 -0.8608
vn 0.8553 -0.1502 -0.4959
vn 0.9856 -0.1688 -0.0033
vn 0.8597 -0.1439 0.4902
vn 0.5083 -0.0813 0.8573
vn 0.0090 0.0087 0.9999
vn -0.4921 0.0329 0.8699
vn -0.8614 0.0482 0.5056
vn -0.9987 0.0505 0.0046
vn -0.8665 0.0392 -0.4977
vn -0.5007 0.0173 -0.8654
vn -0.0007 -0.0093 -1.0000
vn 0.4985 -0.0334 -0.8663
vn 0.8637 -0.0485 -0.5017
vn 0.9987 -0.0507 -0.0042
vn 0.8684 -0.0395 0.4943
vn 0.5068 -0.0178 0.8619
vn 0.0053 0.0101 0.9999
vn -0.4953 0.0214 0.8685
vn -0.8632 0.0270 0.5042
vn -0.9997 0.0253 0.0047
vn -0.8681 0.0169 -0.4960
vn -0.5038 0.0039 -0.8638
vn -0.0045 -0.0101 -0.9999
vn 0.4959 -0.0214 -0.8681
vn 0.8634 -0.0270 -0.5038
vn 0.9997 -0.0253 -0.0046
vn 0.8683 -0.0169 0.4958
vn 0.5044 -0.0039 0.8635
vt 0.397090 0.844504
vt 0.397090 0.935509
vt 0.382672 0.935509
vt 0.382672 0.844504
vt 0.370186 0.935509
vt 0.370186 0.844504
vt 0.529668 0.844504
vt 0.529668 0.935510
vt 0.517182 0.935510
vt 0.517182 0.844504
vt 0.502764 0.935510
vt 0.502764 0.844504
vt 0.490277 0.935510
vt 0.490277 0.844504
vt 0.952462 0.216843
vt 0.952462 0.307848
vt 0.939975 0.307848
vt 0.939975 0.216843
vt 0.925557 0.307848
vt 0.925557 0.216843
vt 0.913071 0.307848
vt 0.913071 0.216843
vt 0.448968 0.844504
vt 0.448968 0.935509
vt 0.436482 0.935509
vt 0.436481 0.844504
vt 0.422063 0.935509
vt 0.422063 0.844504
vt 0.409577 0.935509
vt 0.409577 0.844504
s 1
usemtl Pipes
f 2686/2663/1574 2687/2664/1575 2689/2665/1577 2688/2666/1576
f 2688/2666/1576 2689/2665/1577 2691/2667/1579 2690/2668/1578
f 2690/2669/1578 2691/2670/1579 2693/2671/1581 2692/2672/1580
f 2692/2672/1580 2693/2671/1581 2695/2673/1583 2694/2674/1582
f 2694/2674/1582 2695/2673/1583 2697/2675/1585 2696/2676/1584
f 2696/2677/1584 2697/2678/1585 2699/2679/1587 2698/2680/1586
f 2698/2680/1586 2699/2679/1587 2701/2681/1589 2700/2682/1588
f 2700/2682/1588 2701/2681/1589 2703/2683/1591 2702/2684/1590
f 2702/2685/1590 2703/2686/1591 2705/2687/1593 2704/2688/1592
f 2704/2688/1592 2705/2687/1593 2707/2689/1595 2706/2690/1594
f 2706/2690/1594 2707/2689/1595 2709/2691/1597 2708/2692/1596
f 2708/2692/1596 2709/2691/1597 2687/2664/1575 2686/2663/1574
f 2687/2663/1575 2710/2664/1598 2711/2665/1599 2689/2666/1577
f 2689/2666/1577 2711/2665/1599 2712/2667/1600 2691/2668/1579
f 2691/2669/1579 2712/2670/1600 2713/2671/1601 2693/2672/1581
f 2693/2672/1581 2713/2671/1601 2714/2673/1602 2695/2674/1583
f 2695/2674/1583 2714/2673/1602 2715/2675/1603 2697/2676/1585
f 2697/2677/1585 2715/2678/1603 2716/2679/1604 2699/2680/1587
f 2699/2680/1587 2716/2679/1604 2717/2681/1605 2701/2682/1589
f 2701/2682/1589 2717/2681/1605 2718/2683/1606 2703/2684/1591
f 2703/2685/1591 2718/2686/1606 2719/2687/1607 2705/2688/1593
f 2705/2688/1593 2719/2687/1607 2720/2689/1608 2707/2690/1595
f 2707/2690/1595 2720/2689/1608 2721/2691/1609 2709/2692/1597
f 2709/2692/1597 2721/2691/1609 2710/2664/1598 2687/2663/1575
f 2710/2663/1598 2722/2664/1610 2723/2665/1611 2711/2666/1599
f 2711/2666/1599 2723/2665/1611 2724/2667/1612 2712/2668/1600
f 2712/2669/1600 2724/2670/1612 2725/2671/1613 2713/2672/1601
f 2713/2672/1601 2725/2671/1613 2726/2673/1614 2714/2674/1602
f 2714/2674/1602 2726/2673/1614 2727/2675/1615 2715/2676/1603
f 2715/2677/1603 2727/2678/1615 2728/2679/1616 2716/2680/1604
f 2716/2680/1604 2728/2679/1616 2729/2681/1617 2717/2682/1605
f 2717/2682/1605 2729/2681/1617 2730/2683/1618 2718/2684/1606
f 2718/2685/1606 2730/2686/1618 2731/2687/1619 2719/2688/1607
f 2719/2688/1607 2731/2687/1619 2732/2689/1620 2720/2690/1608
f 2720/2690/1608 2732/2689/1620 2733/2691/1621 2721/2692/1609
f 2721/2692/1609 2733/2691/1621 2722/2664/1610 2710/2663/1598
f 2722/2663/1610 2734/2664/1622 2735/2665/1623 2723/2666/1611
f 2723/2666/1611 2735/2665/1623 2736/2667/1624 2724/2668/1612
f 2724/2669/1612 2736/2670/1624 2737/2671/1625 2725/2672/1613
f 2725/2672/1613 2737/2671/1625 2738/2673/1626 2726/2674/1614
f 2726/2674/1614 2738/2673/1626 2739/2675/1627 2727/2676/1615
f 2727/2677/1615 2739/2678/1627 2740/2679/1628 2728/2680/1616
f 2728/2680/1616 2740/2679/1628 2741/2681/1629 2729/2682/1617
f 2729/2682/1617 2741/2681/1629 2742/2683/1630 2730/2684/1618
f 2730/2685/1618 2742/2686/1630 2743/2687/1631 2731/2688/1619
f 2731/2688/1619 2743/2687/1631 2744/2689/1632 2732/2690/1620
f 2732/2690/1620 2744/2689/1632 2745/2691/1633 2733/2692/1621
f 2733/2692/1621 2745/2691/1633 2734/2664/1622 2722/2663/1610
f 2734/2663/1622 2746/2664/1634 2747/2665/1635 2735/2666/1623
f 2735/2666/1623 2747/2665/1635 2748/2667/1636 2736/2668/1624
f 2736/2669/1624 2748/2670/1636 2749/2671/1637 2737/2672/1625
f 2737/2672/1625 2749/2671/1637 2750/2673/1638 2738/2674/1626
f 2738/2674/1626 2750/2673/1638 2751/2675/1639 2739/2676/1627
f 2739/2677/1627 2751/2678/1639 2752/2679/1640 2740/2680/1628
f 2740/2680/1628 2752/2679/1640 2753/2681/1641 2741/2682/1629
f 2741/2682/1629 2753/2681/1641 2754/2683/1642 2742/2684/1630
f 2742/2685/1630 2754/2686/1642 2755/2687/1643 2743/2688/1631
f 2743/2688/1631 2755/2687/1643 2756/2689/1644 2744/2690/1632
f 2744/2690/1632 2756/2689/1644 2757/2691/1645 2745/2692/1633
f 2745/2692/1633 2757/2691/1645 2746/2664/1634 2734/2663/1622
f 2746/2663/1634 2758/2664/1646 2759/2665/1647 2747/2666/1635
f 2747/2666/1635 2759/2665/1647 2760/2667/1648 2748/2668/1636
f 2748/2669/1636 2760/2670/1648 2761/2671/1649 2749/2672/1637
f 2749/2672/1637 2761/2671/1649 2762/2673/1650 2750/2674/1638
f 2750/2674/1638 2762/2673/1650 2763/2675/1651 2751/2676/1639
f 2751/2677/1639 2763/2678/1651 2764/2679/1652 2752/2680/1640
f 2752/2680/1640 2764/2679/1652 2765/2681/1653 2753/2682/1641
f 2753/2682/1641 2765/2681/1653 2766/2683/1654 2754/2684/1642
f 2754/2685/1642 2766/2686/1654 2767/2687/1655 2755/2688/1643
f 2755/2688/1643 2767/2687/1655 2768/2689/1656 2756/2690/1644
f 2756/2690/1644 2768/2689/1656 2769/2691/1657 2757/2692/1645
f 2757/2692/1645 2769/2691/1657 2758/2664/1646 2746/2663/1634
f 2758/2663/1646 2770/2664/1658 2771/2665/1659 2759/2666/1647
f 2759/2666/1647 2771/2665/1659 2772/2667/1660 2760/2668/1648
f 2760/2669/1648 2772/2670/1660 2773/2671/1661 2761/2672/1649
f 2761/2672/1649 2773/2671/1661 2774/2673/1662 2762/2674/1650
f 2762/2674/1650 2774/2673/1662 2775/2675/1663 2763/2676/1651
f 2763/2677/1651 2775/2678/1663 2776/2679/1664 2764/2680/1652
f 2764/2680/1652 2776/2679/1664 2777/2681/1665 2765/2682/1653
f 2765/2682/1653 2777/2681/1665 2778/2683/1666 2766/2684/1654
f 2766/2685/1654 2778/2686/1666 2779/2687/1667 2767/2688/1655
f 2767/2688/1655 2779/2687/1667 2780/2689/1668 2768/2690/1656
f 2768/2690/1656 2780/2689/1668 2781/2691/1669 2769/2692/1657
f 2769/2692/1657 2781/2691/1669 2770/2664/1658 2758/2663/1646
f 2770/2663/1658 2782/2664/1670 2783/2665/1671 2771/2666/1659
f 2771/2666/1659 2783/2665/1671 2784/2667/1672 2772/2668/1660
f 2772/2669/1660 2784/2670/1672 2785/2671/1673 2773/2672/1661
f 2773/2672/1661 2785/2671/1673 2786/2673/1674 2774/2674/1662
f 2774/2674/1662 2786/2673/1674 2787/2675/1675 2775/2676/1663
f 2775/2677/1663 2787/2678/1675 2788/2679/1676 2776/2680/1664
f 2776/2680/1664 2788/2679/1676 2789/2681/1677 2777/2682/1665
f 2777/2682/1665 2789/2681/1677 2790/2683/1678 2778/2684/1666
f 2778/2685/1666 2790/2686/1678 2791/2687/1679 2779/2688/1667
f 2779/2688/1667 2791/2687/1679 2792/2689/1680 2780/2690/1668
f 2780/2690/1668 2792/2689/1680 2793/2691/1681 2781/2692/1669
f 2781/2692/1669 2793/2691/1681 2782/2664/1670 2770/2663/1658
o RotateCrank
v 14.293091 5.483156 -10.235810
v 14.363670 5.462607 -10.235782
v 14.294074 5.481277 -10.257270
v 14.364199 5.461596 -10.247332
v 14.296969 5.475720 -10.277904
v 14.365758 5.458605 -10.258437
v 14.301666 5.466699 -10.296919
v 14.368285 5.453750 -10.268671
v 14.307984 5.454559 -10.313583
v 14.371686 5.447216 -10.277640
v 14.315681 5.439768 -10.327258
v 14.375829 5.439255 -10.285001
v 14.324460 5.422894 -10.337418
v 14.380553 5.430173 -10.290468
v 14.333984 5.404586 -10.343671
v 14.385679 5.420320 -10.293835
v 14.343887 5.385546 -10.345778
v 14.391009 5.410072 -10.294969
v 14.353788 5.366508 -10.343658
v 14.396338 5.399825 -10.293827
v 14.363308 5.348201 -10.337392
v 14.401462 5.389973 -10.290455
v 14.372080 5.331330 -10.327221
v 14.406183 5.380893 -10.284981
v 14.379766 5.316544 -10.313536
v 14.410320 5.372934 -10.277615
v 14.386073 5.304410 -10.296862
v 14.413714 5.366404 -10.268641
v 14.390758 5.295394 -10.277841
v 14.416236 5.361551 -10.258404
v 14.393639 5.289845 -10.257203
v 14.417787 5.358564 -10.247296
v 14.394607 5.287973 -10.235742
v 14.418307 5.357557 -10.235745
v 14.393623 5.289852 -10.214282
v 14.417778 5.358568 -10.224195
v 14.390728 5.295409 -10.193648
v 14.416220 5.361559 -10.213090
v 14.386030 5.304430 -10.174634
v 14.413692 5.366415 -10.202856
v 14.379712 5.316570 -10.157969
v 14.410291 5.372948 -10.193887
v 14.372016 5.331361 -10.144294
v 14.406149 5.380909 -10.186526
v 14.363237 5.348235 -10.134134
v 14.401423 5.389991 -10.181059
v 14.353713 5.366543 -10.127881
v 14.396297 5.399845 -10.177693
v 14.343810 5.385583 -10.125773
v 14.390967 5.410092 -10.176559
v 14.333908 5.404622 -10.127894
v 14.385638 5.420339 -10.177700
v 14.324389 5.422928 -10.134160
v 14.380515 5.430192 -10.181073
v 14.315617 5.439799 -10.144332
v 14.375794 5.439272 -10.186547
v 14.307930 5.454586 -10.158017
v 14.371656 5.447230 -10.193913
v 14.301623 5.466720 -10.174690
v 14.368262 5.453761 -10.202887
v 14.296940 5.475735 -10.193711
v 14.365742 5.458613 -10.213124
v 14.294059 5.481285 -10.214349
v 14.364191 5.461600 -10.224232
v 14.341213 5.505795 -10.257257
v 14.340231 5.507674 -10.235798
v 14.344110 5.500238 -10.277891
v 14.348806 5.491217 -10.296906
v 14.355124 5.479077 -10.313571
v 14.362821 5.464286 -10.327246
v 14.371600 5.447412 -10.337405
v 14.381124 5.429103 -10.343658
v 14.391027 5.410064 -10.345766
v 14.400928 5.391025 -10.343646
v 14.410448 5.372718 -10.337379
v 14.419220 5.355848 -10.327209
v 14.426907 5.341062 -10.313523
v 14.433213 5.328928 -10.296849
v 14.437898 5.319912 -10.277828
v 14.440779 5.314362 -10.257191
v 14.441747 5.312490 -10.235729
v 14.440763 5.314369 -10.214270
v 14.437868 5.319926 -10.193636
v 14.433170 5.328948 -10.174622
v 14.426852 5.341087 -10.157956
v 14.419156 5.355878 -10.144281
v 14.410378 5.372752 -10.134122
v 14.400853 5.391061 -10.127869
v 14.390950 5.410100 -10.125761
v 14.381048 5.429140 -10.127882
v 14.371529 5.447446 -10.134148
v 14.362757 5.464316 -10.144320
v 14.355070 5.479103 -10.158005
v 14.348763 5.491237 -10.174678
v 14.344080 5.500252 -10.193699
v 14.341199 5.505802 -10.214336
v 14.358328 5.433935 -10.242987
v 14.357998 5.434566 -10.235780
v 14.359301 5.432069 -10.249916
v 14.360878 5.429039 -10.256303
v 14.363000 5.424962 -10.261900
v 14.365584 5.419994 -10.266492
v 14.368533 5.414327 -10.269904
v 14.371732 5.408178 -10.272004
v 14.375057 5.401783 -10.272712
v 14.378383 5.395390 -10.272000
v 14.381580 5.389241 -10.269896
v 14.384526 5.383575 -10.266479
v 14.387108 5.378609 -10.261884
v 14.389226 5.374534 -10.256284
v 14.390799 5.371506 -10.249895
v 14.391767 5.369642 -10.242964
v 14.392092 5.369014 -10.235757
v 14.391762 5.369645 -10.228549
v 14.390789 5.371511 -10.221620
v 14.389212 5.374541 -10.215233
v 14.387090 5.378618 -10.209637
v 14.384504 5.383585 -10.205044
v 14.381557 5.389253 -10.201632
v 14.378358 5.395401 -10.199532
v 14.375031 5.401796 -10.198824
v 14.371706 5.408190 -10.199535
v 14.368509 5.414339 -10.201640
v 14.365563 5.420004 -10.205056
v 14.362982 5.424970 -10.209653
v 14.360864 5.429046 -10.215252
v 14.359290 5.432073 -10.221641
v 14.358323 5.433938 -10.228572
v 14.380417 5.422366 -10.158976
v 14.410947 5.439991 -10.158968
v 14.381763 5.420038 -10.165462
v 14.412292 5.437663 -10.165454
v 14.384247 5.415738 -10.170424
v 14.414776 5.433362 -10.170417
v 14.387490 5.410119 -10.173109
v 14.418020 5.427744 -10.173101
v 14.391001 5.404038 -10.173107
v 14.421531 5.421664 -10.173100
v 14.394243 5.398421 -10.170418
v 14.424773 5.416047 -10.170410
v 14.396724 5.394123 -10.165452
v 14.427254 5.411747 -10.165444
v 14.398065 5.391797 -10.158964
v 14.428595 5.409422 -10.158957
v 14.398063 5.391798 -10.151943
v 14.428593 5.409423 -10.151936
v 14.396717 5.394126 -10.145457
v 14.427247 5.411751 -10.145450
v 14.394233 5.398426 -10.140494
v 14.424763 5.416051 -10.140486
v 14.390988 5.404045 -10.137809
v 14.421518 5.421669 -10.137801
v 14.387478 5.410125 -10.137812
v 14.418008 5.427751 -10.137804
v 14.384236 5.415742 -10.140500
v 14.414765 5.433368 -10.140492
v 14.381756 5.420041 -10.145467
v 14.412285 5.437666 -10.145459
v 14.380414 5.422367 -10.151955
v 14.410944 5.439992 -10.151947
v 14.416774 5.450134 -10.160135
v 14.418567 5.447031 -10.168778
v 14.421877 5.441300 -10.175393
v 14.426200 5.433813 -10.178970
v 14.430879 5.425710 -10.178967
v 14.435199 5.418224 -10.175385
v 14.438505 5.412495 -10.168766
v 14.440292 5.409395 -10.160120
v 14.440289 5.409397 -10.150764
v 14.438496 5.412499 -10.142120
v 14.435185 5.418231 -10.135506
v 14.430861 5.425717 -10.131928
v 14.426184 5.433821 -10.131931
v 14.421863 5.441307 -10.135514
v 14.418557 5.447036 -10.142133
v 14.416770 5.450135 -10.150779
v 14.502740 5.499763 -10.160113
v 14.504534 5.496661 -10.168756
v 14.507844 5.490930 -10.175371
v 14.512167 5.483443 -10.178948
v 14.516846 5.475339 -10.178946
v 14.521166 5.467854 -10.175363
v 14.524472 5.462125 -10.168744
v 14.526259 5.459025 -10.160098
v 14.526256 5.459027 -10.150742
v 14.524463 5.462129 -10.142098
v 14.521152 5.467860 -10.135484
v 14.516829 5.475348 -10.131907
v 14.512151 5.483450 -10.131909
v 14.507830 5.490936 -10.135492
v 14.504524 5.496665 -10.142111
v 14.502737 5.499765 -10.150757
vn -0.4614 0.8872 -0.0003
vn -0.4525 0.8701 -0.1954
vn -0.4262 0.8196 -0.3830
vn -0.3835 0.7376 -0.5558
vn -0.3260 0.6272 -0.7073
vn -0.2561 0.4928 -0.8316
vn -0.1763 0.3394 -0.9240
vn -0.0897 0.1729 -0.9808
vn 0.0004 -0.0002 -1.0000
vn 0.0904 -0.1732 -0.9807
vn 0.1769 -0.3397 -0.9238
vn 0.2566 -0.4930 -0.8313
vn 0.3265 -0.6274 -0.7069
vn 0.3839 -0.7378 -0.5553
vn 0.4264 -0.8197 -0.3824
vn 0.4526 -0.8702 -0.1948
vn 0.4614 -0.8872 0.0003
vn 0.4525 -0.8701 0.1954
vn 0.4262 -0.8196 0.3830
vn 0.3835 -0.7376 0.5558
vn 0.3260 -0.6272 0.7073
vn 0.2561 -0.4928 0.8316
vn 0.1763 -0.3394 0.9240
vn 0.0897 -0.1729 0.9808
vn -0.0004 0.0002 1.0000
vn -0.0904 0.1732 0.9807
vn -0.1769 0.3397 0.9238
vn -0.2566 0.4930 0.8313
vn -0.3265 0.6274 0.7069
vn -0.3839 0.7378 0.5553
vn -0.4264 0.8197 0.3824
vn 0.6335 0.4679 0.6162
vn 0.6901 0.3591 0.6283
vn -0.4526 0.8702 0.1948
vn -0.8872 -0.4614 -0.0002
vn 0.8872 0.4614 0.0002
vn 0.6340 0.4676 -0.6160
vn 0.5796 0.5722 -0.5802
vn 0.5792 0.5724 0.5805
vn 0.6905 0.3589 -0.6280
vn 0.5291 0.6687 0.5224
vn 0.7471 0.2502 -0.6159
vn 0.4852 0.7532 0.4442
vn 0.8014 0.1457 -0.5801
vn 0.4492 0.8225 0.3490
vn 0.8515 0.0493 -0.5220
vn 0.4224 0.8739 0.2404
vn 0.9745 -0.1875 0.1229
vn 0.9801 -0.1983 0.0004
vn 0.8954 -0.0351 -0.4439
vn 0.4060 0.9056 0.1225
vn 0.9580 -0.1558 0.2407
vn 0.9314 -0.1044 -0.3486
vn 0.4004 0.9163 -0.0000
vn 0.9312 -0.1043 0.3493
vn 0.9582 -0.1559 -0.2400
vn 0.4061 0.9056 -0.1226
vn 0.8951 -0.0350 0.4445
vn 0.9746 -0.1876 -0.1222
vn 0.4226 0.8739 -0.2404
vn 0.8511 0.0495 0.5226
vn 0.4494 0.8223 -0.3490
vn 0.8010 0.1459 0.5806
vn 0.4855 0.7530 -0.4441
vn 0.7466 0.2504 0.6163
vn 0.5294 0.6686 -0.5222
vn -0.4903 0.8494 -0.1954
vn -0.4155 0.7200 -0.5558
vn -0.2775 0.4810 -0.8316
vn -0.0972 0.1688 -0.9808
vn 0.0979 -0.1691 -0.9807
vn 0.0972 -0.1688 0.9808
vn -0.0979 0.1691 0.9807
vn 0.2781 -0.4813 -0.8313
vn 0.4159 -0.7202 -0.5553
vn 0.4904 -0.8494 -0.1948
vn 0.4903 -0.8494 0.1954
vn 0.4155 -0.7200 0.5558
vn 0.2775 -0.4810 0.8316
vn -0.0830 -0.8744 -0.4780
vn -0.0189 -0.9856 -0.1677
vn -0.2781 0.4813 0.8313
vn -0.4159 0.7202 0.5553
vn -0.4904 0.8494 0.1948
vn -0.5252 -0.1090 0.8439
vn -0.3573 -0.3999 0.8440
vn -0.3568 -0.4001 -0.8442
vn -0.2017 -0.6688 -0.7156
vn -0.8660 -0.5000 -0.0002
vn -0.7986 0.3651 -0.4785
vn -0.8630 0.4764 -0.1683
vn -0.6803 0.1596 0.7153
vn -0.7989 0.3652 0.4778
vn -0.2022 -0.6686 0.7156
vn -0.0834 -0.8742 0.4783
vn -0.0190 -0.9856 0.1681
vn -0.6798 0.1594 -0.7159
vn -0.5246 -0.1093 -0.8443
vn -0.8631 0.4765 0.1675
vn 0.8660 0.5000 0.0002
vt 0.961934 0.849617
vt 0.978916 0.849513
vt 0.979083 0.856118
vt 0.962100 0.856222
vt 0.979168 0.862990
vt 0.962185 0.863094
vt 0.979168 0.869863
vt 0.962185 0.869967
vt 0.979083 0.876474
vt 0.962100 0.876578
vt 0.978916 0.882568
vt 0.961934 0.882673
vt 0.978674 0.887912
vt 0.961692 0.888016
vt 0.978366 0.892300
vt 0.961383 0.892404
vt 0.959693 0.952132
vt 0.942682 0.952049
vt 0.942574 0.947673
vt 0.959585 0.947755
vt 0.942493 0.942338
vt 0.959504 0.942421
vt 0.942443 0.936251
vt 0.959454 0.936334
vt 0.942427 0.929644
vt 0.959437 0.929727
vt 0.942443 0.922772
vt 0.959454 0.922855
vt 0.942493 0.915899
vt 0.959504 0.915982
vt 0.942574 0.909289
vt 0.959585 0.909372
vt 0.942682 0.903196
vt 0.959693 0.903279
vt 0.959693 0.903229
vt 0.976681 0.903196
vt 0.976903 0.909063
vt 0.959916 0.909096
vt 0.977057 0.915528
vt 0.960069 0.915561
vt 0.977135 0.922342
vt 0.960148 0.922376
vt 0.977135 0.929244
vt 0.960148 0.929277
vt 0.977057 0.935969
vt 0.960069 0.936002
vt 0.976903 0.942257
vt 0.959916 0.942290
vt 0.976681 0.947867
vt 0.959693 0.947900
vt 0.979168 0.838095
vt 0.996162 0.838094
vt 0.996382 0.843440
vt 0.979387 0.843442
vt 0.996544 0.849536
vt 0.979549 0.849538
vt 0.996644 0.856149
vt 0.979650 0.856150
vt 0.996678 0.863023
vt 0.979684 0.863024
vt 0.996644 0.869894
vt 0.979650 0.869895
vt 0.996544 0.876499
vt 0.979550 0.876500
vt 0.996382 0.882583
vt 0.979387 0.882585
vt 0.996162 0.887913
vt 0.979168 0.887915
vt 0.694815 0.851493
vt 0.692846 0.851102
vt 0.694815 0.851493
vt 0.961383 0.838198
vt 0.978366 0.838094
vt 0.978674 0.843426
vt 0.961692 0.843530
vt 0.626587 0.769898
vt 0.624565 0.772924
vt 0.623173 0.776286
vt 0.622463 0.779855
vt 0.622463 0.783494
vt 0.623173 0.787063
vt 0.624565 0.790425
vt 0.626587 0.793451
vt 0.629160 0.796024
vt 0.632186 0.798046
vt 0.635548 0.799439
vt 0.639117 0.800149
vt 0.642757 0.800149
vt 0.646325 0.799439
vt 0.649688 0.798046
vt 0.652713 0.796024
vt 0.655287 0.793451
vt 0.657309 0.790425
vt 0.658701 0.787064
vt 0.659411 0.783494
vt 0.659411 0.779855
vt 0.658701 0.776286
vt 0.657309 0.772924
vt 0.655287 0.769898
vt 0.652714 0.767325
vt 0.649688 0.765303
vt 0.646326 0.763910
vt 0.642757 0.763200
vt 0.639118 0.763200
vt 0.635548 0.763910
vt 0.632186 0.765303
vt 0.629160 0.767324
vt 0.686018 0.838327
vt 0.685626 0.840297
vt 0.676881 0.839435
vt 0.677609 0.835776
vt 0.685626 0.842305
vt 0.676881 0.843166
vt 0.686018 0.844274
vt 0.677609 0.846825
vt 0.686786 0.846129
vt 0.679036 0.850271
vt 0.687902 0.847798
vt 0.681109 0.853373
vt 0.689322 0.849218
vt 0.683747 0.856011
vt 0.690991 0.850333
vt 0.686848 0.858084
vt 0.690295 0.859511
vt 0.693954 0.860239
vt 0.696823 0.851494
vt 0.697684 0.860239
vt 0.698792 0.851101
vt 0.701343 0.859511
vt 0.700647 0.850334
vt 0.704790 0.858083
vt 0.702317 0.849218
vt 0.707891 0.856011
vt 0.703736 0.847798
vt 0.710529 0.853373
vt 0.704852 0.846129
vt 0.712602 0.850271
vt 0.705620 0.844273
vt 0.714030 0.846824
vt 0.706012 0.842305
vt 0.714757 0.843166
vt 0.706012 0.840296
vt 0.714757 0.839435
vt 0.705620 0.838327
vt 0.714029 0.835776
vt 0.704852 0.836472
vt 0.712602 0.832330
vt 0.703736 0.834803
vt 0.710529 0.829228
vt 0.702317 0.833383
vt 0.707891 0.826590
vt 0.700647 0.832268
vt 0.704790 0.824517
vt 0.698792 0.831499
vt 0.701343 0.823090
vt 0.696823 0.831108
vt 0.697684 0.822362
vt 0.694815 0.831108
vt 0.693954 0.822362
vt 0.692846 0.831499
vt 0.690295 0.823089
vt 0.690991 0.832267
vt 0.686848 0.824518
vt 0.689321 0.833383
vt 0.683746 0.826590
vt 0.687902 0.834803
vt 0.681109 0.829228
vt 0.686786 0.836472
vt 0.679036 0.832330
vt 0.685626 0.840296
vt 0.689321 0.833383
vt 0.702316 0.833383
vt 0.703736 0.834803
vt 0.704852 0.836472
vt 0.705620 0.838327
vt 0.706012 0.840297
vt 0.703736 0.847798
vt 0.702317 0.849218
vt 0.700647 0.850333
vt 0.698792 0.851102
vt 0.690991 0.850333
vt 0.689322 0.849218
vt 0.687902 0.847798
vt 0.686786 0.846129
vt 0.686018 0.844274
vt 0.685626 0.842305
vt 0.982396 0.938258
vt 0.984644 0.938258
vt 0.984644 0.949544
vt 0.982396 0.949544
vt 0.986722 0.938277
vt 0.986722 0.949564
vt 0.988312 0.938312
vt 0.988312 0.949599
vt 0.978729 0.984814
vt 0.980319 0.984726
vt 0.980319 0.995998
vt 0.978729 0.996086
vt 0.988852 0.984700
vt 0.990930 0.984671
vt 0.990930 0.995954
vt 0.988852 0.995983
vt 0.982396 0.984678
vt 0.984645 0.984678
vt 0.984645 0.995950
vt 0.982396 0.995950
vt 0.986722 0.984726
vt 0.986722 0.995998
vt 0.960861 0.983059
vt 0.962877 0.982962
vt 0.962877 0.994198
vt 0.960861 0.994295
vt 0.965121 0.982948
vt 0.965121 0.994184
vt 0.967250 0.983018
vt 0.967250 0.994254
vt 0.968942 0.983162
vt 0.968942 0.994398
vt 0.985019 0.981339
vt 0.987787 0.981403
vt 0.993178 0.984671
vt 0.993178 0.995954
vt 0.995255 0.984700
vt 0.995255 0.995983
vt 0.978729 0.938312
vt 0.980319 0.938277
vt 0.980319 0.949564
vt 0.978729 0.949599
vt 0.987787 0.981409
vt 0.990556 0.981370
vt 0.979254 0.981403
vt 0.982023 0.981339
vt 0.989902 0.899219
vt 0.987825 0.898358
vt 0.986235 0.896768
vt 0.985374 0.894691
vt 0.985374 0.892442
vt 0.986235 0.890365
vt 0.987825 0.888775
vt 0.989902 0.887915
vt 0.992151 0.887915
vt 0.994228 0.888775
vt 0.995818 0.890365
vt 0.996678 0.892442
vt 0.996678 0.894691
vt 0.995818 0.896768
vt 0.994228 0.898358
vt 0.992151 0.899219
vt 0.965370 0.979538
vt 0.962380 0.979558
vt 0.962380 0.947920
vt 0.965370 0.947900
vt 0.982022 0.934977
vt 0.985018 0.934977
vt 0.993553 0.981370
vt 0.996321 0.981409
vt 0.968208 0.979632
vt 0.959693 0.979687
vt 0.987787 0.935003
vt 0.989906 0.935050
vt 0.996845 0.984752
vt 0.998439 0.981479
vt 0.970462 0.979824
vt 0.977135 0.981520
vt 0.979254 0.935003
vt 0.959693 0.948049
vt 0.982022 0.903196
vt 0.985018 0.903196
vt 0.951457 0.967196
vt 0.948460 0.967196
vt 0.945692 0.966049
vt 0.943573 0.963930
vt 0.942427 0.961162
vt 0.942427 0.958165
vt 0.943573 0.955397
vt 0.945692 0.953278
vt 0.948460 0.952132
vt 0.951457 0.952132
vt 0.954225 0.953278
vt 0.956344 0.955397
vt 0.957491 0.958165
vt 0.957491 0.961162
vt 0.956344 0.963930
vt 0.954225 0.966049
vt 0.977135 0.935050
vt 0.977135 0.903268
vt 0.979254 0.903221
vt 0.987787 0.903221
vt 0.968208 0.947994
vt 0.989906 0.903268
vt 0.977135 0.949780
vt 0.979254 0.949662
vt 0.970462 0.948186
vt 0.987787 0.949637
vt 0.990556 0.949599
vt 0.982023 0.949599
vt 0.985019 0.949599
vt 0.993553 0.949599
vt 0.987787 0.949663
vt 0.996321 0.949637
s 1
usemtl ConsoleSide
f 2794/2693/1682 2859/2694/1682 2858/2695/1683 2796/2696/1683
f 2796/2696/1683 2858/2695/1683 2860/2697/1684 2798/2698/1684
f 2798/2698/1684 2860/2697/1684 2861/2699/1685 2800/2700/1685
f 2800/2700/1685 2861/2699/1685 2862/2701/1686 2802/2702/1686
f 2802/2702/1686 2862/2701/1686 2863/2703/1687 2804/2704/1687
f 2804/2704/1687 2863/2703/1687 2864/2705/1688 2806/2706/1688
f 2806/2706/1688 2864/2705/1688 2865/2707/1689 2808/2708/1689
f 2808/2709/1689 2865/2710/1689 2866/2711/1690 2810/2712/1690
f 2810/2712/1690 2866/2711/1690 2867/2713/1691 2812/2714/1691
f 2812/2714/1691 2867/2713/1691 2868/2715/1692 2814/2716/1692
f 2814/2716/1692 2868/2715/1692 2869/2717/1693 2816/2718/1693
f 2816/2718/1693 2869/2717/1693 2870/2719/1694 2818/2720/1694
f 2818/2720/1694 2870/2719/1694 2871/2721/1695 2820/2722/1695
f 2820/2722/1695 2871/2721/1695 2872/2723/1696 2822/2724/1696
f 2822/2724/1696 2872/2723/1696 2873/2725/1697 2824/2726/1697
f 2824/2727/1697 2873/2728/1697 2874/2729/1698 2826/2730/1698
f 2826/2730/1698 2874/2729/1698 2875/2731/1699 2828/2732/1699
f 2828/2732/1699 2875/2731/1699 2876/2733/1700 2830/2734/1700
f 2830/2734/1700 2876/2733/1700 2877/2735/1701 2832/2736/1701
f 2832/2736/1701 2877/2735/1701 2878/2737/1702 2834/2738/1702
f 2834/2738/1702 2878/2737/1702 2879/2739/1703 2836/2740/1703
f 2836/2740/1703 2879/2739/1703 2880/2741/1704 2838/2742/1704
f 2838/2743/1704 2880/2744/1704 2881/2745/1705 2840/2746/1705
f 2840/2746/1705 2881/2745/1705 2882/2747/1706 2842/2748/1706
f 2842/2748/1706 2882/2747/1706 2883/2749/1707 2844/2750/1707
f 2844/2750/1707 2883/2749/1707 2884/2751/1708 2846/2752/1708
f 2846/2752/1708 2884/2751/1708 2885/2753/1709 2848/2754/1709
f 2848/2754/1709 2885/2753/1709 2886/2755/1710 2850/2756/1710
f 2850/2756/1710 2886/2755/1710 2887/2757/1711 2852/2758/1711
f 2852/2758/1711 2887/2757/1711 2888/2759/1712 2854/2760/1712
f 2813/2761/1713 2811/2762/1714 2898/2762/1714 2899/2763/1713
f 2854/2764/1712 2888/2765/1712 2889/2766/1715 2856/2767/1715
f 2856/2767/1715 2889/2766/1715 2859/2694/1682 2794/2693/1682
f 2794/2768/1716 2796/2769/1716 2798/2770/1716 2800/2771/1716 2802/2772/1716 2804/2773/1716 2806/2774/1716 2808/2775/1716 2810/2776/1716 2812/2777/1716 2814/2778/1716 2816/2779/1716 2818/2780/1716 2820/2781/1716 2822/2782/1716 2824/2783/1716 2826/2784/1716 2828/2785/1716 2830/2786/1716 2832/2787/1716 2834/2788/1716 2836/2789/1716 2838/2790/1716 2840/2791/1716 2842/2792/1716 2844/2793/1716 2846/2794/1716 2848/2795/1716 2850/2796/1716 2852/2797/1716 2854/2798/1716 2856/2799/1716
f 2795/2800/1717 2797/2801/1717 2858/2802/1717 2859/2803/1717
f 2797/2801/1717 2799/2804/1717 2860/2805/1717 2858/2802/1717
f 2799/2804/1717 2801/2806/1717 2861/2807/1717 2860/2805/1717
f 2801/2806/1717 2803/2808/1717 2862/2809/1717 2861/2807/1717
f 2803/2808/1717 2805/2810/1717 2863/2811/1717 2862/2809/1717
f 2805/2810/1717 2807/2812/1717 2864/2813/1717 2863/2811/1717
f 2807/2812/1717 2809/2814/1717 2865/2815/1717 2864/2813/1717
f 2809/2814/1717 2811/2762/1717 2866/2816/1717 2865/2815/1717
f 2811/2762/1717 2813/2761/1717 2867/2817/1717 2866/2816/1717
f 2813/2761/1717 2815/2818/1717 2868/2819/1717 2867/2817/1717
f 2815/2818/1717 2817/2820/1717 2869/2821/1717 2868/2819/1717
f 2817/2820/1717 2819/2822/1717 2870/2823/1717 2869/2821/1717
f 2819/2822/1717 2821/2824/1717 2871/2825/1717 2870/2823/1717
f 2821/2824/1717 2823/2826/1717 2872/2827/1717 2871/2825/1717
f 2823/2826/1717 2825/2828/1717 2873/2829/1717 2872/2827/1717
f 2825/2828/1717 2827/2830/1717 2874/2831/1717 2873/2829/1717
f 2827/2830/1717 2829/2832/1717 2875/2833/1717 2874/2831/1717
f 2829/2832/1717 2831/2834/1717 2876/2835/1717 2875/2833/1717
f 2831/2834/1717 2833/2836/1717 2877/2837/1717 2876/2835/1717
f 2833/2836/1717 2835/2838/1717 2878/2839/1717 2877/2837/1717
f 2835/2838/1717 2837/2840/1717 2879/2841/1717 2878/2839/1717
f 2837/2840/1717 2839/2842/1717 2880/2843/1717 2879/2841/1717
f 2839/2842/1717 2841/2844/1717 2881/2845/1717 2880/2843/1717
f 2841/2844/1717 2843/2846/1717 2882/2847/1717 2881/2845/1717
f 2843/2846/1717 2845/2848/1717 2883/2849/1717 2882/2847/1717
f 2845/2848/1717 2847/2850/1717 2884/2851/1717 2883/2849/1717
f 2847/2850/1717 2849/2852/1717 2885/2853/1717 2884/2851/1717
f 2849/2852/1717 2851/2854/1717 2886/2855/1717 2885/2853/1717
f 2851/2854/1717 2853/2856/1717 2887/2857/1717 2886/2855/1717
f 2853/2856/1717 2855/2858/1717 2888/2859/1717 2887/2857/1717
f 2855/2858/1717 2857/2860/1717 2889/2861/1717 2888/2859/1717
f 2857/2860/1717 2795/2800/1717 2859/2803/1717 2889/2861/1717
f 2890/2862/1717 2891/2800/1717 2921/2860/1717 2920/2858/1717 2919/2863/1717 2918/2854/1717 2917/2852/1717 2916/2850/1717 2915/2848/1717 2914/2846/1717 2913/2844/1717 2912/2864/1717 2911/2865/1717 2910/2866/1717 2909/2867/1717 2908/2868/1717 2907/2832/1717 2906/2830/1717 2905/2828/1717 2904/2869/1717 2903/2870/1717 2902/2871/1717 2901/2872/1717 2900/2818/1717 2899/2763/1717 2898/2762/1717 2897/2873/1717 2896/2874/1717 2895/2875/1717 2894/2876/1717 2893/2877/1717 2892/2878/1717
f 2841/2844/1718 2839/2842/1719 2912/2864/1719 2913/2844/1718
f 2815/2818/1720 2813/2761/1713 2899/2763/1713 2900/2818/1720
f 2843/2846/1721 2841/2844/1718 2913/2844/1718 2914/2846/1721
f 2817/2820/1722 2815/2818/1720 2900/2818/1720 2901/2872/1722
f 2845/2848/1723 2843/2846/1721 2914/2846/1721 2915/2848/1723
f 2819/2822/1724 2817/2820/1722 2901/2872/1722 2902/2871/1724
f 2847/2850/1725 2845/2848/1723 2915/2848/1723 2916/2850/1725
f 2821/2824/1726 2819/2822/1724 2902/2871/1724 2903/2870/1726
f 2849/2852/1727 2847/2850/1725 2916/2850/1725 2917/2852/1727
f 2823/2826/1728 2821/2824/1726 2903/2870/1726 2904/2869/1728
f 2797/2801/1729 2795/2800/1730 2891/2800/1730 2890/2862/1729
f 2851/2854/1731 2849/2852/1727 2917/2852/1727 2918/2854/1731
f 2825/2828/1732 2823/2826/1728 2904/2869/1728 2905/2828/1732
f 2799/2804/1733 2797/2801/1729 2890/2862/1729 2892/2878/1733
f 2853/2856/1734 2851/2854/1731 2918/2854/1731 2919/2863/1734
f 2827/2830/1735 2825/2828/1732 2905/2828/1732 2906/2830/1735
f 2801/2806/1736 2799/2804/1733 2892/2878/1733 2893/2877/1736
f 2855/2858/1737 2853/2856/1734 2919/2863/1734 2920/2858/1737
f 2829/2832/1738 2827/2830/1735 2906/2830/1735 2907/2832/1738
f 2803/2808/1739 2801/2806/1736 2893/2877/1736 2894/2876/1739
f 2857/2860/1740 2855/2858/1737 2920/2858/1737 2921/2860/1740
f 2831/2834/1741 2829/2832/1738 2907/2832/1738 2908/2868/1741
f 2805/2810/1742 2803/2808/1739 2894/2876/1739 2895/2875/1742
f 2795/2800/1730 2857/2860/1740 2921/2860/1740 2891/2800/1730
f 2833/2836/1743 2831/2834/1741 2908/2868/1741 2909/2867/1743
f 2807/2812/1744 2805/2810/1742 2895/2875/1742 2896/2874/1744
f 2835/2838/1745 2833/2836/1743 2909/2867/1743 2910/2866/1745
f 2809/2814/1746 2807/2812/1744 2896/2874/1744 2897/2873/1746
f 2837/2840/1747 2835/2838/1745 2910/2866/1745 2911/2865/1747
f 2811/2762/1714 2809/2814/1746 2897/2873/1746 2898/2762/1714
f 2839/2842/1719 2837/2840/1747 2911/2865/1747 2912/2864/1719
f 2923/2879/1748 2925/2880/1749 2924/2881/1749 2922/2882/1748
f 2925/2880/1749 2927/2883/1750 2926/2884/1750 2924/2881/1749
f 2927/2883/1750 2929/2885/1751 2928/2886/1751 2926/2884/1750
f 2929/2887/1751 2931/2888/1752 2930/2889/1752 2928/2890/1751
f 2945/2891/1753 2947/2892/1754 2946/2893/1754 2944/2894/1753
f 2933/2895/1755 2935/2896/1756 2934/2897/1756 2932/2898/1755
f 2935/2896/1756 2937/2899/1757 2936/2900/1757 2934/2897/1756
f 2937/2901/1757 2939/2902/1758 2938/2903/1758 2936/2904/1757
f 2939/2902/1758 2941/2905/1759 2940/2906/1759 2938/2903/1758
f 2941/2905/1759 2943/2907/1760 2942/2908/1760 2940/2906/1759
f 2943/2907/1760 2945/2909/1753 2944/2910/1753 2942/2908/1760
f 2935/2896/1761 2960/2911/1761 2961/2912/1762 2937/2899/1762
f 2947/2892/1754 2949/2913/1763 2948/2914/1763 2946/2893/1754
f 2949/2913/1763 2951/2915/1764 2950/2916/1764 2948/2914/1763
f 2951/2917/1764 2953/2918/1765 2952/2919/1765 2950/2920/1764
f 2947/2892/1766 2945/2891/1767 2965/2921/1767 2966/2922/1766
f 2931/2888/1768 2958/2923/1768 2959/2924/1769 2933/2895/1769
f 2922/2925/1770 2924/2926/1770 2926/2927/1770 2928/2928/1770 2930/2929/1770 2932/2930/1770 2934/2931/1770 2936/2932/1770 2938/2933/1770 2940/2934/1770 2942/2935/1770 2944/2936/1770 2946/2937/1770 2948/2938/1770 2950/2939/1770 2952/2940/1770
f 2963/2941/1759 2962/2942/1758 2978/2943/1758 2979/2944/1759
f 2925/2880/1771 2923/2879/1772 2954/2945/1772 2955/2946/1771
f 2949/2913/1773 2967/2947/1773 2968/2948/1774 2951/2915/1774
f 2943/2907/1775 2941/2905/1776 2963/2941/1776 2964/2949/1775
f 2939/2902/1777 2937/2901/1762 2961/2950/1762 2962/2942/1777
f 2927/2883/1778 2956/2951/1778 2957/2952/1779 2929/2885/1779
f 2953/2953/1780 2951/2915/1774 2968/2948/1774 2969/2954/1780
f 2935/2896/1761 2933/2895/1769 2959/2924/1769 2960/2911/1761
f 2945/2909/1767 2943/2907/1775 2964/2949/1775 2965/2955/1767
f 2931/2888/1768 2929/2887/1779 2957/2956/1779 2958/2923/1768
f 2949/2913/1773 2947/2892/1766 2966/2922/1766 2967/2947/1773
f 2927/2883/1778 2925/2880/1771 2955/2946/1771 2956/2951/1778
f 2923/2879/1772 2953/2918/1780 2969/2957/1780 2954/2945/1772
f 2941/2905/1776 2939/2902/1777 2962/2942/1777 2963/2941/1776
f 2962/2942/1758 2961/2950/1757 2977/2958/1757 2978/2943/1758
f 2954/2945/1748 2970/2959/1748 2971/2960/1749 2955/2946/1749
f 2970/2961/1781 2985/2962/1781 2984/2963/1781 2983/2964/1781 2982/2965/1781 2981/2966/1781 2980/2967/1781 2979/2968/1781 2978/2969/1781 2977/2970/1781 2976/2971/1781 2975/2972/1781 2974/2973/1781 2973/2974/1781 2972/2975/1781 2971/2976/1781
f 2969/2957/1765 2968/2977/1764 2984/2978/1764 2985/2979/1765
f 2956/2951/1750 2955/2946/1749 2971/2960/1749 2972/2980/1750
f 2954/2945/1748 2969/2957/1765 2985/2979/1765 2970/2959/1748
f 2964/2949/1760 2963/2941/1759 2979/2944/1759 2980/2981/1760
f 2957/2952/1751 2956/2951/1750 2972/2980/1750 2973/2982/1751
f 2958/2923/1752 2957/2956/1751 2973/2983/1751 2974/2984/1752
f 2965/2955/1753 2964/2949/1760 2980/2981/1760 2981/2985/1753
f 2966/2922/1754 2965/2921/1753 2981/2986/1753 2982/2987/1754
f 2959/2924/1755 2958/2923/1752 2974/2984/1752 2975/2988/1755
f 2960/2911/1756 2959/2924/1755 2975/2988/1755 2976/2989/1756
f 2967/2947/1763 2966/2922/1754 2982/2987/1754 2983/2990/1763
f 2961/2912/1757 2960/2911/1756 2976/2989/1756 2977/2991/1757
f 2968/2948/1764 2967/2947/1763 2983/2990/1763 2984/2992/1764
f 2931/2888/1752 2933/2895/1755 2932/2898/1755 2930/2889/1752
f 2952/2919/1765 2953/2918/1765 2923/2879/1748 2922/2882/1748
o ValveConsole
v 13.920916 4.737699 -10.048623
v 13.920916 5.606059 -10.048623
v 13.920916 4.737699 -11.063704
v 13.920916 5.606059 -11.063704
v 14.194288 4.737699 -10.048623
v 14.194288 5.606059 -10.048623
v 14.194288 4.737699 -11.063704
v 14.194288 5.606059 -11.063704
vn -0.0000 -0.0000 -1.0000
vn 1.0000 -0.0000 -0.0000
vn -0.0000 -0.0000 1.0000
vn -0.0000 -1.0000 -0.0000
vn -0.0000 1.0000 -0.0000
vt 0.834663 0.265662
vt 0.688121 0.265662
vt 0.688121 0.219529
vt 0.834663 0.219529
vt 0.688121 0.048227
vt 0.834663 0.048227
vt 0.688121 0.002093
vt 0.834663 0.002093
vt 0.880796 0.219529
vt 0.880796 0.048227
vt 0.641988 0.219529
vt 0.641988 0.048227
s 1
usemtl ConsoleSide
f 2988/2993/1782 2989/2994/1782 2993/2995/1782 2992/2996/1782
f 2992/2996/1783 2993/2995/1783 2991/2997/1783 2990/2998/1783
f 2990/2998/1784 2991/2997/1784 2987/2999/1784 2986/3000/1784
f 2988/3001/1785 2992/2996/1785 2990/2998/1785 2986/3002/1785
f 2993/2995/1786 2989/3003/1786 2987/3004/1786 2991/2997/1786
o Cylinder.045
v 14.262396 5.546513 -10.908342
v 14.316428 5.622508 -10.908337
v 14.264983 5.544674 -10.915998
v 14.319016 5.620668 -10.915992
v 14.269761 5.541277 -10.921856
v 14.323793 5.617272 -10.921849
v 14.276002 5.536840 -10.925024
v 14.330034 5.612834 -10.925018
v 14.282756 5.532038 -10.925021
v 14.336789 5.608032 -10.925014
v 14.288995 5.527602 -10.921846
v 14.343027 5.603596 -10.921841
v 14.293769 5.524207 -10.915984
v 14.347801 5.600201 -10.915978
v 14.296350 5.522370 -10.908327
v 14.350384 5.598365 -10.908320
v 14.296348 5.522372 -10.900040
v 14.350381 5.598366 -10.900033
v 14.293760 5.524211 -10.892385
v 14.347794 5.600205 -10.892378
v 14.288982 5.527607 -10.886526
v 14.343016 5.603602 -10.886520
v 14.282742 5.532045 -10.883358
v 14.336774 5.608039 -10.883351
v 14.275988 5.536847 -10.883361
v 14.330020 5.612842 -10.883355
v 14.269749 5.541283 -10.886536
v 14.323781 5.617278 -10.886529
v 14.264975 5.544678 -10.892398
v 14.319007 5.620672 -10.892391
v 14.262393 5.546515 -10.900056
v 14.316425 5.622509 -10.900049
v 14.306762 5.618188 -10.909409
v 14.383673 5.726359 -10.909400
v 14.310017 5.615874 -10.919039
v 14.386928 5.724046 -10.919030
v 14.316028 5.611601 -10.926409
v 14.392939 5.719773 -10.926399
v 14.323879 5.606019 -10.930394
v 14.400790 5.714190 -10.930386
v 14.332376 5.599977 -10.930390
v 14.409287 5.708149 -10.930382
v 14.340225 5.594396 -10.926397
v 14.417136 5.702568 -10.926389
v 14.346231 5.590126 -10.919023
v 14.423141 5.698298 -10.919013
v 14.349479 5.587815 -10.909389
v 14.426390 5.695987 -10.909380
v 14.349475 5.587817 -10.898963
v 14.426387 5.695989 -10.898953
v 14.346220 5.590131 -10.889332
v 14.423131 5.698302 -10.889323
v 14.340209 5.594404 -10.881963
v 14.417121 5.702576 -10.881953
v 14.332357 5.599986 -10.877976
v 14.409269 5.708158 -10.877968
v 14.323861 5.606028 -10.877980
v 14.400772 5.714199 -10.877972
v 14.316012 5.611609 -10.881974
v 14.392923 5.719780 -10.881965
v 14.310006 5.615879 -10.889349
v 14.386917 5.724051 -10.889340
v 14.306758 5.618189 -10.898983
v 14.383669 5.726361 -10.898973
vn -0.7993 0.5683 -0.1955
vn -0.6774 0.4817 -0.5559
vn -0.4525 0.3218 -0.8317
vn -0.1587 0.1129 -0.9809
vn 0.1593 -0.1132 -0.9807
vn 0.4531 -0.3221 -0.8313
vn 0.6778 -0.4819 -0.5553
vn 0.7994 -0.5684 -0.1947
vn 0.7993 -0.5683 0.1955
vn 0.6774 -0.4817 0.5559
vn 0.4525 -0.3218 0.8317
vn 0.1587 -0.1129 0.9809
vn -0.1593 0.1132 0.9807
vn -0.4531 0.3221 0.8313
vn -0.6778 0.4819 0.5553
vn -0.7994 0.5684 0.1947
vn 0.5795 0.8150 0.0001
vt 0.458583 0.013930
vt 0.458583 0.015328
vt 0.442847 0.015328
vt 0.442847 0.013930
vt 0.458583 0.016727
vt 0.442847 0.016727
vt 0.458583 0.018126
vt 0.442847 0.018126
vt 0.458583 0.019524
vt 0.442847 0.019524
vt 0.458583 0.020923
vt 0.442847 0.020923
vt 0.458583 0.022321
vt 0.442847 0.022321
vt 0.458583 0.023720
vt 0.442847 0.023720
vt 0.458583 0.001343
vt 0.458583 0.002742
vt 0.442847 0.002742
vt 0.442847 0.001343
vt 0.458583 0.004140
vt 0.442847 0.004140
vt 0.458583 0.005539
vt 0.442847 0.005539
vt 0.458583 0.006937
vt 0.442847 0.006937
vt 0.458583 0.008336
vt 0.442847 0.008336
vt 0.458583 0.009734
vt 0.442847 0.009734
vt 0.458583 0.011133
vt 0.442847 0.011133
vt 0.458583 0.012531
vt 0.442847 0.012531
vt 0.670480 0.609143
vt 0.670480 0.610903
vt 0.648082 0.610903
vt 0.648082 0.609143
vt 0.670480 0.612662
vt 0.648082 0.612662
vt 0.670480 0.614422
vt 0.648082 0.614422
vt 0.670480 0.616181
vt 0.648082 0.616181
vt 0.670480 0.617941
vt 0.648082 0.617941
vt 0.670480 0.619700
vt 0.648082 0.619700
vt 0.670480 0.621459
vt 0.648082 0.621459
vt 0.670480 0.593309
vt 0.670480 0.595068
vt 0.648082 0.595068
vt 0.648082 0.593309
vt 0.670480 0.596827
vt 0.648082 0.596827
vt 0.670480 0.598586
vt 0.648082 0.598586
vt 0.670480 0.600346
vt 0.648082 0.600346
vt 0.670480 0.602105
vt 0.648082 0.602106
vt 0.670480 0.603865
vt 0.648082 0.603865
vt 0.670480 0.605624
vt 0.648082 0.605624
vt 0.670480 0.607384
vt 0.648082 0.607384
vt 0.031068 0.082871
vt 0.032827 0.082871
vt 0.034453 0.083544
vt 0.035697 0.084789
vt 0.036370 0.086414
vt 0.036370 0.088174
vt 0.035697 0.089799
vt 0.034453 0.091043
vt 0.032828 0.091717
vt 0.031068 0.091717
vt 0.029443 0.091043
vt 0.028199 0.089799
vt 0.027525 0.088174
vt 0.027525 0.086414
vt 0.028199 0.084789
vt 0.029443 0.083545
s 1
usemtl ConsoleSide
f 2995/3005/1787 2997/3006/1788 2996/3007/1788 2994/3008/1787
f 2997/3006/1788 2999/3009/1789 2998/3010/1789 2996/3007/1788
f 2999/3009/1789 3001/3011/1790 3000/3012/1790 2998/3010/1789
f 3001/3011/1790 3003/3013/1791 3002/3014/1791 3000/3012/1790
f 3003/3013/1791 3005/3015/1792 3004/3016/1792 3002/3014/1791
f 3005/3015/1792 3007/3017/1793 3006/3018/1793 3004/3016/1792
f 3007/3017/1793 3009/3019/1794 3008/3020/1794 3006/3018/1793
f 3009/3021/1794 3011/3022/1795 3010/3023/1795 3008/3024/1794
f 3011/3022/1795 3013/3025/1796 3012/3026/1796 3010/3023/1795
f 3013/3025/1796 3015/3027/1797 3014/3028/1797 3012/3026/1796
f 3015/3027/1797 3017/3029/1798 3016/3030/1798 3014/3028/1797
f 3017/3029/1798 3019/3031/1799 3018/3032/1799 3016/3030/1798
f 3019/3031/1799 3021/3033/1800 3020/3034/1800 3018/3032/1799
f 3021/3033/1800 3023/3035/1801 3022/3036/1801 3020/3034/1800
f 3023/3035/1801 3025/3037/1802 3024/3038/1802 3022/3036/1801
f 3027/3039/1787 3029/3040/1788 3028/3041/1788 3026/3042/1787
f 3029/3040/1788 3031/3043/1789 3030/3044/1789 3028/3041/1788
f 3031/3043/1789 3033/3045/1790 3032/3046/1790 3030/3044/1789
f 3033/3045/1790 3035/3047/1791 3034/3048/1791 3032/3046/1790
f 3035/3047/1791 3037/3049/1792 3036/3050/1792 3034/3048/1791
f 3037/3049/1792 3039/3051/1793 3038/3052/1793 3036/3050/1792
f 3039/3051/1793 3041/3053/1794 3040/3054/1794 3038/3052/1793
f 3041/3055/1794 3043/3056/1795 3042/3057/1795 3040/3058/1794
f 3043/3056/1795 3045/3059/1796 3044/3060/1796 3042/3057/1795
f 3045/3059/1796 3047/3061/1797 3046/3062/1797 3044/3060/1796
f 3047/3061/1797 3049/3063/1798 3048/3064/1798 3046/3062/1797
f 3049/3063/1798 3051/3065/1799 3050/3066/1799 3048/3064/1798
f 3051/3065/1799 3053/3067/1800 3052/3068/1800 3050/3066/1799
f 3053/3067/1800 3055/3069/1801 3054/3070/1801 3052/3068/1800
f 3055/3069/1801 3057/3071/1802 3056/3072/1802 3054/3070/1801
f 3024/3038/1802 3025/3037/1802 2995/3005/1787 2994/3008/1787
f 3027/3073/1803 3057/3074/1803 3055/3075/1803 3053/3076/1803 3051/3077/1803 3049/3078/1803 3047/3079/1803 3045/3080/1803 3043/3081/1803 3041/3082/1803 3039/3083/1803 3037/3084/1803 3035/3085/1803 3033/3086/1803 3031/3087/1803 3029/3088/1803
f 3056/3072/1802 3057/3071/1802 3027/3039/1787 3026/3042/1787
o Cylinder.046
v 13.735430 4.265783 -14.311871
v 13.735190 6.639527 -14.200169
v 13.917038 4.265802 -14.293920
v 13.894930 6.639544 -14.184380
v 14.091655 4.265825 -14.240883
v 14.048520 6.639565 -14.137730
v 14.252569 4.265853 -14.154800
v 14.190059 6.639589 -14.062012
v 14.393599 4.265884 -14.038978
v 14.314105 6.639616 -13.960137
v 14.509321 4.265918 -13.897868
v 14.415894 6.639646 -13.836020
v 14.595292 4.265952 -13.736893
v 14.491511 6.639676 -13.694428
v 14.648206 4.265986 -13.562240
v 14.538054 6.639706 -13.540805
v 14.666030 4.266018 -13.380618
v 14.553732 6.639733 -13.381054
v 14.648079 4.266047 -13.199010
v 14.537942 6.639759 -13.221314
v 14.595042 4.266071 -13.024393
v 14.491292 6.639781 -13.067724
v 14.508960 4.266091 -12.863479
v 14.415575 6.639798 -12.926187
v 14.393137 4.266105 -12.722449
v 14.313700 6.639810 -12.802139
v 14.252028 4.266112 -12.606727
v 14.189582 6.639816 -12.700352
v 14.091052 4.266113 -12.520756
v 14.047991 6.639817 -12.624733
v 13.916399 4.266107 -12.467842
v 13.894368 6.639812 -12.578191
v 13.734777 4.266095 -12.450018
v 13.734617 6.639801 -12.562513
v 13.553169 4.266077 -12.467970
v 13.574877 6.639785 -12.578303
v 13.378552 4.266053 -12.521006
v 13.421287 6.639764 -12.624952
v 13.217638 4.266025 -12.607089
v 13.279749 6.639740 -12.700670
v 13.076609 4.265994 -12.722911
v 13.155703 6.639712 -12.802546
v 12.960886 4.265960 -12.864020
v 13.053914 6.639683 -12.926663
v 12.874915 4.265926 -13.024996
v 12.978295 6.639653 -13.068254
v 12.822001 4.265893 -13.199650
v 12.931753 6.639624 -13.221877
v 12.804177 4.265861 -13.381270
v 12.916076 6.639596 -13.381628
v 12.822128 4.265832 -13.562879
v 12.931866 6.639570 -13.541368
v 12.875165 4.265807 -13.737495
v 12.978516 6.639548 -13.694958
v 12.961248 4.265787 -13.898411
v 13.054233 6.639531 -13.836496
v 13.077070 4.265774 -14.039439
v 13.156108 6.639519 -13.960543
v 13.218180 4.265766 -14.155162
v 13.280226 6.639512 -14.062331
v 13.379155 4.265765 -14.241133
v 13.421817 6.639512 -14.137949
v 13.553809 4.265771 -14.294046
v 13.575439 6.639517 -14.184491
v 13.798016 6.958394 -13.698234
v 13.734990 6.958387 -13.704464
v 13.858615 6.958402 -13.679829
v 13.914458 6.958412 -13.649954
v 13.963402 6.958423 -13.609759
v 14.003562 6.958434 -13.560788
v 14.033398 6.958446 -13.504923
v 14.051761 6.958458 -13.444311
v 14.057946 6.958469 -13.381281
v 14.051717 6.958479 -13.318255
v 14.033311 6.958488 -13.257656
v 14.003436 6.958494 -13.201813
v 13.963242 6.958499 -13.152870
v 13.914270 6.958502 -13.112709
v 13.858405 6.958502 -13.082874
v 13.797793 6.958500 -13.064510
v 13.734763 6.958496 -13.058325
v 13.671738 6.958489 -13.064555
v 13.611139 6.958481 -13.082960
v 13.555295 6.958471 -13.112835
v 13.506352 6.958460 -13.153029
v 13.466191 6.958449 -13.202001
v 13.436357 6.958437 -13.257866
v 13.417993 6.958426 -13.318478
v 13.411807 6.958414 -13.381508
v 13.418037 6.958404 -13.444533
v 13.436442 6.958395 -13.505133
v 13.466317 6.958389 -13.560976
v 13.506512 6.958384 -13.609919
v 13.555483 6.958382 -13.650080
v 13.611348 6.958381 -13.679914
v 13.671960 6.958383 -13.698278
v 13.735332 4.956117 -14.199887
v 13.735393 4.706500 -14.311944
v 13.917001 4.706518 -14.293993
v 13.895072 4.956133 -14.184098
v 14.091618 4.706542 -14.240957
v 14.048662 4.956153 -14.137448
v 14.252533 4.706570 -14.154874
v 14.190201 4.956178 -14.061731
v 14.393561 4.706601 -14.039052
v 14.314247 4.956205 -13.959856
v 14.509285 4.706634 -13.897942
v 14.416036 4.956235 -13.835737
v 14.595255 4.706668 -13.736967
v 14.491653 4.956265 -13.694147
v 14.648169 4.706702 -13.562313
v 14.538196 4.956295 -13.540524
v 14.665993 4.706734 -13.380692
v 14.553873 4.956323 -13.380773
v 14.648042 4.706763 -13.199083
v 14.538084 4.956348 -13.221033
v 14.595005 4.706787 -13.024467
v 14.491434 4.956370 -13.067443
v 14.508923 4.706807 -12.863552
v 14.415716 4.956387 -12.925905
v 14.393100 4.706821 -12.722524
v 14.313842 4.956399 -12.801859
v 14.251990 4.706828 -12.606800
v 14.189723 4.956406 -12.700070
v 14.091016 4.706829 -12.520830
v 14.048132 4.956406 -12.624452
v 13.916362 4.706823 -12.467916
v 13.894509 4.956401 -12.577909
v 13.734740 4.706811 -12.450092
v 13.734758 4.956390 -12.562232
v 13.553132 4.706792 -12.468043
v 13.575019 4.956374 -12.578022
v 13.378515 4.706769 -12.521079
v 13.421429 4.956354 -12.624672
v 13.217601 4.706741 -12.607162
v 13.279891 4.956329 -12.700389
v 13.076571 4.706710 -12.722984
v 13.155844 4.956301 -12.802264
v 12.960849 4.706676 -12.864095
v 13.054056 4.956272 -12.926382
v 12.874878 4.706642 -13.025069
v 12.978437 4.956242 -13.067973
v 12.821964 4.706609 -13.199723
v 12.931895 4.956213 -13.221596
v 12.804140 4.706577 -13.381344
v 12.916218 4.956184 -13.381347
v 12.822091 4.706548 -13.562953
v 12.932007 4.956159 -13.541086
v 12.875128 4.706523 -13.737569
v 12.978657 4.956137 -13.694676
v 12.961211 4.706503 -13.898484
v 13.054375 4.956120 -13.836215
v 13.077033 4.706490 -14.039513
v 13.156250 4.956108 -13.960261
v 13.218143 4.706482 -14.155236
v 13.280368 4.956101 -14.062050
v 13.379118 4.706481 -14.241206
v 13.421959 4.956100 -14.137668
v 13.553772 4.706487 -14.294120
v 13.575582 4.956106 -14.184210
v 13.841813 6.958361 -13.918019
v 13.735068 6.958350 -13.928570
v 13.944449 6.958375 -13.886846
v 14.039031 6.958391 -13.836248
v 14.121924 6.958409 -13.768170
v 14.189943 6.958429 -13.685229
v 14.240475 6.958449 -13.590612
v 14.271576 6.958469 -13.487955
v 14.282053 6.958488 -13.381203
v 14.271502 6.958505 -13.274458
v 14.240328 6.958519 -13.171823
v 14.189731 6.958530 -13.077240
v 14.121653 6.958539 -12.994347
v 14.038713 6.958543 -12.926328
v 13.944095 6.958544 -12.875796
v 13.841437 6.958540 -12.844695
v 13.734685 6.958533 -12.834218
v 13.627940 6.958522 -12.844769
v 13.525305 6.958508 -12.875943
v 13.430722 6.958492 -12.926540
v 13.347830 6.958474 -12.994618
v 13.279810 6.958454 -13.077559
v 13.229279 6.958434 -13.172176
v 13.198177 6.958414 -13.274834
v 13.187701 6.958395 -13.381586
v 13.198252 6.958378 -13.488331
v 13.229425 6.958364 -13.590966
v 13.280023 6.958352 -13.685549
v 13.348101 6.958344 -13.768442
v 13.431042 6.958340 -13.836461
v 13.525659 6.958339 -13.886992
v 13.628316 6.958343 -13.918094
v 13.789448 7.123668 -13.655338
v 13.734961 7.123662 -13.660724
v 13.841838 7.123675 -13.639426
v 13.890116 7.123683 -13.613599
v 13.932428 7.123693 -13.578849
v 13.967149 7.123703 -13.536512
v 13.992942 7.123713 -13.488216
v 14.008817 7.123723 -13.435815
v 14.014165 7.123733 -13.381325
v 14.008779 7.123742 -13.326838
v 13.992867 7.123749 -13.274447
v 13.967040 7.123755 -13.226169
v 13.932290 7.123759 -13.183857
v 13.889954 7.123761 -13.149137
v 13.841657 7.123761 -13.123343
v 13.789256 7.123760 -13.107468
v 13.734765 7.123756 -13.102120
v 13.680278 7.123751 -13.107506
v 13.627888 7.123744 -13.123418
v 13.579610 7.123735 -13.149245
v 13.537297 7.123726 -13.183995
v 13.502578 7.123715 -13.226332
v 13.476784 7.123705 -13.274629
v 13.460909 7.123695 -13.327029
v 13.455561 7.123686 -13.381520
v 13.460947 7.123677 -13.436007
v 13.476859 7.123670 -13.488397
v 13.502686 7.123664 -13.536675
v 13.537436 7.123660 -13.578988
v 13.579772 7.123657 -13.613708
v 13.628069 7.123657 -13.639501
v 13.680470 7.123659 -13.655376
vn 0.7032 0.6486 -0.2911
vn 0.6329 0.6486 -0.4227
vn 0.1889 0.2559 -0.9481
vn 0.0003 0.2558 -0.9667
vn 0.1482 0.6487 0.7464
vn 0.2910 0.6487 0.7032
vn -0.7612 0.6485 -0.0004
vn -0.7466 0.6486 0.1481
vn 0.2915 0.6485 -0.7032
vn 0.1487 0.6485 -0.7466
vn 0.6326 0.6487 0.4230
vn 0.7030 0.6487 0.2914
vn -0.5384 0.6487 0.5379
vn -0.4231 0.6487 0.6326
vn -0.4227 0.6485 -0.6331
vn -0.5381 0.6485 -0.5385
vn 0.7465 0.6486 -0.1483
vn -0.0003 0.6487 0.7610
vn -0.7465 0.6485 -0.1489
vn 0.4230 0.6485 -0.6328
vn 0.5380 0.6487 0.5383
vn -0.6331 0.6486 0.4225
vn -0.2911 0.6485 -0.7034
vn 0.7611 0.6487 0.0002
vn -0.1488 0.6487 0.7463
vn -0.7031 0.6485 -0.2916
vn 0.5383 0.6486 -0.5381
vn 0.4226 0.6487 0.6329
vn -0.7033 0.6486 0.2909
vn -0.1483 0.6485 -0.7467
vn 0.7464 0.6487 0.1486
vn -0.2916 0.6487 0.7030
vn -0.6328 0.6485 -0.4232
vn 0.0002 0.6485 -0.7612
vn -0.1777 0.4095 -0.8948
vn 0.0003 0.4095 -0.9123
vn -0.3488 0.4095 -0.8430
vn -0.5066 0.4095 -0.7587
vn -0.6448 0.4095 -0.6453
vn -0.7583 0.4095 -0.5071
vn -0.8427 0.4096 -0.3495
vn -0.8947 0.4096 -0.1783
vn -0.9123 0.4096 -0.0004
vn -0.8948 0.4096 0.1776
vn -0.8429 0.4097 0.3487
vn -0.7587 0.4097 0.5065
vn -0.6453 0.4097 0.6447
vn -0.5071 0.4098 0.7582
vn -0.3494 0.4098 0.8426
vn -0.1783 0.4098 0.8946
vn -0.0004 0.4098 0.9122
vn 0.1776 0.4099 0.8947
vn 0.3488 0.4099 0.8428
vn 0.5065 0.4099 0.7586
vn 0.6448 0.4099 0.6452
vn 0.7583 0.4098 0.5070
vn 0.8426 0.4098 0.3493
vn 0.8946 0.4098 0.1782
vn 0.9122 0.4098 0.0003
vn 0.8947 0.4097 -0.1777
vn 0.8429 0.4097 -0.3489
vn 0.7586 0.4097 -0.5066
vn 0.6452 0.4096 -0.6449
vn 0.5070 0.4096 -0.7584
vn 0.3494 0.4096 -0.8427
vn 0.1782 0.4096 -0.8947
vn -0.1947 -0.0002 -0.9809
vn 0.0004 -0.0002 -1.0000
vn 0.1954 -0.0001 -0.9807
vn 0.3830 -0.0001 -0.9237
vn 0.5559 -0.0001 -0.8313
vn 0.7074 -0.0001 -0.7069
vn 0.8317 -0.0000 -0.5553
vn 0.9240 -0.0000 -0.3824
vn 0.9809 0.0001 -0.1947
vn 1.0000 0.0001 0.0004
vn 0.9807 0.0001 0.1954
vn 0.9237 0.0001 0.3830
vn 0.8313 0.0002 0.5559
vn 0.7069 0.0002 0.7074
vn 0.5553 0.0002 0.8317
vn 0.3824 0.0002 0.9240
vn 0.1947 0.0002 0.9809
vn -0.0004 0.0002 1.0000
vn -0.1954 0.0001 0.9807
vn -0.3830 0.0001 0.9237
vn -0.5559 0.0001 0.8313
vn -0.7074 0.0001 0.7069
vn -0.8317 -0.0000 0.5553
vn -0.9240 -0.0000 0.3824
vn -0.9809 -0.0001 0.1947
vn -1.0000 -0.0001 -0.0004
vn -0.9807 -0.0001 -0.1954
vn -0.9237 -0.0001 -0.3830
vn -0.8313 -0.0002 -0.5559
vn -0.7069 -0.0002 -0.7074
vn -0.5553 -0.0002 -0.8317
vn -0.3824 -0.0002 -0.9240
vn -0.0001 1.0000 -0.0002
vn -0.6833 0.2558 -0.6838
vn -0.8036 0.2558 -0.5374
vn 0.1882 0.2562 0.9481
vn 0.3696 0.2562 0.8932
vn 0.3702 0.2559 -0.8930
vn -0.5368 0.2558 -0.8040
vn -0.0004 0.2562 0.9666
vn 0.5373 0.2559 -0.8036
vn -0.3696 0.2558 -0.8933
vn -0.1889 0.2561 0.9480
vn 0.6838 0.2559 -0.6833
vn -0.1883 0.2558 -0.9482
vn -0.3703 0.2561 0.8929
vn 0.8039 0.2560 -0.5368
vn -0.5374 0.2561 0.8035
vn 0.8932 0.2560 -0.3697
vn -0.6838 0.2561 0.6833
vn 0.9481 0.2561 -0.1883
vn -0.8040 0.2560 0.5367
vn 0.9667 0.2561 0.0003
vn -0.8932 0.2560 0.3696
vn 0.9480 0.2561 0.1889
vn -0.9482 0.2560 0.1882
vn 0.8929 0.2561 0.3702
vn -0.9667 0.2559 -0.0004
vn 0.8036 0.2562 0.5373
vn -0.9481 0.2559 -0.1890
vn 0.6833 0.2562 0.6837
vn -0.8930 0.2559 -0.3703
vn 0.5368 0.2562 0.8039
vt 0.312397 0.384453
vt 0.313098 0.364174
vt 0.376570 0.367373
vt 0.375213 0.386512
vt 0.590988 0.440206
vt 0.594984 0.429098
vt 0.623033 0.440037
vt 0.619579 0.449640
vt 0.320981 0.567393
vt 0.318495 0.546925
vt 0.381514 0.539688
vt 0.384266 0.558728
vt 0.361709 0.101309
vt 0.371109 0.079304
vt 0.425376 0.114856
vt 0.416918 0.129830
vt 0.317394 0.303082
vt 0.319606 0.282855
vt 0.382433 0.289655
vt 0.381200 0.308923
vt 0.313323 0.485978
vt 0.312531 0.465657
vt 0.375317 0.463488
vt 0.376718 0.482628
vt 0.342300 0.670600
vt 0.336745 0.649583
vt 0.397229 0.632789
vt 0.402579 0.650380
vt 0.332056 0.202836
vt 0.336434 0.182904
vt 0.395568 0.197288
vt 0.392241 0.215323
vt 0.311730 0.404745
vt 0.375447 0.405753
vt 0.324222 0.587802
vt 0.386190 0.577817
vt 0.353849 0.122337
vt 0.409961 0.145856
vt 0.315460 0.323432
vt 0.380263 0.328512
vt 0.314826 0.506243
vt 0.377143 0.501790
vt 0.348798 0.692074
vt 0.408884 0.667634
vt 0.328190 0.222787
vt 0.389424 0.233743
vt 0.311746 0.425044
vt 0.374679 0.424994
vt 0.327678 0.608333
vt 0.389690 0.596354
vt 0.347173 0.142793
vt 0.404251 0.162501
vt 0.314136 0.343831
vt 0.378258 0.348042
vt 0.316441 0.526548
vt 0.379143 0.520699
vt 0.356403 0.714252
vt 0.416376 0.684455
vt 0.325095 0.242776
vt 0.385926 0.252056
vt 0.311794 0.445363
vt 0.375502 0.444234
vt 0.332006 0.628854
vt 0.392673 0.614941
vt 0.341428 0.162926
vt 0.399521 0.179667
vt 0.365456 0.737607
vt 0.425376 0.700722
vt 0.322154 0.262754
vt 0.383997 0.270698
vt 0.110963 0.211421
vt 0.107715 0.234903
vt 0.071226 0.229989
vt 0.074685 0.205947
vt 0.114592 0.188026
vt 0.078484 0.181994
vt 0.118582 0.164709
vt 0.082634 0.158133
vt 0.122909 0.141473
vt 0.087138 0.134365
vt 0.127544 0.118326
vt 0.092005 0.110693
vt 0.132454 0.095285
vt 0.097263 0.087123
vt 0.138089 0.072442
vt 0.102672 0.063527
vt 0.143646 0.049652
vt 0.108827 0.039925
vt 0.149838 0.027590
vt 0.115502 0.015968
vt 0.127716 0.761472
vt 0.133382 0.785029
vt 0.096481 0.795914
vt 0.090498 0.770301
vt 0.122523 0.737571
vt 0.085354 0.745151
vt 0.118181 0.713381
vt 0.080551 0.720200
vt 0.113802 0.689229
vt 0.076539 0.695246
vt 0.110274 0.664989
vt 0.072702 0.670385
vt 0.107155 0.640695
vt 0.069256 0.645511
vt 0.104055 0.616469
vt 0.066452 0.620625
vt 0.101414 0.592305
vt 0.063991 0.595822
vt 0.099196 0.568188
vt 0.061905 0.571090
vt 0.097372 0.544116
vt 0.060200 0.546426
vt 0.095920 0.520092
vt 0.058878 0.521828
vt 0.094816 0.496125
vt 0.057944 0.497295
vt 0.094028 0.472219
vt 0.057419 0.472831
vt 0.094034 0.448306
vt 0.057001 0.448409
vt 0.093903 0.424433
vt 0.057258 0.423985
vt 0.094602 0.400586
vt 0.057564 0.399603
vt 0.095214 0.376763
vt 0.058512 0.375235
vt 0.096174 0.353031
vt 0.059819 0.350951
vt 0.097940 0.329342
vt 0.061227 0.326699
vt 0.099581 0.305669
vt 0.063323 0.302488
vt 0.102038 0.282085
vt 0.065520 0.278306
vt 0.104881 0.258488
vt 0.068072 0.254118
vt 0.015838 0.222351
vt 0.012622 0.247342
vt 0.019460 0.197453
vt 0.009846 0.272382
vt 0.007483 0.297420
vt 0.005474 0.322473
vt 0.003831 0.347557
vt 0.002535 0.372671
vt 0.001590 0.397846
vt 0.001038 0.423050
vt 0.000844 0.448266
vt 0.001008 0.473504
vt 0.001496 0.498772
vt 0.002306 0.524118
vt 0.003465 0.549553
vt 0.004995 0.575084
vt 0.006914 0.600712
vt 0.009241 0.626435
vt 0.012001 0.652239
vt 0.015224 0.678082
vt 0.018879 0.703934
vt 0.022926 0.729837
vt 0.027400 0.755818
vt 0.032285 0.781885
vt 0.037549 0.808055
vt 0.060877 0.001979
vt 0.054720 0.026021
vt 0.048687 0.050273
vt 0.042983 0.074587
vt 0.037608 0.098955
vt 0.032552 0.123418
vt 0.027833 0.147985
vt 0.023464 0.172663
vt 0.892263 0.812258
vt 0.883916 0.803911
vt 0.910415 0.771621
vt 0.924553 0.785759
vt 0.874101 0.797353
vt 0.893792 0.760514
vt 0.863195 0.792835
vt 0.875320 0.752863
vt 0.851617 0.790532
vt 0.855711 0.748962
vt 0.839813 0.790532
vt 0.835718 0.748962
vt 0.828235 0.792835
vt 0.816109 0.752863
vt 0.817329 0.797353
vt 0.797638 0.760514
vt 0.807514 0.803911
vt 0.781015 0.771621
vt 0.799167 0.812258
vt 0.766877 0.785759
vt 0.792609 0.822073
vt 0.755770 0.802382
vt 0.788091 0.832979
vt 0.748119 0.820854
vt 0.785788 0.844557
vt 0.744218 0.840463
vt 0.785788 0.856361
vt 0.744218 0.860456
vt 0.788091 0.867939
vt 0.748119 0.880064
vt 0.792609 0.878845
vt 0.755770 0.898536
vt 0.799167 0.888660
vt 0.766877 0.915159
vt 0.807514 0.897007
vt 0.781015 0.929297
vt 0.817329 0.903565
vt 0.797638 0.940404
vt 0.828235 0.908083
vt 0.816109 0.948055
vt 0.839813 0.910386
vt 0.835718 0.951956
vt 0.851617 0.910386
vt 0.855712 0.951956
vt 0.863195 0.908083
vt 0.875320 0.948055
vt 0.874101 0.903565
vt 0.893792 0.940404
vt 0.883916 0.897007
vt 0.910415 0.929297
vt 0.892263 0.888660
vt 0.924553 0.915159
vt 0.898821 0.878845
vt 0.935660 0.898536
vt 0.903339 0.867939
vt 0.943311 0.880065
vt 0.905642 0.856361
vt 0.947212 0.860456
vt 0.905642 0.844557
vt 0.947212 0.840462
vt 0.903339 0.832979
vt 0.943311 0.820853
vt 0.898821 0.822073
vt 0.935660 0.802382
vt 0.893447 0.851485
vt 0.891456 0.861494
vt 0.887551 0.870923
vt 0.881881 0.879408
vt 0.874665 0.886625
vt 0.866179 0.892294
vt 0.856751 0.896200
vt 0.846741 0.898191
vt 0.836536 0.898191
vt 0.826527 0.896200
vt 0.817098 0.892294
vt 0.808613 0.886625
vt 0.801397 0.879408
vt 0.795727 0.870923
vt 0.791821 0.861494
vt 0.789830 0.851485
vt 0.789830 0.841280
vt 0.791821 0.831271
vt 0.795727 0.821842
vt 0.801396 0.813357
vt 0.808613 0.806140
vt 0.817098 0.800471
vt 0.826526 0.796565
vt 0.836536 0.794574
vt 0.846741 0.794574
vt 0.856750 0.796565
vt 0.866179 0.800471
vt 0.874664 0.806140
vt 0.881880 0.813357
vt 0.887550 0.821842
vt 0.891456 0.831270
vt 0.893447 0.841280
vt 0.616670 0.387248
vt 0.623442 0.377579
vt 0.647636 0.395498
vt 0.641782 0.403857
vt 0.599563 0.601478
vt 0.594984 0.590598
vt 0.623033 0.579658
vt 0.626992 0.589064
vt 0.587588 0.451510
vt 0.616639 0.459413
vt 0.610422 0.397264
vt 0.636380 0.412516
vt 0.604714 0.612099
vt 0.631445 0.598247
vt 0.584793 0.462979
vt 0.614223 0.469328
vt 0.604714 0.407597
vt 0.631445 0.421449
vt 0.610422 0.622432
vt 0.636380 0.607180
vt 0.582610 0.474580
vt 0.612336 0.479358
vt 0.599563 0.418218
vt 0.626992 0.430631
vt 0.616670 0.632447
vt 0.641782 0.615838
vt 0.581047 0.486281
vt 0.610985 0.489473
vt 0.623441 0.642117
vt 0.647636 0.624198
vt 0.580108 0.498048
vt 0.610172 0.499646
vt 0.630717 0.651413
vt 0.653925 0.632235
vt 0.579794 0.509848
vt 0.609901 0.509848
vt 0.638475 0.660310
vt 0.660633 0.639926
vt 0.580108 0.521648
vt 0.610172 0.520050
vt 0.646695 0.668782
vt 0.667739 0.647251
vt 0.581047 0.533415
vt 0.610985 0.530223
vt 0.655354 0.676806
vt 0.675224 0.654187
vt 0.582610 0.545116
vt 0.612336 0.540338
vt 0.646695 0.350914
vt 0.655354 0.342890
vt 0.675224 0.365509
vt 0.667739 0.372445
vt 0.584792 0.556717
vt 0.614223 0.550367
vt 0.638475 0.359386
vt 0.660633 0.379770
vt 0.587588 0.568186
vt 0.616639 0.560283
vt 0.630717 0.368283
vt 0.653925 0.387461
vt 0.590988 0.579490
vt 0.619579 0.570055
s 1
usemtl ConsoleSide
f 3071/3089/1804 3069/3090/1805 3223/3091/1805 3224/3092/1804
f 3122/3093/1806 3123/3094/1807 3251/3095/1807 3250/3096/1806
f 3089/3097/1808 3087/3098/1809 3232/3099/1809 3233/3100/1808
f 3107/3101/1810 3105/3102/1811 3241/3103/1811 3242/3104/1810
f 3063/3105/1812 3061/3106/1813 3218/3107/1813 3220/3108/1812
f 3081/3109/1814 3079/3110/1815 3228/3111/1815 3229/3112/1814
f 3099/3113/1816 3097/3114/1817 3237/3115/1817 3238/3116/1816
f 3117/3117/1818 3115/3118/1819 3246/3119/1819 3247/3120/1818
f 3073/3121/1820 3071/3089/1804 3224/3092/1804 3225/3122/1820
f 3091/3123/1821 3089/3097/1808 3233/3100/1808 3234/3124/1821
f 3109/3125/1822 3107/3101/1810 3242/3104/1810 3243/3126/1822
f 3065/3127/1823 3063/3105/1812 3220/3108/1812 3221/3128/1823
f 3083/3129/1824 3081/3109/1814 3229/3112/1814 3230/3130/1824
f 3101/3131/1825 3099/3113/1816 3238/3116/1816 3239/3132/1825
f 3119/3133/1826 3117/3117/1818 3247/3120/1818 3248/3134/1826
f 3075/3135/1827 3073/3121/1820 3225/3122/1820 3226/3136/1827
f 3093/3137/1828 3091/3123/1821 3234/3124/1821 3235/3138/1828
f 3111/3139/1829 3109/3125/1822 3243/3126/1822 3244/3140/1829
f 3067/3141/1830 3065/3127/1823 3221/3128/1823 3222/3142/1830
f 3085/3143/1831 3083/3129/1824 3230/3130/1824 3231/3144/1831
f 3103/3145/1832 3101/3131/1825 3239/3132/1825 3240/3146/1832
f 3121/3147/1833 3119/3133/1826 3248/3134/1826 3249/3148/1833
f 3077/3149/1834 3075/3135/1827 3226/3136/1827 3227/3150/1834
f 3095/3151/1835 3093/3137/1828 3235/3138/1828 3236/3152/1835
f 3113/3153/1836 3111/3139/1829 3244/3140/1829 3245/3154/1836
f 3069/3090/1805 3067/3141/1830 3222/3142/1830 3223/3091/1805
f 3087/3098/1809 3085/3143/1831 3231/3144/1831 3232/3099/1809
f 3105/3155/1811 3103/3145/1832 3240/3146/1832 3241/3156/1811
f 3061/3106/1813 3059/3157/1837 3219/3158/1837 3218/3107/1813
f 3059/3157/1837 3121/3147/1833 3249/3148/1833 3219/3158/1837
f 3079/3110/1815 3077/3149/1834 3227/3150/1834 3228/3111/1815
f 3097/3114/1817 3095/3151/1835 3236/3152/1835 3237/3115/1817
f 3115/3118/1819 3113/3153/1836 3245/3154/1836 3246/3119/1819
f 3217/3159/1838 3154/3160/1839 3155/3161/1839 3216/3162/1838
f 3215/3163/1840 3217/3159/1838 3216/3162/1838 3214/3164/1840
f 3213/3165/1841 3215/3163/1840 3214/3164/1840 3212/3166/1841
f 3211/3167/1842 3213/3165/1841 3212/3166/1841 3210/3168/1842
f 3209/3169/1843 3211/3167/1842 3210/3168/1842 3208/3170/1843
f 3207/3171/1844 3209/3169/1843 3208/3170/1843 3206/3172/1844
f 3205/3173/1845 3207/3171/1844 3206/3172/1844 3204/3174/1845
f 3203/3175/1846 3205/3173/1845 3204/3174/1845 3202/3176/1846
f 3201/3177/1847 3203/3175/1846 3202/3176/1846 3200/3178/1847
f 3199/3179/1848 3201/3180/1847 3200/3181/1847 3198/3182/1848
f 3197/3183/1849 3199/3179/1848 3198/3182/1848 3196/3184/1849
f 3195/3185/1850 3197/3183/1849 3196/3184/1849 3194/3186/1850
f 3193/3187/1851 3195/3185/1850 3194/3186/1850 3192/3188/1851
f 3191/3189/1852 3193/3187/1851 3192/3188/1851 3190/3190/1852
f 3189/3191/1853 3191/3189/1852 3190/3190/1852 3188/3192/1853
f 3187/3193/1854 3189/3191/1853 3188/3192/1853 3186/3194/1854
f 3185/3195/1855 3187/3193/1854 3186/3194/1854 3184/3196/1855
f 3183/3197/1856 3185/3195/1855 3184/3196/1855 3182/3198/1856
f 3181/3199/1857 3183/3197/1856 3182/3198/1856 3180/3200/1857
f 3179/3201/1858 3181/3199/1857 3180/3200/1857 3178/3202/1858
f 3177/3203/1859 3179/3201/1858 3178/3202/1858 3176/3204/1859
f 3175/3205/1860 3177/3203/1859 3176/3204/1859 3174/3206/1860
f 3173/3207/1861 3175/3205/1860 3174/3206/1860 3172/3208/1861
f 3171/3209/1862 3173/3207/1861 3172/3208/1861 3170/3210/1862
f 3169/3211/1863 3171/3209/1862 3170/3210/1862 3168/3212/1863
f 3167/3213/1864 3169/3211/1863 3168/3212/1863 3166/3214/1864
f 3165/3215/1865 3167/3213/1864 3166/3214/1864 3164/3216/1865
f 3163/3217/1866 3165/3215/1865 3164/3216/1865 3162/3218/1866
f 3161/3219/1867 3163/3217/1866 3162/3218/1866 3160/3220/1867
f 3159/3221/1868 3161/3219/1867 3160/3220/1867 3158/3222/1868
f 3157/3223/1869 3159/3221/1868 3158/3222/1868 3156/3224/1869
f 3154/3160/1839 3157/3223/1869 3156/3224/1869 3155/3161/1839
f 3217/3159/1870 3121/3147/1870 3059/3157/1871 3154/3160/1871
f 3058/3225/1871 3155/3161/1871 3156/3224/1872 3060/3226/1872
f 3154/3160/1871 3059/3157/1871 3061/3106/1872 3157/3223/1872
f 3120/3227/1870 3216/3162/1870 3155/3161/1871 3058/3225/1871
f 3157/3223/1872 3061/3106/1872 3063/3105/1873 3159/3221/1873
f 3060/3226/1872 3156/3224/1872 3158/3222/1873 3062/3228/1873
f 3159/3221/1873 3063/3105/1873 3065/3127/1874 3161/3219/1874
f 3062/3228/1873 3158/3222/1873 3160/3220/1874 3064/3229/1874
f 3161/3219/1874 3065/3127/1874 3067/3141/1875 3163/3217/1875
f 3064/3229/1874 3160/3220/1874 3162/3218/1875 3066/3230/1875
f 3163/3217/1875 3067/3141/1875 3069/3090/1876 3165/3215/1876
f 3066/3230/1875 3162/3218/1875 3164/3216/1876 3068/3231/1876
f 3165/3215/1876 3069/3090/1876 3071/3089/1877 3167/3213/1877
f 3068/3231/1876 3164/3216/1876 3166/3214/1877 3070/3232/1877
f 3167/3213/1877 3071/3089/1877 3073/3121/1878 3169/3211/1878
f 3070/3232/1877 3166/3214/1877 3168/3212/1878 3072/3233/1878
f 3169/3211/1878 3073/3121/1878 3075/3135/1879 3171/3209/1879
f 3072/3233/1878 3168/3212/1878 3170/3210/1879 3074/3234/1879
f 3171/3209/1879 3075/3135/1879 3077/3149/1880 3173/3207/1880
f 3074/3234/1879 3170/3210/1879 3172/3208/1880 3076/3235/1880
f 3173/3207/1880 3077/3149/1880 3079/3110/1881 3175/3205/1881
f 3076/3235/1880 3172/3208/1880 3174/3206/1881 3078/3236/1881
f 3175/3205/1881 3079/3110/1881 3081/3109/1882 3177/3203/1882
f 3078/3236/1881 3174/3206/1881 3176/3204/1882 3080/3237/1882
f 3177/3203/1882 3081/3109/1882 3083/3129/1883 3179/3201/1883
f 3080/3237/1882 3176/3204/1882 3178/3202/1883 3082/3238/1883
f 3179/3201/1883 3083/3129/1883 3085/3143/1884 3181/3199/1884
f 3082/3238/1883 3178/3202/1883 3180/3200/1884 3084/3239/1884
f 3181/3199/1884 3085/3143/1884 3087/3098/1885 3183/3197/1885
f 3084/3239/1884 3180/3200/1884 3182/3198/1885 3086/3240/1885
f 3183/3197/1885 3087/3098/1885 3089/3097/1886 3185/3195/1886
f 3086/3240/1885 3182/3198/1885 3184/3196/1886 3088/3241/1886
f 3185/3195/1886 3089/3097/1886 3091/3123/1887 3187/3193/1887
f 3088/3241/1886 3184/3196/1886 3186/3194/1887 3090/3242/1887
f 3187/3193/1887 3091/3123/1887 3093/3137/1888 3189/3191/1888
f 3090/3242/1887 3186/3194/1887 3188/3192/1888 3092/3243/1888
f 3189/3191/1888 3093/3137/1888 3095/3151/1889 3191/3189/1889
f 3092/3243/1888 3188/3192/1888 3190/3190/1889 3094/3244/1889
f 3191/3189/1889 3095/3151/1889 3097/3114/1890 3193/3187/1890
f 3094/3244/1889 3190/3190/1889 3192/3188/1890 3096/3245/1890
f 3193/3187/1890 3097/3114/1890 3099/3113/1891 3195/3185/1891
f 3096/3245/1890 3192/3188/1890 3194/3186/1891 3098/3246/1891
f 3195/3185/1891 3099/3113/1891 3101/3131/1892 3197/3183/1892
f 3098/3246/1891 3194/3186/1891 3196/3184/1892 3100/3247/1892
f 3197/3183/1892 3101/3131/1892 3103/3145/1893 3199/3179/1893
f 3100/3247/1892 3196/3184/1892 3198/3182/1893 3102/3248/1893
f 3199/3179/1893 3103/3145/1893 3105/3155/1894 3201/3180/1894
f 3102/3248/1893 3198/3182/1893 3200/3181/1894 3104/3249/1894
f 3201/3177/1894 3105/3102/1894 3107/3101/1895 3203/3175/1895
f 3104/3250/1894 3200/3178/1894 3202/3176/1895 3106/3251/1895
f 3203/3175/1895 3107/3101/1895 3109/3125/1896 3205/3173/1896
f 3106/3251/1895 3202/3176/1895 3204/3174/1896 3108/3252/1896
f 3205/3173/1896 3109/3125/1896 3111/3139/1897 3207/3171/1897
f 3108/3252/1896 3204/3174/1896 3206/3172/1897 3110/3253/1897
f 3207/3171/1897 3111/3139/1897 3113/3153/1898 3209/3169/1898
f 3110/3253/1897 3206/3172/1897 3208/3170/1898 3112/3254/1898
f 3209/3169/1898 3113/3153/1898 3115/3118/1899 3211/3167/1899
f 3112/3254/1898 3208/3170/1898 3210/3168/1899 3114/3255/1899
f 3211/3167/1899 3115/3118/1899 3117/3117/1900 3213/3165/1900
f 3114/3255/1899 3210/3168/1899 3212/3166/1900 3116/3256/1900
f 3213/3165/1900 3117/3117/1900 3119/3133/1901 3215/3163/1901
f 3116/3256/1900 3212/3166/1900 3214/3164/1901 3118/3257/1901
f 3215/3163/1901 3119/3133/1901 3121/3147/1870 3217/3159/1870
f 3118/3257/1901 3214/3164/1901 3216/3162/1870 3120/3227/1870
f 3123/3258/1902 3122/3259/1902 3218/3260/1902 3219/3261/1902
f 3122/3259/1902 3124/3262/1902 3220/3263/1902 3218/3260/1902
f 3124/3262/1902 3125/3264/1902 3221/3265/1902 3220/3263/1902
f 3125/3264/1902 3126/3266/1902 3222/3267/1902 3221/3265/1902
f 3126/3266/1902 3127/3268/1902 3223/3269/1902 3222/3267/1902
f 3127/3268/1902 3128/3270/1902 3224/3271/1902 3223/3269/1902
f 3128/3270/1902 3129/3272/1902 3225/3273/1902 3224/3271/1902
f 3129/3272/1902 3130/3274/1902 3226/3275/1902 3225/3273/1902
f 3130/3274/1902 3131/3276/1902 3227/3277/1902 3226/3275/1902
f 3131/3276/1902 3132/3278/1902 3228/3279/1902 3227/3277/1902
f 3132/3278/1902 3133/3280/1902 3229/3281/1902 3228/3279/1902
f 3133/3280/1902 3134/3282/1902 3230/3283/1902 3229/3281/1902
f 3134/3282/1902 3135/3284/1902 3231/3285/1902 3230/3283/1902
f 3135/3284/1902 3136/3286/1902 3232/3287/1902 3231/3285/1902
f 3136/3286/1902 3137/3288/1902 3233/3289/1902 3232/3287/1902
f 3137/3288/1902 3138/3290/1902 3234/3291/1902 3233/3289/1902
f 3138/3290/1902 3139/3292/1902 3235/3293/1902 3234/3291/1902
f 3139/3292/1902 3140/3294/1902 3236/3295/1902 3235/3293/1902
f 3140/3294/1902 3141/3296/1902 3237/3297/1902 3236/3295/1902
f 3141/3296/1902 3142/3298/1902 3238/3299/1902 3237/3297/1902
f 3142/3298/1902 3143/3300/1902 3239/3301/1902 3238/3299/1902
f 3143/3300/1902 3144/3302/1902 3240/3303/1902 3239/3301/1902
f 3144/3302/1902 3145/3304/1902 3241/3305/1902 3240/3303/1902
f 3145/3304/1902 3146/3306/1902 3242/3307/1902 3241/3305/1902
f 3146/3306/1902 3147/3308/1902 3243/3309/1902 3242/3307/1902
f 3147/3308/1902 3148/3310/1902 3244/3311/1902 3243/3309/1902
f 3148/3310/1902 3149/3312/1902 3245/3313/1902 3244/3311/1902
f 3149/3312/1902 3150/3314/1902 3246/3315/1902 3245/3313/1902
f 3150/3314/1902 3151/3316/1902 3247/3317/1902 3246/3315/1902
f 3151/3316/1902 3152/3318/1902 3248/3319/1902 3247/3317/1902
f 3152/3318/1902 3153/3320/1902 3249/3321/1902 3248/3319/1902
f 3153/3320/1902 3123/3258/1902 3219/3261/1902 3249/3321/1902
f 3250/3322/1902 3251/3323/1902 3281/3324/1902 3280/3325/1902 3279/3326/1902 3278/3327/1902 3277/3328/1902 3276/3329/1902 3275/3330/1902 3274/3331/1902 3273/3332/1902 3272/3333/1902 3271/3334/1902 3270/3335/1902 3269/3336/1902 3268/3337/1902 3267/3338/1902 3266/3339/1902 3265/3340/1902 3264/3341/1902 3263/3342/1902 3262/3343/1902 3261/3344/1902 3260/3345/1902 3259/3346/1902 3258/3347/1902 3257/3348/1902 3256/3349/1902 3255/3350/1902 3254/3351/1902 3253/3352/1902 3252/3353/1902
f 3150/3354/1903 3149/3355/1904 3277/3356/1904 3278/3357/1903
f 3137/3358/1905 3136/3359/1906 3264/3360/1906 3265/3361/1905
f 3124/3362/1907 3122/3093/1806 3250/3096/1806 3252/3363/1907
f 3151/3364/1908 3150/3354/1903 3278/3357/1903 3279/3365/1908
f 3138/3366/1909 3137/3358/1905 3265/3361/1905 3266/3367/1909
f 3125/3368/1910 3124/3362/1907 3252/3363/1907 3253/3369/1910
f 3152/3370/1911 3151/3364/1908 3279/3365/1908 3280/3371/1911
f 3139/3372/1912 3138/3366/1909 3266/3367/1909 3267/3373/1912
f 3126/3374/1913 3125/3368/1910 3253/3369/1910 3254/3375/1913
f 3153/3376/1914 3152/3370/1911 3280/3371/1911 3281/3377/1914
f 3140/3378/1915 3139/3372/1912 3267/3373/1912 3268/3379/1915
f 3127/3380/1916 3126/3374/1913 3254/3375/1913 3255/3381/1916
f 3123/3094/1807 3153/3376/1914 3281/3377/1914 3251/3095/1807
f 3141/3382/1917 3140/3378/1915 3268/3379/1915 3269/3383/1917
f 3128/3384/1918 3127/3380/1916 3255/3381/1916 3256/3385/1918
f 3142/3386/1919 3141/3382/1917 3269/3383/1917 3270/3387/1919
f 3129/3388/1920 3128/3384/1918 3256/3385/1918 3257/3389/1920
f 3143/3390/1921 3142/3386/1919 3270/3387/1919 3271/3391/1921
f 3130/3392/1922 3129/3388/1920 3257/3389/1920 3258/3393/1922
f 3144/3394/1923 3143/3390/1921 3271/3391/1921 3272/3395/1923
f 3131/3396/1924 3130/3392/1922 3258/3393/1922 3259/3397/1924
f 3145/3398/1925 3144/3394/1923 3272/3395/1923 3273/3399/1925
f 3132/3400/1926 3131/3396/1924 3259/3397/1924 3260/3401/1926
f 3146/3402/1927 3145/3403/1925 3273/3404/1925 3274/3405/1927
f 3133/3406/1928 3132/3400/1926 3260/3401/1926 3261/3407/1928
f 3147/3408/1929 3146/3402/1927 3274/3405/1927 3275/3409/1929
f 3134/3410/1930 3133/3406/1928 3261/3407/1928 3262/3411/1930
f 3148/3412/1931 3147/3408/1929 3275/3409/1929 3276/3413/1931
f 3135/3414/1932 3134/3410/1930 3262/3411/1930 3263/3415/1932
f 3149/3355/1904 3148/3412/1931 3276/3413/1931 3277/3356/1904
f 3136/3359/1906 3135/3414/1932 3263/3415/1932 3264/3360/1906
o NutrientFlow
v 14.094796 5.820793 -10.159186
v 14.248530 5.869929 -10.169332
v 14.090209 5.830640 -10.187772
v 14.244616 5.878333 -10.193725
v 14.088068 5.835245 -10.217927
v 14.242788 5.882262 -10.219457
v 14.088456 5.834431 -10.248494
v 14.243120 5.881567 -10.245541
v 14.091359 5.828228 -10.278297
v 14.245597 5.876275 -10.270973
v 14.096664 5.816875 -10.306191
v 14.250125 5.866587 -10.294777
v 14.104169 5.800810 -10.331106
v 14.256528 5.852878 -10.316037
v 14.113584 5.780648 -10.352082
v 14.264563 5.835672 -10.333937
v 14.124548 5.757164 -10.368314
v 14.273918 5.815633 -10.347788
v 14.136639 5.731262 -10.379177
v 14.284236 5.793530 -10.357059
v 14.149392 5.703936 -10.384255
v 14.295119 5.770211 -10.361392
v 14.162318 5.676237 -10.383353
v 14.306149 5.746575 -10.360622
v 14.174921 5.649229 -10.376505
v 14.316903 5.723528 -10.354778
v 14.186714 5.623950 -10.363975
v 14.326967 5.701956 -10.344085
v 14.197247 5.601372 -10.346242
v 14.335955 5.682689 -10.328954
v 14.206112 5.582362 -10.323990
v 14.343520 5.666467 -10.309965
v 14.212971 5.567650 -10.298074
v 14.349373 5.653913 -10.287849
v 14.217558 5.557802 -10.269488
v 14.353288 5.645510 -10.263456
v 14.219699 5.553197 -10.239333
v 14.355115 5.641580 -10.237723
v 14.219311 5.554012 -10.208766
v 14.354783 5.642275 -10.211639
v 14.216408 5.560215 -10.178963
v 14.352306 5.647568 -10.186207
v 14.211102 5.571567 -10.151068
v 14.347778 5.657255 -10.162403
v 14.203598 5.587633 -10.126154
v 14.341375 5.670965 -10.141144
v 14.194183 5.607795 -10.105178
v 14.333341 5.688170 -10.123243
v 14.183220 5.631278 -10.088946
v 14.323985 5.708210 -10.109392
v 14.171128 5.657180 -10.078082
v 14.313667 5.730313 -10.100122
v 14.158375 5.684506 -10.073004
v 14.302784 5.753631 -10.095789
v 14.145449 5.712205 -10.073906
v 14.291754 5.777267 -10.096559
v 14.132847 5.739213 -10.080754
v 14.281000 5.800314 -10.102403
v 14.121053 5.764492 -10.093286
v 14.270936 5.821886 -10.113095
v 14.110520 5.787071 -10.111017
v 14.261949 5.841153 -10.128227
v 14.101655 5.806081 -10.133269
v 14.254383 5.857376 -10.147216
v 14.235277 5.898340 -10.187732
v 14.239864 5.888493 -10.159146
v 14.233136 5.902945 -10.217887
v 14.233524 5.902131 -10.248454
v 14.236427 5.895928 -10.278257
v 14.241733 5.884576 -10.306152
v 14.249237 5.868510 -10.331066
v 14.258652 5.848348 -10.352042
v 14.269615 5.824864 -10.368274
v 14.281707 5.798962 -10.379138
v 14.294460 5.771636 -10.384216
v 14.307386 5.743937 -10.383314
v 14.319988 5.716929 -10.376466
v 14.331782 5.691650 -10.363935
v 14.342315 5.669072 -10.346203
v 14.351180 5.650062 -10.323951
v 14.358039 5.635350 -10.298034
v 14.362626 5.625503 -10.269448
v 14.364767 5.620897 -10.239293
v 14.364379 5.621712 -10.208726
v 14.361476 5.627914 -10.178923
v 14.356171 5.639267 -10.151029
v 14.348666 5.655333 -10.126114
v 14.339252 5.675495 -10.105138
v 14.328287 5.698978 -10.088906
v 14.316196 5.724880 -10.078043
v 14.303443 5.752206 -10.072965
v 14.290517 5.779905 -10.073867
v 14.277914 5.806913 -10.080715
v 14.266121 5.832192 -10.093246
v 14.255589 5.854771 -10.110978
v 14.246723 5.873781 -10.133230
v 14.235436 5.852737 -10.198971
v 14.238763 5.845597 -10.178245
v 14.233885 5.856076 -10.220835
v 14.234166 5.855485 -10.242997
v 14.236271 5.850988 -10.264606
v 14.240117 5.842757 -10.284832
v 14.245559 5.831108 -10.302896
v 14.252385 5.816490 -10.318105
v 14.260334 5.799463 -10.329873
v 14.269101 5.780682 -10.337750
v 14.278348 5.760870 -10.341433
v 14.287720 5.740786 -10.340778
v 14.296857 5.721204 -10.335813
v 14.305408 5.702876 -10.326727
v 14.313045 5.686505 -10.313870
v 14.319472 5.672721 -10.297736
v 14.324446 5.662055 -10.278946
v 14.327772 5.654914 -10.258220
v 14.329324 5.651576 -10.236355
v 14.329042 5.652166 -10.214192
v 14.326938 5.656663 -10.192583
v 14.323092 5.664895 -10.172359
v 14.317650 5.676543 -10.154294
v 14.310823 5.691162 -10.139086
v 14.302875 5.708189 -10.127316
v 14.294107 5.726969 -10.119440
v 14.284861 5.746782 -10.115758
v 14.275489 5.766865 -10.116412
v 14.266352 5.786448 -10.121377
v 14.257800 5.804776 -10.130463
v 14.250164 5.821146 -10.143320
v 14.243736 5.834930 -10.159453
vn -0.3788 0.8114 0.4452
vn -0.4082 0.8745 0.2619
vn -0.4219 0.9040 0.0686
vn -0.4194 0.8988 -0.1273
vn -0.4008 0.8591 -0.3184
vn -0.3668 0.7863 -0.4972
vn -0.3187 0.6833 -0.6569
vn -0.2583 0.5540 -0.7914
vn -0.1881 0.4035 -0.8954
vn -0.1105 0.2375 -0.9651
vn -0.0288 0.0623 -0.9976
vn 0.0541 -0.1153 -0.9919
vn 0.1349 -0.2884 -0.9480
vn 0.2105 -0.4505 -0.8676
vn 0.2780 -0.5952 -0.7540
vn 0.3348 -0.7171 -0.6113
vn 0.3788 -0.8114 -0.4452
vn 0.4082 -0.8745 -0.2619
vn 0.4219 -0.9040 -0.0686
vn 0.4194 -0.8988 0.1273
vn 0.4008 -0.8591 0.3184
vn 0.3668 -0.7863 0.4972
vn 0.3187 -0.6833 0.6569
vn 0.2583 -0.5540 0.7914
vn 0.1881 -0.4035 0.8954
vn 0.1105 -0.2375 0.9651
vn 0.0288 -0.0623 0.9976
vn -0.0541 0.1153 0.9919
vn -0.1349 0.2884 0.9480
vn -0.2105 0.4505 0.8676
vn -0.2780 0.5952 0.7540
vn 0.6349 0.3486 -0.6894
vn 0.6922 0.2259 -0.6854
vn -0.3348 0.7171 0.6113
vn -0.9062 -0.4229 -0.0002
vn 0.9062 0.4229 0.0002
vn 0.3727 0.9101 0.1812
vn 0.3632 0.9305 0.0476
vn 0.5093 0.6170 0.5999
vn 0.4627 0.7170 0.5214
vn 0.7480 0.1062 -0.6551
vn 0.4234 0.8013 0.4228
vn 0.9370 -0.2989 -0.1809
vn 0.9465 -0.3193 -0.0472
vn 0.8003 -0.0058 -0.5996
vn 0.3930 0.8665 0.3079
vn 0.9447 -0.3157 0.0882
vn 0.8470 -0.1059 -0.5210
vn 0.9319 -0.2882 0.2203
vn 0.8863 -0.1901 -0.4224
vn 0.9084 -0.2379 0.3439
vn 0.9166 -0.2553 -0.3075
vn 0.3649 0.9269 -0.0878
vn 0.8751 -0.1667 0.4543
vn 0.3777 0.8994 -0.2199
vn 0.8334 -0.0774 0.5472
vn 0.4013 0.8491 -0.3435
vn 0.7848 0.0267 0.6192
vn 0.4345 0.7779 -0.4539
vn 0.7312 0.1414 0.6673
vn 0.4762 0.6886 -0.5469
vn 0.6747 0.2625 0.6898
vn 0.5248 0.5845 -0.6188
vn 0.6174 0.3853 0.6858
vn 0.5784 0.4697 -0.6669
vn 0.5616 0.5050 0.6555
vt 0.311927 0.812799
vt 0.311927 0.785783
vt 0.317088 0.785783
vt 0.317088 0.812799
vt 0.322249 0.785783
vt 0.322249 0.812799
vt 0.327409 0.785783
vt 0.327409 0.812799
vt 0.332570 0.785783
vt 0.332570 0.812799
vt 0.337730 0.785783
vt 0.337730 0.812799
vt 0.342891 0.785783
vt 0.342891 0.812799
vt 0.348052 0.785783
vt 0.348052 0.812799
vt 0.353212 0.785783
vt 0.353212 0.812799
vt 0.358373 0.785783
vt 0.358373 0.812799
vt 0.363533 0.785783
vt 0.363533 0.812799
vt 0.368694 0.785783
vt 0.368694 0.812799
vt 0.373855 0.785783
vt 0.373855 0.812799
vt 0.379015 0.785783
vt 0.379015 0.812799
vt 0.384176 0.785783
vt 0.384176 0.812799
vt 0.389336 0.785783
vt 0.389336 0.812799
vt 0.394497 0.785783
vt 0.394497 0.812799
vt 0.399658 0.785783
vt 0.399658 0.812799
vt 0.404818 0.785783
vt 0.404818 0.812799
vt 0.239679 0.812799
vt 0.239679 0.785783
vt 0.244839 0.785783
vt 0.244839 0.812799
vt 0.250000 0.785783
vt 0.250000 0.812799
vt 0.255161 0.785783
vt 0.255161 0.812799
vt 0.260321 0.785783
vt 0.260321 0.812799
vt 0.265482 0.785783
vt 0.265482 0.812799
vt 0.270643 0.785783
vt 0.270643 0.812799
vt 0.275803 0.785783
vt 0.275803 0.812799
vt 0.280964 0.785783
vt 0.280964 0.812799
vt 0.286124 0.785783
vt 0.286124 0.812799
vt 0.291285 0.785783
vt 0.291285 0.812799
vt 0.296446 0.785783
vt 0.296446 0.812799
vt 0.301606 0.785783
vt 0.301606 0.812799
vt 0.666263 0.777593
vt 0.661751 0.778429
vt 0.660795 0.774930
vt 0.665128 0.773351
vt 0.306767 0.785783
vt 0.306767 0.812799
vt 0.727589 0.500623
vt 0.729564 0.505391
vt 0.730571 0.510452
vt 0.730571 0.515613
vt 0.729564 0.520674
vt 0.727589 0.525442
vt 0.724722 0.529733
vt 0.721073 0.533382
vt 0.716782 0.536249
vt 0.712014 0.538224
vt 0.706953 0.539231
vt 0.701792 0.539230
vt 0.696731 0.538224
vt 0.691963 0.536249
vt 0.687672 0.533382
vt 0.684023 0.529733
vt 0.681156 0.525442
vt 0.679181 0.520674
vt 0.678174 0.515613
vt 0.678174 0.510453
vt 0.679181 0.505391
vt 0.681156 0.500623
vt 0.684023 0.496332
vt 0.687672 0.492683
vt 0.691963 0.489816
vt 0.696731 0.487841
vt 0.701792 0.486834
vt 0.706953 0.486835
vt 0.712014 0.487841
vt 0.716782 0.489816
vt 0.721073 0.492683
vt 0.724722 0.496332
vt 0.650294 0.757788
vt 0.646061 0.756435
vt 0.646952 0.752677
vt 0.651769 0.754265
vt 0.641651 0.755754
vt 0.641913 0.751913
vt 0.637164 0.755839
vt 0.636804 0.751968
vt 0.632722 0.756657
vt 0.631724 0.752865
vt 0.628444 0.758207
vt 0.626821 0.754602
vt 0.624451 0.760457
vt 0.622235 0.757146
vt 0.620866 0.763357
vt 0.618101 0.760445
vt 0.617774 0.766801
vt 0.614580 0.764407
vt 0.615335 0.770735
vt 0.611765 0.768897
vt 0.613554 0.774990
vt 0.609757 0.773788
vt 0.612501 0.779460
vt 0.608597 0.778893
vt 0.612233 0.784019
vt 0.608276 0.784107
vt 0.612688 0.788535
vt 0.608838 0.789282
vt 0.613882 0.792885
vt 0.610239 0.794248
vt 0.615762 0.796950
vt 0.612421 0.798876
vt 0.618263 0.800628
vt 0.615306 0.803044
vt 0.621332 0.803796
vt 0.618825 0.806680
vt 0.624821 0.806390
vt 0.622906 0.809637
vt 0.651360 0.806247
vt 0.655091 0.804157
vt 0.657149 0.807273
vt 0.652815 0.809637
vt 0.658470 0.801446
vt 0.661033 0.804189
vt 0.661369 0.798210
vt 0.664357 0.800497
vt 0.663695 0.794539
vt 0.667027 0.796300
vt 0.665372 0.790531
vt 0.668968 0.791712
vt 0.666404 0.786303
vt 0.670122 0.786871
vt 0.666683 0.781948
vt 0.670480 0.781893
vt 0.669994 0.776900
vt 0.668688 0.772065
vt 0.663275 0.769358
vt 0.666615 0.767484
vt 0.660808 0.765701
vt 0.663782 0.763289
vt 0.657761 0.762498
vt 0.660293 0.759628
vt 0.654225 0.759839
vt 0.656250 0.756593
vt 0.624402 0.800367
vt 0.627299 0.802576
vt 0.617351 0.787685
vt 0.618310 0.791290
vt 0.659264 0.771627
vt 0.619837 0.794662
vt 0.645007 0.760970
vt 0.641358 0.760438
vt 0.657211 0.768607
vt 0.621887 0.797714
vt 0.637653 0.760527
vt 0.654687 0.765962
vt 0.633987 0.761233
vt 0.651760 0.763767
vt 0.630461 0.762543
vt 0.648507 0.762086
vt 0.649398 0.802186
vt 0.652531 0.800389
vt 0.627173 0.764431
vt 0.655339 0.798135
vt 0.624216 0.766848
vt 0.657742 0.795457
vt 0.621677 0.769726
vt 0.659672 0.792425
vt 0.619628 0.772972
vt 0.661074 0.789124
vt 0.618137 0.776489
vt 0.661891 0.785631
vt 0.617250 0.780178
vt 0.662115 0.782031
vt 0.616993 0.783945
s 1
usemtl ConsoleSide
f 3282/3416/1933 3347/3417/1933 3346/3418/1934 3284/3419/1934
f 3284/3419/1934 3346/3418/1934 3348/3420/1935 3286/3421/1935
f 3286/3421/1935 3348/3420/1935 3349/3422/1936 3288/3423/1936
f 3288/3423/1936 3349/3422/1936 3350/3424/1937 3290/3425/1937
f 3290/3425/1937 3350/3424/1937 3351/3426/1938 3292/3427/1938
f 3292/3427/1938 3351/3426/1938 3352/3428/1939 3294/3429/1939
f 3294/3429/1939 3352/3428/1939 3353/3430/1940 3296/3431/1940
f 3296/3431/1940 3353/3430/1940 3354/3432/1941 3298/3433/1941
f 3298/3433/1941 3354/3432/1941 3355/3434/1942 3300/3435/1942
f 3300/3435/1942 3355/3434/1942 3356/3436/1943 3302/3437/1943
f 3302/3437/1943 3356/3436/1943 3357/3438/1944 3304/3439/1944
f 3304/3439/1944 3357/3438/1944 3358/3440/1945 3306/3441/1945
f 3306/3441/1945 3358/3440/1945 3359/3442/1946 3308/3443/1946
f 3308/3443/1946 3359/3442/1946 3360/3444/1947 3310/3445/1947
f 3310/3445/1947 3360/3444/1947 3361/3446/1948 3312/3447/1948
f 3312/3447/1948 3361/3446/1948 3362/3448/1949 3314/3449/1949
f 3314/3449/1949 3362/3448/1949 3363/3450/1950 3316/3451/1950
f 3316/3451/1950 3363/3450/1950 3364/3452/1951 3318/3453/1951
f 3318/3454/1951 3364/3455/1951 3365/3456/1952 3320/3457/1952
f 3320/3457/1952 3365/3456/1952 3366/3458/1953 3322/3459/1953
f 3322/3459/1953 3366/3458/1953 3367/3460/1954 3324/3461/1954
f 3324/3461/1954 3367/3460/1954 3368/3462/1955 3326/3463/1955
f 3326/3463/1955 3368/3462/1955 3369/3464/1956 3328/3465/1956
f 3328/3465/1956 3369/3464/1956 3370/3466/1957 3330/3467/1957
f 3330/3467/1957 3370/3466/1957 3371/3468/1958 3332/3469/1958
f 3332/3469/1958 3371/3468/1958 3372/3470/1959 3334/3471/1959
f 3334/3471/1959 3372/3470/1959 3373/3472/1960 3336/3473/1960
f 3336/3473/1960 3373/3472/1960 3374/3474/1961 3338/3475/1961
f 3338/3475/1961 3374/3474/1961 3375/3476/1962 3340/3477/1962
f 3340/3477/1962 3375/3476/1962 3376/3478/1963 3342/3479/1963
f 3335/3480/1964 3404/3481/1964 3405/3482/1965 3337/3483/1965
f 3342/3479/1963 3376/3478/1963 3377/3484/1966 3344/3485/1966
f 3344/3485/1966 3377/3484/1966 3347/3417/1933 3282/3416/1933
f 3282/3486/1967 3284/3487/1967 3286/3488/1967 3288/3489/1967 3290/3490/1967 3292/3491/1967 3294/3492/1967 3296/3493/1967 3298/3494/1967 3300/3495/1967 3302/3496/1967 3304/3497/1967 3306/3498/1967 3308/3499/1967 3310/3500/1967 3312/3501/1967 3314/3502/1967 3316/3503/1967 3318/3504/1967 3320/3505/1967 3322/3506/1967 3324/3507/1967 3326/3508/1967 3328/3509/1967 3330/3510/1967 3332/3511/1967 3334/3512/1967 3336/3513/1967 3338/3514/1967 3340/3515/1967 3342/3516/1967 3344/3517/1967
f 3283/3518/1968 3285/3519/1968 3346/3520/1968 3347/3521/1968
f 3285/3519/1968 3287/3522/1968 3348/3523/1968 3346/3520/1968
f 3287/3522/1968 3289/3524/1968 3349/3525/1968 3348/3523/1968
f 3289/3524/1968 3291/3526/1968 3350/3527/1968 3349/3525/1968
f 3291/3526/1968 3293/3528/1968 3351/3529/1968 3350/3527/1968
f 3293/3528/1968 3295/3530/1968 3352/3531/1968 3351/3529/1968
f 3295/3530/1968 3297/3532/1968 3353/3533/1968 3352/3531/1968
f 3297/3532/1968 3299/3534/1968 3354/3535/1968 3353/3533/1968
f 3299/3534/1968 3301/3536/1968 3355/3537/1968 3354/3535/1968
f 3301/3536/1968 3303/3538/1968 3356/3539/1968 3355/3537/1968
f 3303/3538/1968 3305/3540/1968 3357/3541/1968 3356/3539/1968
f 3305/3540/1968 3307/3542/1968 3358/3543/1968 3357/3541/1968
f 3307/3542/1968 3309/3544/1968 3359/3545/1968 3358/3543/1968
f 3309/3544/1968 3311/3546/1968 3360/3547/1968 3359/3545/1968
f 3311/3546/1968 3313/3548/1968 3361/3549/1968 3360/3547/1968
f 3313/3548/1968 3315/3550/1968 3362/3551/1968 3361/3549/1968
f 3315/3550/1968 3317/3552/1968 3363/3553/1968 3362/3551/1968
f 3317/3552/1968 3319/3554/1968 3364/3555/1968 3363/3553/1968
f 3319/3556/1968 3321/3557/1968 3365/3558/1968 3364/3559/1968
f 3321/3557/1968 3323/3560/1968 3366/3561/1968 3365/3558/1968
f 3323/3560/1968 3325/3562/1968 3367/3563/1968 3366/3561/1968
f 3325/3562/1968 3327/3564/1968 3368/3565/1968 3367/3563/1968
f 3327/3564/1968 3329/3566/1968 3369/3567/1968 3368/3565/1968
f 3329/3566/1968 3331/3568/1968 3370/3569/1968 3369/3567/1968
f 3331/3568/1968 3333/3570/1968 3371/3571/1968 3370/3569/1968
f 3333/3570/1968 3335/3480/1968 3372/3572/1968 3371/3571/1968
f 3335/3480/1968 3337/3483/1968 3373/3573/1968 3372/3572/1968
f 3337/3483/1968 3339/3574/1968 3374/3575/1968 3373/3573/1968
f 3339/3574/1968 3341/3576/1968 3375/3577/1968 3374/3575/1968
f 3341/3576/1968 3343/3578/1968 3376/3579/1968 3375/3577/1968
f 3343/3578/1968 3345/3580/1968 3377/3581/1968 3376/3579/1968
f 3345/3580/1968 3283/3518/1968 3347/3521/1968 3377/3581/1968
f 3317/3552/1969 3395/3582/1969 3396/3583/1970 3319/3554/1970
f 3309/3544/1971 3391/3584/1971 3392/3585/1972 3311/3546/1972
f 3337/3483/1965 3405/3482/1965 3406/3586/1973 3339/3574/1973
f 3311/3546/1972 3392/3585/1972 3393/3587/1974 3313/3548/1974
f 3285/3519/1975 3378/3588/1975 3380/3589/1976 3287/3522/1976
f 3339/3574/1973 3406/3586/1973 3407/3590/1977 3341/3576/1977
f 3313/3548/1974 3393/3587/1974 3394/3591/1978 3315/3550/1978
f 3287/3522/1976 3380/3589/1976 3381/3592/1979 3289/3524/1979
f 3341/3576/1977 3407/3590/1977 3408/3593/1980 3343/3578/1980
f 3317/3552/1969 3315/3550/1978 3394/3591/1978 3395/3582/1969
f 3289/3524/1979 3381/3592/1979 3382/3594/1981 3291/3526/1981
f 3343/3578/1980 3408/3593/1980 3409/3595/1982 3345/3580/1982
f 3291/3526/1981 3382/3594/1981 3383/3596/1983 3293/3528/1983
f 3345/3580/1982 3409/3595/1982 3379/3597/1984 3283/3518/1984
f 3319/3556/1970 3396/3598/1970 3397/3599/1985 3321/3557/1985
f 3293/3528/1983 3383/3596/1983 3384/3600/1986 3295/3530/1986
f 3321/3557/1985 3397/3599/1985 3398/3601/1987 3323/3560/1987
f 3295/3530/1986 3384/3600/1986 3385/3602/1988 3297/3532/1988
f 3323/3560/1987 3398/3601/1987 3399/3603/1989 3325/3562/1989
f 3297/3532/1988 3385/3602/1988 3386/3604/1990 3299/3534/1990
f 3325/3562/1989 3399/3603/1989 3400/3605/1991 3327/3564/1991
f 3299/3534/1990 3386/3604/1990 3387/3606/1992 3301/3536/1992
f 3327/3564/1991 3400/3605/1991 3401/3607/1993 3329/3566/1993
f 3301/3536/1992 3387/3606/1992 3388/3608/1994 3303/3538/1994
f 3329/3566/1993 3401/3607/1993 3402/3609/1995 3331/3568/1995
f 3303/3538/1994 3388/3608/1994 3389/3610/1996 3305/3540/1996
f 3331/3568/1995 3402/3609/1995 3403/3611/1997 3333/3570/1997
f 3305/3540/1996 3389/3610/1996 3390/3612/1998 3307/3542/1998
f 3333/3570/1997 3403/3611/1997 3404/3481/1964 3335/3480/1964
f 3307/3542/1998 3390/3612/1998 3391/3584/1971 3309/3544/1971
f 3283/3518/1984 3379/3597/1984 3378/3588/1975 3285/3519/1975
o Cylinder.048
v 13.900150 5.571708 -10.347566
v 14.155482 5.697322 -10.347497
v 13.908776 5.554173 -10.345634
v 14.164108 5.679788 -10.345567
v 13.917069 5.537314 -10.339930
v 14.172400 5.662929 -10.339861
v 13.924710 5.521777 -10.330667
v 14.180042 5.647391 -10.330600
v 13.931406 5.508160 -10.318207
v 14.186738 5.633774 -10.318138
v 13.936900 5.496985 -10.303024
v 14.192231 5.622599 -10.302956
v 13.940980 5.488682 -10.285704
v 14.196311 5.614296 -10.285636
v 13.943489 5.483571 -10.266912
v 14.198821 5.609185 -10.266844
v 13.944332 5.481847 -10.247371
v 14.199664 5.607461 -10.247302
v 13.943476 5.483577 -10.227830
v 14.198808 5.609191 -10.227761
v 13.940953 5.488695 -10.209042
v 14.196284 5.614309 -10.208973
v 13.936861 5.497004 -10.191727
v 14.192192 5.622618 -10.191658
v 13.931356 5.508183 -10.176552
v 14.186688 5.633798 -10.176483
v 13.924652 5.521805 -10.164100
v 14.179983 5.647419 -10.164031
v 13.917005 5.537345 -10.154849
v 14.172336 5.662960 -10.154780
v 13.908708 5.554206 -10.149155
v 14.164040 5.679821 -10.149086
v 13.900081 5.571741 -10.147236
v 14.155413 5.697355 -10.147167
v 13.891455 5.589275 -10.149167
v 14.146787 5.714889 -10.149098
v 13.883162 5.606134 -10.154872
v 14.138494 5.731749 -10.154804
v 13.875522 5.621671 -10.164134
v 14.130853 5.747285 -10.164065
v 13.868825 5.635289 -10.176595
v 14.124157 5.760903 -10.176527
v 13.863332 5.646464 -10.191777
v 14.118664 5.772078 -10.191710
v 13.859252 5.654766 -10.209098
v 14.114583 5.780380 -10.209029
v 13.856742 5.659878 -10.227889
v 14.112074 5.785492 -10.227821
v 13.855900 5.661602 -10.247431
v 14.111231 5.787216 -10.247363
v 13.856756 5.659871 -10.266972
v 14.112087 5.785485 -10.266904
v 13.859279 5.654754 -10.285760
v 14.114611 5.780368 -10.285692
v 13.863371 5.646445 -10.303075
v 14.118702 5.772059 -10.303006
v 13.868875 5.635265 -10.318250
v 14.124207 5.760880 -10.318181
v 13.875580 5.621644 -10.330702
v 14.130911 5.747258 -10.330633
v 13.883227 5.606103 -10.339952
v 14.138559 5.731718 -10.339884
v 13.891524 5.589242 -10.345647
v 14.146855 5.714856 -10.345578
vn 0.0004 -0.0002 -1.0000
vn 0.0865 -0.1752 -0.9807
vn 0.1693 -0.3435 -0.9238
vn 0.2455 -0.4986 -0.8313
vn 0.3124 -0.6346 -0.7069
vn 0.3672 -0.7462 -0.5553
vn 0.4080 -0.8291 -0.3824
vn 0.4330 -0.8801 -0.1948
vn 0.4414 -0.8973 0.0003
vn 0.4329 -0.8800 0.1954
vn 0.4077 -0.8289 0.3830
vn 0.3668 -0.7460 0.5558
vn 0.3119 -0.6344 0.7073
vn 0.2450 -0.4984 0.8316
vn 0.1686 -0.3432 0.9240
vn 0.0858 -0.1749 0.9808
vn -0.0004 0.0002 1.0000
vn -0.0865 0.1752 0.9807
vn -0.1693 0.3435 0.9238
vn -0.2455 0.4986 0.8313
vn -0.3124 0.6346 0.7069
vn -0.3672 0.7462 0.5553
vn -0.4080 0.8291 0.3824
vn -0.4330 0.8801 0.1948
vn -0.4414 0.8973 -0.0003
vn -0.4329 0.8800 -0.1954
vn -0.4077 0.8289 -0.3830
vn -0.3668 0.7460 -0.5558
vn -0.3119 0.6344 -0.7073
vn -0.2450 0.4984 -0.8316
vn -0.1686 0.3432 -0.9240
vn -0.0858 0.1749 -0.9808
vt 0.896983 0.730571
vt 0.896983 0.682550
vt 0.900296 0.682550
vt 0.900296 0.730571
vt 0.903610 0.682550
vt 0.903610 0.730571
vt 0.906923 0.682550
vt 0.906923 0.730571
vt 0.910237 0.682550
vt 0.910237 0.730571
vt 0.913551 0.682550
vt 0.913551 0.730571
vt 0.916865 0.682550
vt 0.916865 0.730571
vt 0.920178 0.682550
vt 0.920178 0.730571
vt 0.923492 0.682550
vt 0.923492 0.730571
vt 0.817455 0.730571
vt 0.817455 0.682550
vt 0.820768 0.682550
vt 0.820768 0.730571
vt 0.824082 0.682550
vt 0.824082 0.730571
vt 0.827396 0.682550
vt 0.827396 0.730571
vt 0.830709 0.682550
vt 0.830709 0.730571
vt 0.834023 0.682550
vt 0.834023 0.730571
vt 0.837336 0.682550
vt 0.837336 0.730571
vt 0.840650 0.682550
vt 0.840650 0.730571
vt 0.843964 0.682550
vt 0.843964 0.730571
vt 0.847278 0.682550
vt 0.847278 0.730571
vt 0.850592 0.682550
vt 0.850592 0.730571
vt 0.853905 0.682550
vt 0.853905 0.730571
vt 0.857219 0.682550
vt 0.857219 0.730571
vt 0.860533 0.682550
vt 0.860533 0.730571
vt 0.863846 0.682550
vt 0.863846 0.730571
vt 0.867160 0.682550
vt 0.867160 0.730571
vt 0.870473 0.682550
vt 0.870473 0.730571
vt 0.873787 0.682550
vt 0.873787 0.730571
vt 0.877101 0.682550
vt 0.877101 0.730571
vt 0.880414 0.682550
vt 0.880414 0.730571
vt 0.883728 0.682550
vt 0.883728 0.730571
vt 0.887042 0.682550
vt 0.887042 0.730571
vt 0.890355 0.682550
vt 0.890355 0.730571
vt 0.893669 0.682550
vt 0.893669 0.730571
s 1
usemtl ConsoleSide
f 3410/3613/1999 3411/3614/1999 3413/3615/2000 3412/3616/2000
f 3412/3616/2000 3413/3615/2000 3415/3617/2001 3414/3618/2001
f 3414/3618/2001 3415/3617/2001 3417/3619/2002 3416/3620/2002
f 3416/3620/2002 3417/3619/2002 3419/3621/2003 3418/3622/2003
f 3418/3622/2003 3419/3621/2003 3421/3623/2004 3420/3624/2004
f 3420/3624/2004 3421/3623/2004 3423/3625/2005 3422/3626/2005
f 3422/3626/2005 3423/3625/2005 3425/3627/2006 3424/3628/2006
f 3424/3628/2006 3425/3627/2006 3427/3629/2007 3426/3630/2007
f 3426/3631/2007 3427/3632/2007 3429/3633/2008 3428/3634/2008
f 3428/3634/2008 3429/3633/2008 3431/3635/2009 3430/3636/2009
f 3430/3636/2009 3431/3635/2009 3433/3637/2010 3432/3638/2010
f 3432/3638/2010 3433/3637/2010 3435/3639/2011 3434/3640/2011
f 3434/3640/2011 3435/3639/2011 3437/3641/2012 3436/3642/2012
f 3436/3642/2012 3437/3641/2012 3439/3643/2013 3438/3644/2013
f 3438/3644/2013 3439/3643/2013 3441/3645/2014 3440/3646/2014
f 3440/3646/2014 3441/3645/2014 3443/3647/2015 3442/3648/2015
f 3442/3648/2015 3443/3647/2015 3445/3649/2016 3444/3650/2016
f 3444/3650/2016 3445/3649/2016 3447/3651/2017 3446/3652/2017
f 3446/3652/2017 3447/3651/2017 3449/3653/2018 3448/3654/2018
f 3448/3654/2018 3449/3653/2018 3451/3655/2019 3450/3656/2019
f 3450/3656/2019 3451/3655/2019 3453/3657/2020 3452/3658/2020
f 3452/3658/2020 3453/3657/2020 3455/3659/2021 3454/3660/2021
f 3454/3660/2021 3455/3659/2021 3457/3661/2022 3456/3662/2022
f 3456/3662/2022 3457/3661/2022 3459/3663/2023 3458/3664/2023
f 3458/3664/2023 3459/3663/2023 3461/3665/2024 3460/3666/2024
f 3460/3666/2024 3461/3665/2024 3463/3667/2025 3462/3668/2025
f 3462/3668/2025 3463/3667/2025 3465/3669/2026 3464/3670/2026
f 3464/3670/2026 3465/3669/2026 3467/3671/2027 3466/3672/2027
f 3466/3672/2027 3467/3671/2027 3469/3673/2028 3468/3674/2028
f 3468/3674/2028 3469/3673/2028 3471/3675/2029 3470/3676/2029
f 3470/3676/2029 3471/3675/2029 3473/3677/2030 3472/3678/2030
f 3472/3678/2030 3473/3677/2030 3411/3614/1999 3410/3613/1999
o Cylinder.051
v 14.076713 4.723793 -9.936073
v 14.057363 4.821027 -9.936096
v 14.002275 4.903456 -9.936130
v 13.919838 4.958529 -9.936167
v 13.822599 4.977862 -9.936205
v 13.725365 4.958513 -9.936235
v 13.642936 4.903426 -9.936255
v 13.587863 4.820988 -9.936260
v 13.568530 4.723750 -9.936251
v 13.587879 4.626514 -9.936228
v 13.642966 4.544086 -9.936194
v 13.725405 4.489013 -9.936157
v 13.822642 4.469679 -9.936119
v 13.919877 4.489029 -9.936089
v 14.002306 4.544116 -9.936069
v 14.057379 4.626554 -9.936064
v 14.077397 4.723465 -11.896755
v 14.058047 4.820700 -11.896778
v 14.002960 4.903128 -11.896811
v 13.920523 4.958201 -11.896849
v 13.823284 4.977535 -11.896887
v 13.726049 4.958185 -11.896917
v 13.643620 4.903098 -11.896936
v 13.588548 4.820660 -11.896942
v 13.569214 4.723422 -11.896933
v 13.588564 4.626187 -11.896910
v 13.643651 4.543758 -11.896876
v 13.726089 4.488685 -11.896838
v 13.823327 4.469352 -11.896801
v 13.920562 4.488702 -11.896770
v 14.002991 4.543788 -11.896751
v 14.058064 4.626226 -11.896746
v 14.109484 4.723807 -9.866801
v 14.110541 4.723300 -11.966712
v 14.110192 4.723467 -11.896744
v 14.087636 4.833592 -9.866827
v 14.088695 4.833085 -11.966738
v 14.087661 4.833580 -9.936088
v 14.025439 4.926659 -9.866864
v 14.026498 4.926153 -11.966775
v 14.025463 4.926648 -9.936125
v 13.932362 4.988841 -9.866907
v 13.933419 4.988334 -11.966818
v 13.932385 4.988829 -9.936168
v 13.822573 5.010669 -9.866949
v 13.823631 5.010163 -11.966860
v 13.822597 5.010658 -9.936210
v 13.712788 4.988822 -9.866984
v 13.713846 4.988316 -11.966894
v 13.712812 4.988811 -9.936245
v 13.619720 4.926625 -9.867006
v 13.620778 4.926118 -11.966917
v 13.619744 4.926613 -9.936267
v 13.557539 4.833547 -9.867012
v 13.558598 4.833041 -11.966923
v 13.557563 4.833536 -9.936273
v 13.535710 4.723758 -9.867002
v 13.536768 4.723252 -11.966912
v 13.535734 4.723747 -9.936262
v 13.557557 4.613974 -9.866976
v 13.558616 4.613467 -11.966886
v 13.557582 4.613962 -9.936236
v 13.619755 4.520906 -9.866939
v 13.620812 4.520400 -11.966848
v 13.619779 4.520895 -9.936199
v 13.712832 4.458724 -9.866896
v 13.713891 4.458218 -11.966805
v 13.712856 4.458713 -9.936156
v 13.822621 4.436896 -9.866854
v 13.823679 4.436389 -11.966763
v 13.822645 4.436884 -9.936114
v 13.932406 4.458743 -9.866818
v 13.933464 4.458237 -11.966729
v 13.932430 4.458732 -9.936079
v 14.025474 4.520940 -9.866796
v 14.026531 4.520433 -11.966707
v 14.025497 4.520928 -9.936057
v 14.087655 4.614018 -9.866791
v 14.088713 4.613512 -11.966701
v 14.087679 4.614007 -9.936051
v 14.109508 4.723795 -9.936062
v 14.088346 4.833252 -11.896770
v 14.026148 4.926320 -11.896807
v 13.933070 4.988502 -11.896850
v 13.823281 5.010330 -11.896892
v 13.713496 4.988483 -11.896927
v 13.620429 4.926286 -11.896949
v 13.558248 4.833208 -11.896955
v 13.536419 4.723419 -11.896944
v 13.558267 4.613634 -11.896918
v 13.620463 4.520566 -11.896881
v 13.713541 4.458385 -11.896838
v 13.823330 4.436557 -11.896796
v 13.933115 4.458404 -11.896761
v 14.026182 4.520601 -11.896739
v 14.088364 4.613679 -11.896733
vn 0.0003 -0.0002 -1.0000
vn -0.0003 0.0002 1.0000
vn -1.0000 -0.0001 -0.0003
vn -0.9238 -0.3828 -0.0003
vn -0.7070 -0.7072 -0.0001
vn -0.3826 -0.9239 -0.0000
vn 0.0001 -1.0000 0.0002
vn 1.0000 0.0001 0.0003
vn 0.9238 0.3828 0.0003
vn 0.3828 -0.9238 0.0003
vn 0.9239 -0.3826 0.0004
vn 0.7072 -0.7070 0.0004
vn -0.9239 0.3826 -0.0004
vn -0.7072 0.7070 -0.0004
vn -0.3828 0.9238 -0.0003
vn -0.0001 1.0000 -0.0002
vn 0.3826 0.9239 -0.0000
vn 0.7070 0.7072 0.0001
vn 0.9240 0.3823 0.0037
vn 0.7075 0.7067 0.0018
vn 0.7066 0.7076 0.0018
vn 0.9237 0.3832 0.0037
vn 0.3832 0.9237 -0.0003
vn 0.3820 0.9242 -0.0003
vn 0.0005 1.0000 -0.0024
vn -0.0007 1.0000 -0.0024
vn -0.3824 0.9240 -0.0041
vn -0.3832 0.9237 -0.0041
vn -0.7070 0.7072 -0.0052
vn -0.7073 0.7069 -0.0052
vn -0.9239 0.3826 -0.0055
vn -1.0000 -0.0004 -0.0050
vn -1.0000 0.0002 -0.0050
vn -0.9237 -0.3832 -0.0037
vn -0.7066 -0.7076 -0.0018
vn -0.7075 -0.7067 -0.0018
vn -0.9240 -0.3823 -0.0037
vn 0.3832 -0.9237 0.0041
vn 0.7073 -0.7069 0.0052
vn 0.7070 -0.7072 0.0052
vn 0.3824 -0.9240 0.0041
vn 0.9239 -0.3826 0.0055
vn 1.0000 -0.0002 0.0050
vn 1.0000 0.0004 0.0050
vn 0.0007 -1.0000 0.0024
vn -0.0005 -1.0000 0.0024
vn -0.3820 -0.9242 0.0003
vn -0.3832 -0.9237 0.0003
vt 0.708055 0.278533
vt 0.698113 0.278546
vt 0.698112 0.275496
vt 0.708061 0.275512
vt 0.797439 0.278096
vt 0.797411 0.275071
vt 0.807363 0.274987
vt 0.807405 0.278022
vt 0.767852 0.475806
vt 0.777790 0.475771
vt 0.777828 0.478790
vt 0.767889 0.478829
vt 0.688156 0.278610
vt 0.688094 0.275539
vt 0.757915 0.475844
vt 0.757930 0.478865
vt 0.817403 0.277937
vt 0.817365 0.274860
vt 0.827476 0.274793
vt 0.827439 0.277918
vt 0.837389 0.278026
vt 0.837406 0.475476
vt 0.827536 0.475616
vt 0.787486 0.278176
vt 0.787488 0.275157
vt 0.817564 0.475680
vt 0.807606 0.475694
vt 0.797665 0.475721
vt 0.757679 0.278368
vt 0.747975 0.475899
vt 0.747754 0.278411
vt 0.787725 0.475741
vt 0.767609 0.278308
vt 0.767615 0.275287
vt 0.777553 0.275226
vt 0.777545 0.278245
vt 0.757663 0.275350
vt 0.797350 0.268928
vt 0.787438 0.269016
vt 0.747970 0.478922
vt 0.807277 0.268809
vt 0.757630 0.269195
vt 0.747715 0.275393
vt 0.747687 0.269247
vt 0.817270 0.268608
vt 0.838100 0.268303
vt 0.838057 0.274930
vt 0.827466 0.268379
vt 0.688175 0.476016
vt 0.678319 0.475875
vt 0.678302 0.278751
vt 0.698139 0.476080
vt 0.708113 0.476097
vt 0.717983 0.278506
vt 0.718097 0.476066
vt 0.727907 0.278485
vt 0.728065 0.476004
vt 0.737829 0.278452
vt 0.738022 0.475957
vt 0.748031 0.485136
vt 0.738103 0.485195
vt 0.738037 0.478984
vt 0.728164 0.485259
vt 0.728087 0.479030
vt 0.718194 0.485361
vt 0.718119 0.479111
vt 0.708156 0.485452
vt 0.708136 0.479159
vt 0.698146 0.485437
vt 0.698151 0.479143
vt 0.688033 0.485466
vt 0.688109 0.479088
vt 0.677650 0.485370
vt 0.677718 0.478879
vt 0.827636 0.485069
vt 0.817524 0.485007
vt 0.817565 0.478735
vt 0.827598 0.478689
vt 0.807602 0.478720
vt 0.797670 0.478742
vt 0.787752 0.484955
vt 0.777842 0.484995
vt 0.787758 0.478758
vt 0.767916 0.485041
vt 0.757973 0.485084
vt 0.797648 0.484938
vt 0.767577 0.269136
vt 0.777514 0.269080
vt 0.807559 0.484943
vt 0.838033 0.484988
vt 0.838003 0.478489
vt 0.688031 0.269234
vt 0.677705 0.275745
vt 0.677650 0.269322
vt 0.698124 0.269296
vt 0.708072 0.269361
vt 0.717970 0.269365
vt 0.717977 0.275490
vt 0.727858 0.269345
vt 0.727875 0.275472
vt 0.737763 0.269301
vt 0.737789 0.275437
s 1
usemtl ConsoleSide
f 3479/3679/2031 3480/3680/2031 3526/3681/2031 3523/3682/2031
f 3486/3683/2031 3544/3684/2031 3541/3685/2031 3485/3686/2031
f 3505/3687/2032 3504/3688/2032 3568/3689/2032 3569/3690/2032
f 3480/3680/2031 3481/3691/2031 3529/3692/2031 3526/3681/2031
f 3490/3693/2032 3505/3687/2032 3569/3690/2032 3508/3694/2032
f 3484/3695/2031 3538/3696/2031 3535/3697/2031 3483/3698/2031
f 3482/3699/2033 3498/3700/2033 3499/3701/2034 3483/3698/2034
f 3487/3702/2031 3547/3703/2031 3544/3684/2031 3486/3683/2031
f 3484/3695/2035 3500/3704/2035 3501/3705/2036 3485/3686/2036
f 3485/3686/2036 3501/3705/2036 3502/3706/2037 3486/3683/2037
f 3474/3707/2038 3490/3693/2038 3491/3708/2039 3475/3709/2039
f 3486/3683/2037 3502/3706/2037 3503/3710/2040 3487/3702/2040
f 3489/3711/2031 3553/3712/2031 3550/3713/2031 3488/3714/2031
f 3474/3707/2031 3554/3715/2031 3553/3712/2031 3489/3711/2031
f 3542/3716/2037 3544/3684/2037 3547/3703/2040 3545/3717/2040
f 3491/3708/2032 3490/3693/2032 3508/3694/2032 3555/3718/2032
f 3539/3719/2036 3541/3685/2036 3544/3684/2037 3542/3716/2037
f 3506/3720/2038 3554/3715/2038 3511/3721/2039 3509/3722/2039
f 3488/3714/2031 3550/3713/2031 3547/3703/2031 3487/3702/2031
f 3489/3711/2041 3505/3687/2041 3490/3693/2038 3474/3707/2038
f 3488/3714/2042 3504/3688/2042 3505/3687/2041 3489/3711/2041
f 3487/3702/2040 3503/3710/2040 3504/3688/2042 3488/3714/2042
f 3536/3723/2035 3538/3696/2035 3541/3685/2036 3539/3719/2036
f 3530/3724/2033 3532/3725/2033 3535/3697/2034 3533/3726/2034
f 3483/3698/2034 3499/3701/2034 3500/3704/2035 3484/3695/2035
f 3481/3691/2043 3497/3727/2043 3498/3728/2033 3482/3729/2033
f 3480/3680/2044 3496/3730/2044 3497/3727/2043 3481/3691/2043
f 3479/3679/2045 3495/3731/2045 3496/3730/2044 3480/3680/2044
f 3478/3732/2046 3494/3733/2046 3495/3731/2045 3479/3679/2045
f 3477/3734/2047 3493/3735/2047 3494/3733/2046 3478/3732/2046
f 3476/3736/2048 3492/3737/2048 3493/3735/2047 3477/3734/2047
f 3475/3709/2039 3491/3708/2039 3492/3737/2048 3476/3736/2048
f 3510/3738/2049 3513/3739/2050 3556/3740/2051 3555/3718/2052
f 3513/3739/2050 3516/3741/2053 3557/3742/2054 3556/3740/2051
f 3516/3741/2053 3519/3743/2055 3558/3744/2056 3557/3742/2054
f 3519/3743/2055 3522/3745/2057 3559/3746/2058 3558/3744/2056
f 3522/3745/2057 3525/3747/2059 3560/3748/2060 3559/3746/2058
f 3525/3747/2059 3528/3749/2061 3561/3750/2061 3560/3748/2060
f 3528/3749/2061 3531/3751/2062 3562/3752/2063 3561/3750/2061
f 3534/3753/2064 3537/3754/2065 3564/3755/2066 3563/3756/2067
f 3501/3705/2032 3500/3704/2032 3564/3755/2032 3565/3757/2032
f 3502/3706/2032 3501/3705/2032 3565/3757/2032 3566/3758/2032
f 3546/3759/2068 3549/3760/2069 3568/3689/2070 3567/3761/2071
f 3549/3760/2069 3552/3762/2072 3569/3690/2072 3568/3689/2070
f 3552/3762/2072 3507/3763/2073 3508/3694/2074 3569/3690/2072
f 3503/3710/2032 3502/3706/2032 3566/3758/2032 3567/3761/2032
f 3543/3764/2075 3546/3759/2068 3567/3761/2071 3566/3758/2076
f 3551/3765/2041 3553/3712/2041 3554/3715/2038 3506/3720/2038
f 3548/3766/2042 3550/3713/2042 3553/3712/2041 3551/3765/2041
f 3545/3717/2040 3547/3703/2040 3550/3713/2042 3548/3766/2042
f 3540/3767/2077 3543/3764/2075 3566/3758/2076 3565/3757/2078
f 3537/3754/2065 3540/3767/2077 3565/3757/2078 3564/3755/2066
f 3531/3768/2062 3534/3753/2064 3563/3756/2067 3562/3769/2063
f 3533/3726/2034 3535/3697/2034 3538/3696/2035 3536/3723/2035
f 3507/3763/2073 3510/3738/2049 3555/3718/2052 3508/3694/2074
f 3527/3770/2043 3529/3692/2043 3532/3771/2033 3530/3772/2033
f 3524/3773/2044 3526/3681/2044 3529/3692/2043 3527/3770/2043
f 3521/3774/2045 3523/3682/2045 3526/3681/2044 3524/3773/2044
f 3518/3775/2046 3520/3776/2046 3523/3682/2045 3521/3774/2045
f 3515/3777/2047 3517/3778/2047 3520/3776/2046 3518/3775/2046
f 3512/3779/2048 3514/3780/2048 3517/3778/2047 3515/3777/2047
f 3509/3722/2039 3511/3721/2039 3514/3780/2048 3512/3779/2048
f 3478/3732/2031 3479/3679/2031 3523/3682/2031 3520/3776/2031
f 3477/3734/2031 3478/3732/2031 3520/3776/2031 3517/3778/2031
f 3500/3704/2032 3499/3701/2032 3563/3756/2032 3564/3755/2032
f 3476/3736/2031 3477/3734/2031 3517/3778/2031 3514/3780/2031
f 3499/3701/2032 3498/3700/2032 3562/3769/2032 3563/3756/2032
f 3475/3709/2031 3476/3736/2031 3514/3780/2031 3511/3721/2031
f 3498/3728/2032 3497/3727/2032 3561/3750/2032 3562/3752/2032
f 3474/3707/2031 3475/3709/2031 3511/3721/2031 3554/3715/2031
f 3497/3727/2032 3496/3730/2032 3560/3748/2032 3561/3750/2032
f 3496/3730/2032 3495/3731/2032 3559/3746/2032 3560/3748/2032
f 3495/3731/2032 3494/3733/2032 3558/3744/2032 3559/3746/2032
f 3494/3733/2032 3493/3735/2032 3557/3742/2032 3558/3744/2032
f 3493/3735/2032 3492/3737/2032 3556/3740/2032 3557/3742/2032
f 3492/3737/2032 3491/3708/2032 3555/3718/2032 3556/3740/2032
f 3482/3729/2031 3532/3771/2031 3529/3692/2031 3481/3691/2031
f 3504/3688/2032 3503/3710/2032 3567/3761/2032 3568/3689/2032
f 3483/3698/2031 3535/3697/2031 3532/3725/2031 3482/3699/2031
f 3485/3686/2031 3541/3685/2031 3538/3696/2031 3484/3695/2031
o Cylinder.052
v 14.076651 5.431487 -9.936193
v 14.057301 5.528721 -9.936215
v 14.002213 5.611150 -9.936249
v 13.919776 5.666223 -9.936287
v 13.822537 5.685556 -9.936323
v 13.725303 5.666207 -9.936355
v 13.642874 5.611120 -9.936374
v 13.587801 5.528682 -9.936379
v 13.568468 5.431444 -9.936370
v 13.587817 5.334208 -9.936347
v 13.642904 5.251780 -9.936314
v 13.725343 5.196707 -9.936275
v 13.822580 5.177373 -9.936239
v 13.919815 5.196723 -9.936208
v 14.002244 5.251811 -9.936189
v 14.057317 5.334248 -9.936183
v 14.077335 5.431159 -11.896874
v 14.057985 5.528394 -11.896897
v 14.002898 5.610822 -11.896931
v 13.920461 5.665895 -11.896969
v 13.823222 5.685229 -11.897005
v 13.725987 5.665879 -11.897037
v 13.643559 5.610792 -11.897056
v 13.588486 5.528354 -11.897061
v 13.569152 5.431116 -11.897052
v 13.588502 5.333881 -11.897029
v 13.643589 5.251452 -11.896996
v 13.726027 5.196379 -11.896957
v 13.823265 5.177046 -11.896920
v 13.920500 5.196396 -11.896890
v 14.002929 5.251482 -11.896871
v 14.058002 5.333920 -11.896865
v 14.109422 5.431501 -9.866920
v 14.110479 5.430995 -11.966831
v 14.110130 5.431161 -11.896863
v 14.087574 5.541286 -9.866946
v 14.088633 5.540779 -11.966857
v 14.087599 5.541274 -9.936207
v 14.025377 5.634353 -9.866983
v 14.026436 5.633847 -11.966894
v 14.025401 5.634342 -9.936244
v 13.932300 5.696535 -9.867026
v 13.933357 5.696028 -11.966937
v 13.932323 5.696523 -9.936287
v 13.822511 5.718363 -9.867068
v 13.823569 5.717857 -11.966979
v 13.822535 5.718352 -9.936329
v 13.712726 5.696516 -9.867104
v 13.713784 5.696010 -11.967013
v 13.712750 5.696505 -9.936364
v 13.619658 5.634319 -9.867126
v 13.620716 5.633812 -11.967035
v 13.619682 5.634307 -9.936386
v 13.557477 5.541241 -9.867131
v 13.558536 5.540735 -11.967042
v 13.557501 5.541230 -9.936392
v 13.535648 5.431452 -9.867121
v 13.536706 5.430946 -11.967031
v 13.535672 5.431441 -9.936381
v 13.557495 5.321668 -9.867095
v 13.558554 5.321161 -11.967005
v 13.557520 5.321656 -9.936356
v 13.619693 5.228600 -9.867058
v 13.620750 5.228094 -11.966968
v 13.619717 5.228589 -9.936318
v 13.712770 5.166419 -9.867015
v 13.713829 5.165912 -11.966925
v 13.712794 5.166407 -9.936275
v 13.822559 5.144590 -9.866973
v 13.823617 5.144083 -11.966883
v 13.822583 5.144578 -9.936234
v 13.932344 5.166437 -9.866938
v 13.933402 5.165931 -11.966848
v 13.932368 5.166426 -9.936198
v 14.025412 5.228634 -9.866916
v 14.026470 5.228127 -11.966826
v 14.025435 5.228622 -9.936176
v 14.087593 5.321712 -9.866910
v 14.088651 5.321206 -11.966820
v 14.087617 5.321701 -9.936171
v 14.109446 5.431489 -9.936181
v 14.088284 5.540946 -11.896889
v 14.026086 5.634014 -11.896926
v 13.933008 5.696196 -11.896969
v 13.823219 5.718024 -11.897011
v 13.713434 5.696177 -11.897046
v 13.620367 5.633980 -11.897068
v 13.558186 5.540902 -11.897074
v 13.536357 5.431113 -11.897063
v 13.558205 5.321328 -11.897038
v 13.620401 5.228261 -11.897000
v 13.713479 5.166080 -11.896957
v 13.823268 5.144251 -11.896915
v 13.933053 5.166098 -11.896880
v 14.026120 5.228295 -11.896858
v 14.088302 5.321373 -11.896852
vn 0.0003 -0.0002 -1.0000
vn -0.0003 0.0002 1.0000
vn -1.0000 -0.0001 -0.0003
vn -0.9238 -0.3828 -0.0003
vn -0.7070 -0.7072 -0.0001
vn -0.3826 -0.9239 -0.0000
vn 0.0001 -1.0000 0.0002
vn 1.0000 0.0001 0.0003
vn 0.9238 0.3828 0.0003
vn 0.3828 -0.9238 0.0003
vn 0.9239 -0.3826 0.0004
vn 0.7072 -0.7070 0.0004
vn -0.9239 0.3826 -0.0004
vn -0.7072 0.7070 -0.0004
vn -0.3828 0.9238 -0.0003
vn -0.0001 1.0000 -0.0002
vn 0.3826 0.9239 -0.0000
vn 0.7070 0.7072 0.0001
vn 0.9240 0.3823 0.0037
vn 0.7075 0.7067 0.0018
vn 0.7066 0.7076 0.0018
vn 0.9237 0.3832 0.0037
vn 0.3832 0.9237 -0.0003
vn 0.3820 0.9242 -0.0003
vn 0.0005 1.0000 -0.0024
vn -0.0007 1.0000 -0.0024
vn -0.3824 0.9240 -0.0041
vn -0.3832 0.9237 -0.0041
vn -0.7070 0.7072 -0.0052
vn -0.7073 0.7069 -0.0052
vn -0.9239 0.3826 -0.0055
vn -1.0000 -0.0004 -0.0050
vn -1.0000 0.0002 -0.0050
vn -0.9237 -0.3832 -0.0037
vn -0.7066 -0.7076 -0.0018
vn -0.7075 -0.7067 -0.0018
vn -0.9240 -0.3823 -0.0037
vn 0.3832 -0.9237 0.0041
vn 0.7073 -0.7069 0.0052
vn 0.7070 -0.7072 0.0052
vn 0.3824 -0.9240 0.0041
vn 0.9239 -0.3826 0.0055
vn 1.0000 -0.0002 0.0050
vn 1.0000 0.0004 0.0050
vn 0.0007 -1.0000 0.0024
vn -0.0005 -1.0000 0.0024
vn -0.3820 -0.9242 0.0003
vn -0.3832 -0.9237 0.0003
vt 0.708055 0.278533
vt 0.698113 0.278546
vt 0.698112 0.275496
vt 0.708061 0.275512
vt 0.797439 0.278096
vt 0.797411 0.275071
vt 0.807363 0.274987
vt 0.807405 0.278022
vt 0.767852 0.475806
vt 0.777790 0.475771
vt 0.777828 0.478790
vt 0.767889 0.478829
vt 0.688156 0.278610
vt 0.688094 0.275539
vt 0.757915 0.475844
vt 0.757930 0.478865
vt 0.817403 0.277937
vt 0.817365 0.274860
vt 0.827476 0.274793
vt 0.827439 0.277918
vt 0.837389 0.278026
vt 0.837406 0.475476
vt 0.827536 0.475616
vt 0.787486 0.278176
vt 0.787488 0.275157
vt 0.817564 0.475680
vt 0.807606 0.475694
vt 0.797665 0.475721
vt 0.757679 0.278368
vt 0.747975 0.475899
vt 0.747754 0.278411
vt 0.787725 0.475741
vt 0.767609 0.278308
vt 0.767615 0.275287
vt 0.777553 0.275226
vt 0.777545 0.278245
vt 0.757663 0.275350
vt 0.797350 0.268928
vt 0.787438 0.269016
vt 0.747970 0.478922
vt 0.807277 0.268809
vt 0.757630 0.269195
vt 0.747715 0.275393
vt 0.747687 0.269247
vt 0.817270 0.268608
vt 0.838100 0.268303
vt 0.838057 0.274930
vt 0.827466 0.268379
vt 0.688175 0.476016
vt 0.678319 0.475875
vt 0.678302 0.278751
vt 0.698139 0.476080
vt 0.708113 0.476097
vt 0.717983 0.278506
vt 0.718097 0.476066
vt 0.727907 0.278485
vt 0.728065 0.476004
vt 0.737829 0.278452
vt 0.738022 0.475957
vt 0.748031 0.485136
vt 0.738103 0.485195
vt 0.738037 0.478984
vt 0.728164 0.485259
vt 0.728087 0.479030
vt 0.718194 0.485361
vt 0.718119 0.479111
vt 0.708156 0.485452
vt 0.708136 0.479159
vt 0.698146 0.485437
vt 0.698151 0.479143
vt 0.688033 0.485466
vt 0.688109 0.479088
vt 0.677650 0.485370
vt 0.677718 0.478879
vt 0.827636 0.485069
vt 0.817524 0.485007
vt 0.817565 0.478735
vt 0.827598 0.478689
vt 0.807602 0.478720
vt 0.797670 0.478742
vt 0.787752 0.484955
vt 0.777842 0.484995
vt 0.787758 0.478758
vt 0.767916 0.485041
vt 0.757973 0.485084
vt 0.797648 0.484938
vt 0.767577 0.269136
vt 0.777514 0.269080
vt 0.807559 0.484943
vt 0.838033 0.484988
vt 0.838003 0.478489
vt 0.688031 0.269234
vt 0.677705 0.275745
vt 0.677650 0.269322
vt 0.698124 0.269296
vt 0.708072 0.269361
vt 0.717970 0.269365
vt 0.717977 0.275490
vt 0.727858 0.269345
vt 0.727875 0.275472
vt 0.737763 0.269301
vt 0.737789 0.275437
s 1
usemtl ConsoleSide
f 3575/3781/2079 3576/3782/2079 3622/3783/2079 3619/3784/2079
f 3582/3785/2079 3640/3786/2079 3637/3787/2079 3581/3788/2079
f 3601/3789/2080 3600/3790/2080 3664/3791/2080 3665/3792/2080
f 3576/3782/2079 3577/3793/2079 3625/3794/2079 3622/3783/2079
f 3586/3795/2080 3601/3789/2080 3665/3792/2080 3604/3796/2080
f 3580/3797/2079 3634/3798/2079 3631/3799/2079 3579/3800/2079
f 3578/3801/2081 3594/3802/2081 3595/3803/2082 3579/3800/2082
f 3583/3804/2079 3643/3805/2079 3640/3786/2079 3582/3785/2079
f 3580/3797/2083 3596/3806/2083 3597/3807/2084 3581/3788/2084
f 3581/3788/2084 3597/3807/2084 3598/3808/2085 3582/3785/2085
f 3570/3809/2086 3586/3795/2086 3587/3810/2087 3571/3811/2087
f 3582/3785/2085 3598/3808/2085 3599/3812/2088 3583/3804/2088
f 3585/3813/2079 3649/3814/2079 3646/3815/2079 3584/3816/2079
f 3570/3809/2079 3650/3817/2079 3649/3814/2079 3585/3813/2079
f 3638/3818/2085 3640/3786/2085 3643/3805/2088 3641/3819/2088
f 3587/3810/2080 3586/3795/2080 3604/3796/2080 3651/3820/2080
f 3635/3821/2084 3637/3787/2084 3640/3786/2085 3638/3818/2085
f 3602/3822/2086 3650/3817/2086 3607/3823/2087 3605/3824/2087
f 3584/3816/2079 3646/3815/2079 3643/3805/2079 3583/3804/2079
f 3585/3813/2089 3601/3789/2089 3586/3795/2086 3570/3809/2086
f 3584/3816/2090 3600/3790/2090 3601/3789/2089 3585/3813/2089
f 3583/3804/2088 3599/3812/2088 3600/3790/2090 3584/3816/2090
f 3632/3825/2083 3634/3798/2083 3637/3787/2084 3635/3821/2084
f 3626/3826/2081 3628/3827/2081 3631/3799/2082 3629/3828/2082
f 3579/3800/2082 3595/3803/2082 3596/3806/2083 3580/3797/2083
f 3577/3793/2091 3593/3829/2091 3594/3830/2081 3578/3831/2081
f 3576/3782/2092 3592/3832/2092 3593/3829/2091 3577/3793/2091
f 3575/3781/2093 3591/3833/2093 3592/3832/2092 3576/3782/2092
f 3574/3834/2094 3590/3835/2094 3591/3833/2093 3575/3781/2093
f 3573/3836/2095 3589/3837/2095 3590/3835/2094 3574/3834/2094
f 3572/3838/2096 3588/3839/2096 3589/3837/2095 3573/3836/2095
f 3571/3811/2087 3587/3810/2087 3588/3839/2096 3572/3838/2096
f 3606/3840/2097 3609/3841/2098 3652/3842/2099 3651/3820/2100
f 3609/3841/2098 3612/3843/2101 3653/3844/2102 3652/3842/2099
f 3612/3843/2101 3615/3845/2103 3654/3846/2104 3653/3844/2102
f 3615/3845/2103 3618/3847/2105 3655/3848/2106 3654/3846/2104
f 3618/3847/2105 3621/3849/2107 3656/3850/2108 3655/3848/2106
f 3621/3849/2107 3624/3851/2109 3657/3852/2109 3656/3850/2108
f 3624/3851/2109 3627/3853/2110 3658/3854/2111 3657/3852/2109
f 3630/3855/2112 3633/3856/2113 3660/3857/2114 3659/3858/2115
f 3597/3807/2080 3596/3806/2080 3660/3857/2080 3661/3859/2080
f 3598/3808/2080 3597/3807/2080 3661/3859/2080 3662/3860/2080
f 3642/3861/2116 3645/3862/2117 3664/3791/2118 3663/3863/2119
f 3645/3862/2117 3648/3864/2120 3665/3792/2120 3664/3791/2118
f 3648/3864/2120 3603/3865/2121 3604/3796/2122 3665/3792/2120
f 3599/3812/2080 3598/3808/2080 3662/3860/2080 3663/3863/2080
f 3639/3866/2123 3642/3861/2116 3663/3863/2119 3662/3860/2124
f 3647/3867/2089 3649/3814/2089 3650/3817/2086 3602/3822/2086
f 3644/3868/2090 3646/3815/2090 3649/3814/2089 3647/3867/2089
f 3641/3819/2088 3643/3805/2088 3646/3815/2090 3644/3868/2090
f 3636/3869/2125 3639/3866/2123 3662/3860/2124 3661/3859/2126
f 3633/3856/2113 3636/3869/2125 3661/3859/2126 3660/3857/2114
f 3627/3870/2110 3630/3855/2112 3659/3858/2115 3658/3871/2111
f 3629/3828/2082 3631/3799/2082 3634/3798/2083 3632/3825/2083
f 3603/3865/2121 3606/3840/2097 3651/3820/2100 3604/3796/2122
f 3623/3872/2091 3625/3794/2091 3628/3873/2081 3626/3874/2081
f 3620/3875/2092 3622/3783/2092 3625/3794/2091 3623/3872/2091
f 3617/3876/2093 3619/3784/2093 3622/3783/2092 3620/3875/2092
f 3614/3877/2094 3616/3878/2094 3619/3784/2093 3617/3876/2093
f 3611/3879/2095 3613/3880/2095 3616/3878/2094 3614/3877/2094
f 3608/3881/2096 3610/3882/2096 3613/3880/2095 3611/3879/2095
f 3605/3824/2087 3607/3823/2087 3610/3882/2096 3608/3881/2096
f 3574/3834/2079 3575/3781/2079 3619/3784/2079 3616/3878/2079
f 3573/3836/2079 3574/3834/2079 3616/3878/2079 3613/3880/2079
f 3596/3806/2080 3595/3803/2080 3659/3858/2080 3660/3857/2080
f 3572/3838/2079 3573/3836/2079 3613/3880/2079 3610/3882/2079
f 3595/3803/2080 3594/3802/2080 3658/3871/2080 3659/3858/2080
f 3571/3811/2079 3572/3838/2079 3610/3882/2079 3607/3823/2079
f 3594/3830/2080 3593/3829/2080 3657/3852/2080 3658/3854/2080
f 3570/3809/2079 3571/3811/2079 3607/3823/2079 3650/3817/2079
f 3593/3829/2080 3592/3832/2080 3656/3850/2080 3657/3852/2080
f 3592/3832/2080 3591/3833/2080 3655/3848/2080 3656/3850/2080
f 3591/3833/2080 3590/3835/2080 3654/3846/2080 3655/3848/2080
f 3590/3835/2080 3589/3837/2080 3653/3844/2080 3654/3846/2080
f 3589/3837/2080 3588/3839/2080 3652/3842/2080 3653/3844/2080
f 3588/3839/2080 3587/3810/2080 3651/3820/2080 3652/3842/2080
f 3578/3831/2079 3628/3873/2079 3625/3794/2079 3577/3793/2079
f 3600/3790/2080 3599/3812/2080 3663/3863/2080 3664/3791/2080
f 3579/3800/2079 3631/3799/2079 3628/3827/2079 3578/3801/2079
f 3581/3788/2079 3637/3787/2079 3634/3798/2079 3580/3797/2079
o RadialDial
v 14.245291 5.836103 -10.230478
v 14.287171 5.749479 -10.238348
v 14.287166 5.749482 -10.222552
vn 0.9003 0.4353 0.0002
vt 0.040888 0.060575
vt 0.039313 0.060575
vt 0.040101 0.050982
s 0
usemtl Red
f 3668/3883/2127 3667/3884/2127 3666/3885/2127
o Cube.016
v 14.192277 5.556686 -10.402622
v 14.250889 5.596123 -10.414502
v 14.130301 5.689564 -10.402670
v 14.198186 5.709120 -10.414542
v 14.192388 5.556633 -10.741629
v 14.250992 5.596074 -10.729719
v 14.130411 5.689512 -10.741676
v 14.198289 5.709071 -10.729759
v 14.255522 5.586184 -10.402604
v 14.193545 5.719062 -10.402651
v 14.193656 5.719010 -10.741657
v 14.255632 5.586131 -10.741611
v 14.244747 5.593258 -10.414504
v 14.192044 5.706255 -10.414544
v 14.192146 5.706206 -10.729761
v 14.244850 5.593209 -10.729721
vn -0.0004 0.0002 1.0000
vn -0.4227 0.9063 -0.0003
vn 0.0004 -0.0002 -1.0000
vn 0.4227 -0.9063 0.0003
vn 0.9063 0.4227 0.0002
vt 0.520255 0.594577
vt 0.508478 0.594577
vt 0.508478 0.569834
vt 0.520255 0.569834
vt 0.469113 0.070877
vt 0.480890 0.070877
vt 0.480888 0.128087
vt 0.469111 0.128087
vt 0.573324 0.414864
vt 0.585101 0.414864
vt 0.585101 0.439607
vt 0.573324 0.439607
vt 0.401656 0.569276
vt 0.389879 0.569276
vt 0.389877 0.512066
vt 0.401654 0.512066
vt 0.587108 0.437756
vt 0.587108 0.416715
vt 0.588252 0.416715
vt 0.588252 0.437756
vt 0.506471 0.592726
vt 0.506471 0.571685
vt 0.482741 0.072884
vt 0.482739 0.126080
vt 0.388028 0.567269
vt 0.388026 0.514074
vt 0.440705 0.610390
vt 0.440705 0.557195
vt 0.461746 0.557194
vt 0.461746 0.610389
vt 0.505327 0.592726
vt 0.505327 0.571685
vt 0.386884 0.567269
vt 0.386882 0.514074
vt 0.483884 0.072885
vt 0.483883 0.126080
s 0
usemtl ConsoleSide
f 3669/3886/2128 3677/3887/2128 3678/3888/2128 3671/3889/2128
f 3671/3890/2129 3678/3891/2129 3679/3892/2129 3675/3893/2129
f 3675/3894/2130 3679/3895/2130 3680/3896/2130 3673/3897/2130
f 3673/3898/2131 3680/3899/2131 3677/3900/2131 3669/3901/2131
f 3674/3902/2128 3676/3903/2128 3683/3904/2128 3684/3905/2128
f 3670/3906/2132 3672/3907/2132 3678/3888/2132 3677/3887/2132
f 3672/3908/2132 3676/3909/2132 3679/3892/2132 3678/3891/2132
f 3676/3903/2132 3674/3902/2132 3680/3896/2132 3679/3895/2132
f 3674/3910/2132 3670/3911/2132 3677/3900/2132 3680/3899/2132
f 3683/3912/2132 3682/3913/2132 3681/3914/2132 3684/3915/2132
f 3672/3907/2130 3670/3906/2130 3681/3916/2130 3682/3917/2130
f 3670/3911/2129 3674/3910/2129 3684/3918/2129 3681/3919/2129
f 3676/3909/2131 3672/3908/2131 3682/3920/2131 3683/3921/2131
o Cube.015
v 14.346249 5.337421 -10.849167
v 14.256266 5.578360 -10.849238
v 14.346289 5.337402 -10.963104
v 14.256306 5.578341 -10.963176
v 14.346249 5.337421 -10.849167
v 14.256266 5.578360 -10.849238
v 14.346289 5.337402 -10.963104
v 14.256306 5.578341 -10.963176
v 14.354181 5.356586 -10.849167
v 14.356114 5.467047 -10.849185
v 14.362750 5.391462 -10.849170
v 14.363458 5.431893 -10.849176
v 14.348687 5.486935 -10.849191
v 14.274819 5.569086 -10.849231
v 14.331189 5.518296 -10.849202
v 14.304152 5.548365 -10.849216
v 14.356154 5.467028 -10.963122
v 14.354221 5.356568 -10.963105
v 14.363498 5.431874 -10.963114
v 14.362790 5.391443 -10.963108
v 14.274859 5.569067 -10.963168
v 14.348727 5.486916 -10.963128
v 14.304192 5.548346 -10.963155
v 14.331229 5.518277 -10.963140
v 14.348883 5.430512 -10.874778
v 14.348906 5.430502 -10.937523
v 14.348233 5.393348 -10.874701
v 14.348255 5.393337 -10.937588
v 14.342074 5.462961 -10.937496
v 14.342052 5.462972 -10.874820
v 14.335402 5.480781 -10.874825
v 14.335423 5.480771 -10.937502
v 14.339965 5.360077 -10.874584
v 14.339987 5.360067 -10.937699
v 14.266399 5.557107 -10.937757
v 14.266376 5.557117 -10.874643
v 14.256297 5.578345 -10.938036
v 14.256274 5.578355 -10.874379
v 14.346257 5.337417 -10.874307
v 14.346280 5.337406 -10.937964
v 14.256297 5.578345 -10.937930
v 14.256274 5.578355 -10.874484
v 14.346257 5.337417 -10.874413
v 14.346280 5.337406 -10.937859
v 14.348718 5.486920 -10.937498
v 14.348696 5.486930 -10.874822
v 14.331198 5.518291 -10.874799
v 14.331220 5.518281 -10.937544
v 14.304160 5.548361 -10.874743
v 14.304182 5.548350 -10.937629
v 14.274829 5.569081 -10.874642
v 14.274851 5.569071 -10.937757
v 14.356124 5.467043 -10.874816
v 14.356146 5.467032 -10.937491
v 14.363488 5.431879 -10.937518
v 14.363466 5.431889 -10.874773
v 14.362781 5.391447 -10.937582
v 14.362759 5.391458 -10.874696
v 14.354212 5.356572 -10.937694
v 14.354190 5.356583 -10.874578
v 14.294430 5.537412 -10.874743
v 14.294452 5.537401 -10.937631
v 14.319283 5.509771 -10.874802
v 14.319304 5.509761 -10.937546
vn -0.0007 -0.0023 1.0000
vn -0.0003 -0.0012 1.0000
vn 0.0001 0.0003 -1.0000
vn 0.0004 -0.0007 -1.0000
vn 0.8168 -0.5770 0.0004
vn -0.0009 -0.0030 1.0000
vn 0.9079 0.4191 0.0002
vn 0.8139 0.5810 0.0002
vn 0.6633 0.7484 0.0001
vn 0.5748 0.8183 0.0001
vn 0.9955 0.0947 0.0003
vn 0.9915 -0.1303 0.0004
vn 0.9705 -0.2412 0.0004
vn 0.9604 0.2787 0.0003
vn -0.0004 0.0002 1.0000
vn 0.0004 -0.0002 -1.0000
vn -0.0015 0.0015 -1.0000
vn -0.0005 0.0009 -1.0000
vn -0.0012 0.0013 1.0000
vn -0.0022 0.0019 1.0000
vn 0.0004 -0.0016 -1.0000
vn -0.0000 -0.0027 -1.0000
vn -0.0022 0.0019 -1.0000
vn -0.0029 0.0022 1.0000
vn 0.4917 0.8708 -0.0000
vn 0.4471 0.8945 -0.0000
vn 0.9421 -0.3353 0.0004
vn 0.9240 -0.3824 0.0004
vn -0.0002 -0.0034 -1.0000
vn -0.0003 -0.0003 1.0000
vn 0.2386 0.9711 -0.0001
vn -0.0006 0.0006 1.0000
vn -0.9368 -0.3499 -0.0003
vn 0.9368 0.3499 0.0003
vn 0.5135 0.8581 -0.0000
vn 0.9503 -0.3114 0.0004
vn 0.9076 0.4198 0.0002
vn 0.9076 0.4197 0.0002
vn 0.9606 0.2780 0.0003
vn 0.8136 0.5815 0.0002
vn 0.8135 0.5816 0.0002
vn 0.6644 0.7473 0.0001
vn 0.6646 0.7472 0.0001
vn 0.9956 0.0942 0.0003
vn 0.9956 0.0941 0.0003
vn 0.9917 -0.1289 0.0004
vn 0.9917 -0.1287 0.0004
vt 0.409311 0.532841
vt 0.411810 0.539191
vt 0.409423 0.539834
vt 0.407126 0.533997
vt 0.009488 0.251056
vt 0.009488 0.254638
vt 0.007023 0.254451
vt 0.007023 0.251242
vt 0.398493 0.297288
vt 0.387842 0.297288
vt 0.387842 0.294816
vt 0.398493 0.294816
vt 0.405897 0.527833
vt 0.403855 0.529225
vt 0.398456 0.277161
vt 0.398462 0.282759
vt 0.387873 0.282759
vt 0.387879 0.277161
vt 0.398474 0.289031
vt 0.387861 0.289031
vt 0.387873 0.268355
vt 0.387861 0.262082
vt 0.398474 0.262082
vt 0.398462 0.268355
vt 0.387842 0.256297
vt 0.398493 0.256297
vt 0.387879 0.273952
vt 0.398456 0.273952
vt 0.504709 0.525923
vt 0.504710 0.525919
vt 0.507093 0.528477
vt 0.510506 0.533473
vt 0.513007 0.539809
vt 0.513926 0.545789
vt 0.513930 0.549366
vt 0.513022 0.555347
vt 0.510534 0.561689
vt 0.507131 0.566691
vt 0.504752 0.569251
vt 0.504709 0.569276
vt 0.020825 0.083153
vt 0.020826 0.083149
vt 0.023209 0.085707
vt 0.026622 0.090703
vt 0.029123 0.097040
vt 0.030042 0.103019
vt 0.030045 0.106596
vt 0.029138 0.112577
vt 0.026650 0.118919
vt 0.023247 0.123921
vt 0.020868 0.126481
vt 0.020825 0.126506
vt 0.006074 0.238714
vt 0.008573 0.245064
vt 0.006187 0.245708
vt 0.003889 0.239870
vt 0.411810 0.554756
vt 0.409311 0.561106
vt 0.407126 0.559949
vt 0.409423 0.554112
vt 0.008573 0.260629
vt 0.006074 0.266979
vt 0.003889 0.265823
vt 0.006187 0.259985
vt 0.002660 0.233706
vt 0.000618 0.235099
vt 0.405897 0.566113
vt 0.403855 0.564721
vt 0.411175 0.616222
vt 0.411019 0.619787
vt 0.401442 0.619823
vt 0.401182 0.616198
vt 0.401183 0.575187
vt 0.401339 0.571621
vt 0.410916 0.571585
vt 0.411176 0.575211
vt 0.002660 0.271987
vt 0.000618 0.270595
vt 0.412725 0.545182
vt 0.410260 0.545369
vt 0.387842 0.253825
vt 0.398493 0.253825
vt 0.412725 0.548764
vt 0.410260 0.548577
vt 0.411386 0.619794
vt 0.401061 0.619832
vt 0.400971 0.571615
vt 0.411297 0.571576
vt 0.396470 0.619878
vt 0.396470 0.619874
vt 0.415888 0.619798
vt 0.415888 0.619803
vt 0.415887 0.571531
vt 0.415888 0.571535
vt 0.396470 0.571611
vt 0.396470 0.571606
vt 0.396631 0.616195
vt 0.415691 0.616162
vt 0.415726 0.575213
vt 0.396667 0.575247
vt 0.415585 0.597490
vt 0.411344 0.597475
vt 0.411354 0.593967
vt 0.415597 0.593979
vt 0.396760 0.597430
vt 0.401003 0.597442
vt 0.400993 0.603382
vt 0.396738 0.603375
vt 0.415569 0.603429
vt 0.411321 0.603419
vt 0.396773 0.593919
vt 0.401014 0.593933
vt 0.415580 0.610134
vt 0.411281 0.610144
vt 0.401024 0.610105
vt 0.396707 0.610109
vt 0.411365 0.588027
vt 0.415620 0.588033
vt 0.396789 0.587979
vt 0.401037 0.587990
vt 0.396778 0.581275
vt 0.401077 0.581265
vt 0.411334 0.581304
vt 0.415651 0.581300
s 1
usemtl ConsoleSide
f 3741/3922/2133 3739/3923/2134 3710/3924/2134 3712/3925/2133
f 3730/3926/2135 3737/3927/2136 3714/3928/2136 3715/3929/2135
f 3736/3930/2137 3735/3931/2137 3720/3932/2137 3719/3933/2137
f 3743/3934/2138 3741/3922/2133 3712/3925/2133 3718/3935/2138
f 3716/3936/2139 3748/3937/2140 3747/3938/2140 3715/3939/2139
f 3746/3940/2141 3719/3933/2142 3720/3932/2142 3745/3941/2141
f 3709/3942/2143 3711/3943/2144 3712/3944/2144 3710/3945/2143
f 3711/3943/2144 3717/3946/2145 3718/3947/2145 3712/3944/2144
f 3715/3939/2139 3714/3948/2146 3713/3949/2146 3716/3936/2139
f 3685/3950/2147 3689/3951/2147 3693/3952/2147 3695/3953/2147 3696/3954/2147 3694/3955/2147 3697/3956/2147 3699/3957/2147 3700/3958/2147 3698/3959/2147 3690/3960/2147 3686/3961/2147
f 3688/3962/2148 3692/3963/2148 3705/3964/2148 3707/3965/2148 3708/3966/2148 3706/3967/2148 3701/3968/2148 3703/3969/2148 3704/3970/2148 3702/3971/2148 3691/3972/2148 3687/3973/2148
f 3733/3974/2149 3731/3975/2150 3747/3976/2150 3745/3977/2149
f 3732/3978/2151 3734/3979/2152 3746/3980/2152 3748/3981/2151
f 3740/3982/2153 3742/3983/2154 3711/3984/2154 3709/3985/2153
f 3735/3986/2155 3733/3974/2149 3745/3977/2149 3720/3987/2155
f 3734/3979/2152 3736/3988/2156 3719/3989/2156 3746/3980/2152
f 3748/3937/2140 3746/3940/2141 3745/3941/2141 3747/3938/2140
f 3714/3948/2146 3709/3942/2143 3710/3945/2143 3713/3949/2146
f 3736/3990/2157 3725/3991/2158 3726/3992/2158 3735/3993/2157
f 3744/3994/2159 3727/3995/2160 3728/3996/2160 3743/3997/2159
f 3742/3983/2154 3744/3998/2161 3717/3999/2161 3711/3984/2154
f 3731/3975/2150 3730/3926/2135 3715/3929/2135 3747/3976/2150
f 3739/3923/2134 3738/4000/2162 3713/4001/2162 3710/3924/2134
f 3744/4002/2163 3743/4003/2163 3718/3947/2163 3717/3946/2163
f 3729/4004/2164 3732/3978/2151 3748/3981/2151 3716/4005/2164
f 3738/4000/2162 3729/4004/2164 3716/4005/2164 3713/4001/2162
f 3737/3927/2136 3740/3982/2153 3709/3985/2153 3714/3928/2136
f 3725/3991/2165 3721/4006/2166 3722/4007/2166 3726/3992/2165
f 3727/3995/2165 3723/4008/2166 3724/4009/2166 3728/3996/2165
f 3686/4010/2166 3690/4011/2166 3726/3992/2165 3722/4007/2166
f 3721/4006/2166 3725/3991/2165 3692/4012/2166 3688/4013/2166
f 3687/4014/2166 3691/4015/2166 3728/3996/2165 3724/4009/2166
f 3723/4008/2166 3727/3995/2165 3689/4016/2166 3685/4017/2166
f 3698/4018/2167 3735/3993/2157 3726/3992/2158 3690/4011/2158
f 3736/3990/2157 3705/4019/2167 3692/4012/2158 3725/3991/2158
f 3702/4020/2168 3743/3997/2159 3728/3996/2160 3691/4015/2160
f 3744/3994/2159 3693/4021/2168 3689/4016/2160 3727/3995/2160
f 3706/4022/2169 3729/4023/2170 3738/4024/2171 3701/4025/2171
f 3697/4026/2169 3730/4027/2170 3731/4028/2172 3699/4029/2173
f 3729/4023/2170 3706/4022/2169 3708/4030/2173 3732/4031/2172
f 3730/4027/2170 3697/4026/2169 3694/4032/2171 3737/4033/2171
f 3732/4031/2172 3708/4030/2173 3707/4034/2174 3734/4035/2175
f 3699/4029/2173 3731/4028/2172 3733/4036/2175 3700/4037/2174
f 3734/4035/2175 3707/4034/2174 3705/4019/2167 3736/3990/2157
f 3700/4037/2174 3733/4036/2175 3735/3993/2157 3698/4018/2167
f 3701/4025/2171 3738/4024/2171 3739/4038/2176 3703/4039/2177
f 3737/4033/2171 3694/4032/2171 3696/4040/2177 3740/4041/2176
f 3740/4041/2176 3696/4040/2177 3695/4042/2178 3742/4043/2179
f 3703/4039/2177 3739/4038/2176 3741/4044/2179 3704/4045/2178
f 3742/4043/2179 3695/4042/2178 3693/4021/2168 3744/3994/2159
f 3704/4045/2178 3741/4044/2179 3743/3997/2159 3702/4020/2168
o PhScale
v 14.147292 5.555895 -10.783812
v 14.011493 5.851364 -10.783848
v 14.147334 5.555895 -10.937045
v 14.011535 5.851364 -10.937082
v 14.250012 5.624117 -10.802876
v 14.130159 5.884889 -10.802909
v 14.250044 5.624117 -10.917924
v 14.130191 5.884889 -10.917957
v 14.122223 5.902237 -10.937052
v 14.258022 5.606769 -10.937015
v 14.257980 5.606769 -10.783781
v 14.122181 5.902237 -10.783818
v 14.122765 5.872805 -10.912673
v 14.236037 5.626350 -10.912642
v 14.236009 5.626350 -10.808166
v 14.122736 5.872805 -10.808196
vn 0.0003 -0.0000 -1.0000
vn 0.8520 -0.5235 0.0002
vn -0.0003 -0.0000 1.0000
vn 0.4176 -0.9086 0.0001
vn -0.4176 0.9086 -0.0001
vn 0.9086 0.4176 0.0002
vn 0.3714 0.1708 0.9126
vn 0.3719 0.1708 -0.9124
vn 0.1575 0.9875 -0.0000
vt 0.449095 0.071071
vt 0.449095 0.125948
vt 0.428538 0.125948
vt 0.428538 0.071071
vt 0.667413 0.290646
vt 0.646597 0.290953
vt 0.648535 0.288341
vt 0.665516 0.288506
vt 0.574019 0.411144
vt 0.574019 0.356267
vt 0.594577 0.356267
vt 0.594577 0.411144
vt 0.438025 0.711036
vt 0.458583 0.711036
vt 0.458583 0.736896
vt 0.438025 0.736896
vt 0.449095 0.151807
vt 0.428538 0.151807
vt 0.667261 0.242688
vt 0.670480 0.239478
vt 0.670480 0.293854
vt 0.645273 0.242628
vt 0.642064 0.239263
vt 0.643485 0.294126
vt 0.665008 0.245063
vt 0.647703 0.245408
s 0
usemtl ConsoleSide
f 3751/4046/2180 3752/4047/2180 3757/4048/2180 3758/4049/2180
f 3756/4050/2181 3754/4051/2181 3764/4052/2181 3761/4053/2181
f 3759/4054/2182 3760/4055/2182 3750/4056/2182 3749/4057/2182
f 3751/4058/2183 3758/4059/2183 3759/4060/2183 3749/4061/2183
f 3757/4048/2184 3752/4047/2184 3750/4062/2184 3760/4063/2184
f 3756/4050/2185 3755/4064/2185 3758/4065/2185 3757/4066/2185
f 3755/4064/2185 3753/4067/2185 3759/4068/2185 3758/4065/2185
f 3754/4051/2185 3756/4050/2185 3757/4066/2185 3760/4069/2185
f 3753/4067/2185 3754/4051/2185 3760/4069/2185 3759/4068/2185
f 3755/4064/2186 3756/4050/2186 3761/4053/2186 3762/4070/2186
f 3754/4051/2187 3753/4067/2187 3763/4071/2187 3764/4052/2187
f 3753/4067/2188 3755/4064/2188 3762/4070/2188 3763/4071/2188
o Cube.012
v 14.159277 5.251121 -10.826085
v 14.351641 5.322962 -10.826030
v 14.057819 5.522786 -10.826166
v 14.250182 5.594627 -10.826111
v 14.159336 5.251092 -10.994686
v 14.351699 5.322934 -10.994631
v 14.057878 5.522758 -10.994767
v 14.250241 5.594599 -10.994712
vn -0.0004 0.0002 1.0000
vn -0.3499 0.9368 -0.0003
vn 0.0004 -0.0002 -1.0000
vn 0.3499 -0.9368 0.0003
vn -0.9368 -0.3499 -0.0003
vn 0.9368 0.3499 0.0003
vt 0.749546 0.887739
vt 0.749546 0.924591
vt 0.712695 0.924592
vt 0.712695 0.887739
vt 0.675843 0.924591
vt 0.675843 0.887739
vt 0.638990 0.924592
vt 0.638991 0.887739
vt 0.602139 0.924591
vt 0.602139 0.887739
vt 0.675843 0.850888
vt 0.638991 0.850888
vt 0.675843 0.961444
vt 0.638991 0.961444
s 0
usemtl ConsoleSide
f 3765/4072/2189 3766/4073/2189 3768/4074/2189 3767/4075/2189
f 3767/4075/2190 3768/4074/2190 3772/4076/2190 3771/4077/2190
f 3771/4077/2191 3772/4076/2191 3770/4078/2191 3769/4079/2191
f 3769/4079/2192 3770/4078/2192 3766/4080/2192 3765/4081/2192
f 3767/4082/2193 3771/4077/2193 3769/4079/2193 3765/4083/2193
f 3772/4076/2194 3768/4084/2194 3766/4085/2194 3770/4078/2194
o Cube.011
v 14.177231 5.278884 -10.155438
v 14.342377 5.340561 -10.155391
v 14.089445 5.513940 -10.155508
v 14.254591 5.575617 -10.155460
v 14.177284 5.278859 -10.308829
v 14.342431 5.340536 -10.308782
v 14.089499 5.513914 -10.308900
v 14.254645 5.575591 -10.308852
vn -0.0004 0.0002 1.0000
vn -0.3499 0.9368 -0.0003
vn 0.0004 -0.0002 -1.0000
vn 0.3499 -0.9368 0.0003
vn 0.9368 0.3499 0.0003
vt 0.673643 0.339984
vt 0.643893 0.339984
vt 0.643893 0.297641
vt 0.673643 0.297641
vt 0.207153 0.776724
vt 0.207153 0.806474
vt 0.181267 0.806474
vt 0.181267 0.776724
vt 0.643893 0.001934
vt 0.673643 0.001934
vt 0.673643 0.044277
vt 0.643893 0.044277
vt 0.026882 0.760911
vt 0.026882 0.790661
vt 0.000996 0.790661
vt 0.000996 0.760911
vt 0.589248 0.634462
vt 0.615134 0.634462
vt 0.615134 0.676806
vt 0.589248 0.676806
s 0
usemtl ConsoleSide
f 3773/4086/2195 3774/4087/2195 3776/4088/2195 3775/4089/2195
f 3775/4090/2196 3776/4091/2196 3780/4092/2196 3779/4093/2196
f 3779/4094/2197 3780/4095/2197 3778/4096/2197 3777/4097/2197
f 3777/4098/2198 3778/4099/2198 3774/4100/2198 3773/4101/2198
f 3780/4102/2199 3776/4103/2199 3774/4104/2199 3778/4105/2199
o Cube.008
v 14.182928 5.588296 -9.897913
v 14.183654 5.587949 -11.977016
v 14.121155 5.588291 -9.897935
v 14.121880 5.587944 -11.977037
v 14.182934 5.525768 -9.897902
v 14.183659 5.525421 -11.977006
v 14.121160 5.525763 -9.897924
v 14.121885 5.525415 -11.977028
v 14.183332 5.588103 -11.056414
v 14.121559 5.588098 -11.056436
v 14.121564 5.525569 -11.056425
v 14.183337 5.525575 -11.056403
v 14.121211 5.588264 -10.058711
v 14.121216 5.525736 -10.058701
v 14.182990 5.525742 -10.058679
v 14.182984 5.588270 -10.058689
vn -0.0001 1.0000 -0.0002
vn -1.0000 -0.0001 -0.0003
vn 0.0001 -1.0000 0.0002
vn 1.0000 0.0001 0.0003
vt 0.217834 0.867726
vt 0.373192 0.867726
vt 0.373192 0.878150
vt 0.217834 0.878150
vt 0.373192 0.888703
vt 0.217834 0.888703
vt 0.217834 0.846749
vt 0.373192 0.846749
vt 0.373192 0.857174
vt 0.217834 0.857174
vt 0.635691 0.832937
vt 0.608559 0.832937
vt 0.608559 0.822512
vt 0.635691 0.822512
vt 0.608559 0.811960
vt 0.635691 0.811960
vt 0.635691 0.853914
vt 0.608559 0.853914
vt 0.608559 0.843489
vt 0.635691 0.843489
s 0
usemtl ConsoleSide
f 3789/4106/2200 3782/4107/2200 3784/4108/2200 3790/4109/2200
f 3790/4109/2201 3784/4108/2201 3788/4110/2201 3791/4111/2201
f 3791/4112/2202 3788/4113/2202 3786/4114/2202 3792/4115/2202
f 3792/4115/2203 3786/4114/2203 3782/4107/2203 3789/4106/2203
f 3781/4116/2200 3796/4117/2200 3793/4118/2200 3783/4119/2200
f 3783/4119/2201 3793/4118/2201 3794/4120/2201 3787/4121/2201
f 3787/4122/2202 3794/4123/2202 3795/4124/2202 3785/4125/2202
f 3785/4125/2203 3795/4124/2203 3796/4117/2203 3781/4116/2203
o Cube.007
v 13.682571 5.445712 -12.648638
v 13.244545 5.445675 -12.648791
v 13.682525 6.002733 -12.648730
v 13.244497 6.002696 -12.648884
v 13.682451 5.445770 -12.304344
v 13.244424 5.445733 -12.304498
v 13.682404 6.002790 -12.304437
v 13.244377 6.002753 -12.304590
vn 0.0004 -0.0002 -1.0000
vn -0.0001 1.0000 -0.0002
vn -0.0004 0.0002 1.0000
vn 0.0001 -1.0000 0.0002
vn 1.0000 0.0001 0.0004
vn -1.0000 -0.0001 -0.0004
vt 0.677408 0.542018
vt 0.746685 0.542018
vt 0.746685 0.611295
vt 0.677408 0.611295
vt 0.746685 0.680571
vt 0.677408 0.680571
vt 0.746685 0.749848
vt 0.677408 0.749848
vt 0.746685 0.819125
vt 0.677408 0.819125
vt 0.608131 0.680571
vt 0.608131 0.749848
vt 0.815962 0.680571
vt 0.815962 0.749848
s 0
usemtl ConsoleSide
f 3797/4126/2204 3798/4127/2204 3800/4128/2204 3799/4129/2204
f 3799/4129/2205 3800/4128/2205 3804/4130/2205 3803/4131/2205
f 3803/4131/2206 3804/4130/2206 3802/4132/2206 3801/4133/2206
f 3801/4133/2207 3802/4132/2207 3798/4134/2207 3797/4135/2207
f 3799/4136/2208 3803/4131/2208 3801/4133/2208 3797/4137/2208
f 3804/4130/2209 3800/4138/2209 3798/4139/2209 3802/4132/2209
o Cube.006
v 13.142078 4.663307 -12.354360
v 13.141999 5.594505 -12.354515
v 13.142232 4.663234 -12.792883
v 13.142153 5.594432 -12.793038
v 14.269228 4.663403 -12.353965
v 14.269149 5.594600 -12.354120
v 14.269382 4.663329 -12.792488
v 14.269302 5.594527 -12.792644
vn -1.0000 -0.0001 -0.0004
vn 1.0000 0.0001 0.0004
vn 0.0001 -1.0000 0.0002
vn -0.0001 1.0000 -0.0002
vt 0.993070 0.112274
vt 0.882976 0.112274
vt 0.882976 0.002179
vt 0.993070 0.002179
vt 0.640435 0.119089
vt 0.640435 0.236653
vt 0.522872 0.236653
vt 0.522872 0.119089
vt 0.640435 0.001526
vt 0.522872 0.001526
vt 0.640435 0.354216
vt 0.522872 0.354216
s 0
usemtl ConsoleSide
f 3805/4140/2210 3806/4141/2210 3808/4142/2210 3807/4143/2210
f 3811/4144/2211 3812/4145/2211 3810/4146/2211 3809/4147/2211
f 3807/4148/2212 3811/4144/2212 3809/4147/2212 3805/4149/2212
f 3812/4145/2213 3808/4150/2213 3806/4151/2213 3810/4146/2213
o Cube.005
v 13.370717 5.202897 -11.952014
v 13.369147 5.203650 -9.906827
v 13.295625 5.202890 -11.952041
v 13.294055 5.203643 -9.906854
v 13.370710 5.285162 -11.952028
v 13.369141 5.285915 -9.906841
v 13.295618 5.285156 -11.952054
v 13.294047 5.285909 -9.906867
vn 0.0001 -1.0000 0.0004
vn -1.0000 -0.0001 -0.0008
vn -0.0001 1.0000 -0.0004
vn 1.0000 0.0001 0.0008
vt 0.283363 0.049449
vt 0.487042 0.049449
vt 0.487045 0.056928
vt 0.283366 0.056928
vt 0.283366 0.025585
vt 0.487045 0.025585
vt 0.487047 0.033778
vt 0.283368 0.033778
vt 0.487044 0.041256
vt 0.283365 0.041256
s 0
usemtl ConsoleSide
f 3813/4152/2214 3814/4153/2214 3816/4154/2214 3815/4155/2214
f 3815/4156/2215 3816/4157/2215 3820/4158/2215 3819/4159/2215
f 3819/4159/2216 3820/4158/2216 3818/4160/2216 3817/4161/2216
f 3817/4161/2217 3818/4160/2217 3814/4153/2217 3813/4152/2217
o Cube.018
v 13.369204 4.440390 -9.906699
v 13.369202 4.458179 -9.906702
v 13.370763 4.439646 -11.896988
v 13.370761 4.457435 -11.896991
v 13.454865 4.440397 -9.906670
v 13.454864 4.458186 -9.906672
v 13.456425 4.439653 -11.896958
v 13.456423 4.457442 -11.896961
vn -1.0000 -0.0001 -0.0008
vn 1.0000 0.0001 0.0008
vn 0.0001 -1.0000 0.0004
vn -0.0001 1.0000 -0.0004
vt 0.382632 0.310970
vt 0.384403 0.310970
vt 0.384403 0.509182
vt 0.382632 0.509182
vt 0.394706 0.509186
vt 0.392934 0.509185
vt 0.392934 0.310973
vt 0.394706 0.310974
vt 0.403237 0.509182
vt 0.403237 0.310970
s 0
usemtl ConsoleSide
f 3821/4162/2218 3822/4163/2218 3824/4164/2218 3823/4165/2218
f 3827/4166/2219 3828/4167/2219 3826/4168/2219 3825/4169/2219
f 3823/4170/2220 3827/4166/2220 3825/4169/2220 3821/4171/2220
f 3828/4167/2221 3824/4164/2221 3822/4163/2221 3826/4168/2221
o Cube.020
v 13.468233 5.504727 -11.952030
v 13.468228 5.560028 -11.952040
v 13.466660 5.505732 -9.906844
v 13.466656 5.561033 -9.906853
v 13.395179 5.504721 -11.952056
v 13.395174 5.560021 -11.952065
v 13.393605 5.505726 -9.906869
v 13.393600 5.561027 -9.906878
vn 1.0000 0.0001 0.0008
vn -1.0000 -0.0001 -0.0008
vn 0.0001 -1.0000 0.0005
vn -0.0001 1.0000 -0.0005
vt 0.552567 0.368754
vt 0.558074 0.368756
vt 0.558074 0.572435
vt 0.552567 0.572433
vt 0.570857 0.572437
vt 0.565350 0.572438
vt 0.565350 0.368759
vt 0.570857 0.368757
vt 0.545291 0.572437
vt 0.545291 0.368757
s 0
usemtl ConsoleSide
f 3829/4172/2222 3830/4173/2222 3832/4174/2222 3831/4175/2222
f 3835/4176/2223 3836/4177/2223 3834/4178/2223 3833/4179/2223
f 3831/4175/2224 3835/4180/2224 3833/4181/2224 3829/4172/2224
f 3836/4177/2225 3832/4174/2225 3830/4173/2225 3834/4178/2225
o Cube.022
v 13.073205 4.356538 -11.842180
v 13.073071 5.940671 -11.842445
v 13.079984 4.364352 -12.603198
v 13.079851 5.936156 -12.603461
v 14.344274 4.356645 -11.841735
v 14.344140 5.944789 -11.842001
v 14.338028 4.364458 -12.602757
v 14.337894 5.940607 -12.603022
v 13.410764 4.364379 -12.603083
v 14.062092 4.364435 -12.602855
v 14.034491 6.208347 -12.603172
v 13.435017 6.208296 -12.603382
v 14.061827 4.356621 -11.841834
v 13.410499 4.356566 -11.842062
v 13.432873 6.216364 -11.842365
v 14.036332 6.216415 -11.842154
v 12.995000 4.261164 -11.842192
v 12.994854 5.993374 -11.842482
v 14.422350 5.993495 -11.841982
v 14.422496 4.261284 -11.841692
v 13.410334 6.311729 -11.842389
v 14.061662 6.311785 -11.842161
v 14.061834 4.261253 -11.841818
v 13.410506 4.261199 -11.842047
v 13.432912 6.216346 -11.952162
v 13.410537 4.356548 -11.951859
v 14.061865 4.356603 -11.951631
v 14.036371 6.216396 -11.951950
v 13.073244 4.356519 -11.951977
v 13.073111 5.940653 -11.952242
v 14.344178 5.944771 -11.951797
v 14.344313 4.356627 -11.951531
v 12.995120 5.993247 -12.603500
v 12.995266 4.261036 -12.603210
v 14.422616 5.993367 -12.603001
v 14.422762 4.261157 -12.602711
v 14.061928 6.311657 -12.603180
v 13.410600 6.311603 -12.603408
v 13.410772 4.261071 -12.603065
v 14.062100 4.261127 -12.602838
v 14.034430 6.208376 -12.429896
v 14.062032 4.364463 -12.429579
v 13.410704 4.364408 -12.429807
v 13.434956 6.208325 -12.430106
v 13.079790 5.936185 -12.430185
v 13.079923 4.364381 -12.429922
v 14.337834 5.940636 -12.429745
v 14.337967 4.364487 -12.429482
vn -1.0000 -0.0001 -0.0004
vn 1.0000 0.0001 0.0004
vn -0.0001 1.0000 -0.0002
vn 0.0001 -1.0000 0.0002
vn 0.6082 -0.7938 0.0003
vn -0.6617 -0.7498 -0.0001
vn 0.6617 0.7498 0.0001
vn -0.6082 0.7938 -0.0003
vn -0.0004 0.0002 1.0000
vn 0.0004 -0.0002 -1.0000
vt 0.419854 0.884542
vt 0.599321 0.884542
vt 0.599321 0.999395
vt 0.419854 0.999395
vt 0.520255 0.343391
vt 0.520255 0.523417
vt 0.405043 0.523417
vt 0.405043 0.343391
vt 0.961444 0.412011
vt 0.840194 0.412011
vt 0.840194 0.325347
vt 0.961443 0.325347
vt 0.520255 0.298254
vt 0.405043 0.298254
vt 0.405043 0.216739
vt 0.520255 0.216739
vt 0.018976 0.038764
vt 0.018976 0.118494
vt 0.001428 0.118494
vt 0.001428 0.038764
vt 0.633304 0.591414
vt 0.633304 0.539809
vt 0.660993 0.539809
vt 0.660993 0.591414
vt 0.633304 0.460620
vt 0.633304 0.425155
vt 0.660992 0.425155
vt 0.660992 0.460620
vt 0.520255 0.164738
vt 0.405043 0.164738
vt 0.561369 0.687903
vt 0.561369 0.850751
vt 0.535218 0.850751
vt 0.535218 0.687903
vt 0.961443 0.279713
vt 0.840194 0.279713
vt 0.961444 0.469653
vt 0.840194 0.469653
vt 0.509186 0.125655
vt 0.509186 0.161295
vt 0.492596 0.161295
vt 0.492596 0.125655
vt 0.018976 0.002778
vt 0.001428 0.002778
vt 0.407588 0.775178
vt 0.243464 0.775178
vt 0.238003 0.765298
vt 0.417469 0.765298
vt 0.243048 0.935750
vt 0.407588 0.935750
vt 0.417469 0.945630
vt 0.238003 0.945630
vt 0.214904 0.820635
vt 0.214904 0.896868
vt 0.205023 0.900069
vt 0.205023 0.817788
vt 0.407588 0.900069
vt 0.407588 0.817788
vt 0.417469 0.817788
vt 0.417469 0.900069
vt 0.821027 0.679968
vt 0.818180 0.487284
vt 0.900461 0.487284
vt 0.897260 0.679968
vt 0.936142 0.487284
vt 0.936143 0.651824
vt 0.775571 0.651408
vt 0.775571 0.487284
vt 0.421456 0.689456
vt 0.421456 0.525331
vt 0.438026 0.525331
vt 0.438026 0.689456
vt 0.018976 0.170783
vt 0.001428 0.170783
vt 0.509186 0.000907
vt 0.509186 0.043468
vt 0.492596 0.043468
vt 0.492596 0.000907
vt 0.765360 0.488545
vt 0.765360 0.653086
vt 0.748789 0.653086
vt 0.748789 0.488545
vt 0.436017 0.708827
vt 0.436017 0.871674
vt 0.425313 0.882378
vt 0.425314 0.702911
vt 0.594943 0.871674
vt 0.594943 0.708377
vt 0.605646 0.702911
vt 0.605646 0.882377
vt 0.556617 0.680635
vt 0.480887 0.680635
vt 0.477804 0.669931
vt 0.560084 0.669931
vt 0.477804 0.871674
vt 0.560084 0.871674
vt 0.560084 0.882377
vt 0.477804 0.882378
vt 0.001882 0.850331
vt 0.192921 0.846864
vt 0.192921 0.929145
vt 0.001882 0.926061
vt 0.192921 0.970931
vt 0.030074 0.970931
vt 0.029624 0.812005
vt 0.192921 0.812005
vt 0.589833 0.742638
vt 0.589833 0.824825
vt 0.563652 0.824825
vt 0.563652 0.742638
vt 0.382680 0.844426
vt 0.219383 0.844426
vt 0.219383 0.818275
vt 0.382680 0.818275
vt 0.589833 0.707820
vt 0.563652 0.707820
vt 0.589833 0.866564
vt 0.563652 0.866564
s 0
usemtl ConsoleSide
f 3853/4182/2226 3854/4183/2226 3869/4184/2226 3870/4185/2226
f 3872/4186/2227 3871/4187/2227 3855/4188/2227 3856/4189/2227
f 3874/4190/2228 3857/4191/2228 3858/4192/2228 3873/4193/2228
f 3876/4194/2229 3859/4195/2229 3860/4196/2229 3875/4197/2229
f 3852/4198/2229 3851/4199/2229 3861/4200/2229 3864/4201/2229
f 3840/4202/2230 3848/4203/2230 3880/4204/2230 3881/4205/2230
f 3847/4206/2231 3844/4207/2231 3883/4208/2231 3877/4209/2231
f 3876/4194/2229 3872/4186/2229 3856/4189/2229 3859/4195/2229
f 3870/4210/2229 3875/4197/2229 3860/4196/2229 3853/4211/2229
f 3839/4212/2227 3840/4213/2227 3881/4214/2227 3882/4215/2227
f 3871/4216/2232 3873/4193/2232 3858/4192/2232 3855/4217/2232
f 3874/4190/2233 3869/4218/2233 3854/4219/2233 3857/4191/2233
f 3849/4220/2228 3841/4221/2228 3868/4222/2228 3863/4223/2228
f 3842/4224/2231 3852/4198/2231 3864/4201/2231 3867/4225/2231
f 3837/4226/2234 3838/4227/2234 3854/4228/2234 3853/4229/2234
f 3842/4230/2234 3841/4231/2234 3856/4232/2234 3855/4233/2234
f 3851/4234/2234 3852/4235/2234 3858/4236/2234 3857/4237/2234
f 3849/4238/2234 3850/4239/2234 3860/4240/2234 3859/4241/2234
f 3841/4231/2234 3849/4238/2234 3859/4241/2234 3856/4232/2234
f 3850/4239/2234 3837/4226/2234 3853/4229/2234 3860/4240/2234
f 3852/4235/2234 3842/4230/2234 3855/4233/2234 3858/4236/2234
f 3838/4227/2234 3851/4234/2234 3857/4237/2234 3854/4228/2234
f 3861/4242/2234 3862/4243/2234 3863/4244/2234 3864/4245/2234
f 3868/4246/2234 3867/4247/2234 3864/4245/2234 3863/4244/2234
f 3862/4243/2234 3861/4242/2234 3866/4248/2234 3865/4249/2234
f 3838/4250/2227 3837/4251/2227 3865/4252/2227 3866/4253/2227
f 3851/4199/2230 3838/4254/2230 3866/4255/2230 3861/4200/2230
f 3837/4256/2228 3850/4257/2228 3862/4258/2228 3865/4259/2228
f 3850/4257/2228 3849/4220/2228 3863/4223/2228 3862/4258/2228
f 3841/4260/2226 3842/4261/2226 3867/4262/2226 3868/4263/2226
f 3840/4264/2235 3839/4265/2235 3870/4266/2235 3869/4267/2235
f 3843/4268/2235 3844/4269/2235 3871/4270/2235 3872/4271/2235
f 3847/4272/2235 3848/4273/2235 3874/4274/2235 3873/4275/2235
f 3845/4276/2235 3846/4277/2235 3876/4278/2235 3875/4279/2235
f 3839/4265/2235 3845/4276/2235 3875/4279/2235 3870/4266/2235
f 3848/4273/2235 3840/4264/2235 3869/4267/2235 3874/4274/2235
f 3846/4277/2235 3843/4268/2235 3872/4271/2235 3876/4278/2235
f 3844/4269/2235 3847/4272/2235 3873/4275/2235 3871/4270/2235
f 3877/4280/2235 3878/4281/2235 3879/4282/2235 3880/4283/2235
f 3882/4284/2235 3881/4285/2235 3880/4283/2235 3879/4282/2235
f 3878/4281/2235 3877/4280/2235 3883/4286/2235 3884/4287/2235
f 3846/4288/2228 3845/4289/2228 3879/4290/2228 3878/4291/2228
f 3844/4292/2226 3843/4293/2226 3884/4294/2226 3883/4295/2226
f 3843/4296/2228 3846/4288/2228 3878/4291/2228 3884/4297/2228
f 3845/4289/2228 3839/4298/2228 3882/4299/2228 3879/4290/2228
f 3848/4203/2229 3847/4206/2229 3877/4209/2229 3880/4204/2229
o NurbsPath.006
v 24.030319 4.834615 -1.568997
v 24.032511 4.960290 -1.602936
v 24.038267 5.049641 -1.692101
v 24.046366 5.083650 -1.817515
v 24.054462 5.049641 -1.942929
v 24.060219 4.960290 -2.032094
v 24.062412 4.834615 -2.066032
v 24.060219 4.708940 -2.032094
v 24.054462 4.619589 -1.942929
v 24.046366 4.585579 -1.817515
v 24.038267 4.619589 -1.692101
v 24.032511 4.708940 -1.602936
v 22.134813 4.834615 -1.740005
v 22.138945 4.960290 -1.773763
v 22.149799 5.049641 -1.862451
v 22.165068 5.083650 -1.987196
v 22.180336 5.049641 -2.111940
v 22.191191 4.960290 -2.200629
v 22.195324 4.834615 -2.234386
v 22.191191 4.708940 -2.200629
v 22.180336 4.619589 -2.111940
v 22.165068 4.585579 -1.987196
v 22.149799 4.619589 -1.862452
v 22.138945 4.708940 -1.773763
v 20.659079 4.834615 -1.968602
v 20.665657 4.960290 -2.001969
v 20.682943 5.049641 -2.089632
v 20.707256 5.083650 -2.212933
v 20.731569 5.049641 -2.336234
v 20.748854 4.960290 -2.423897
v 20.755432 4.834615 -2.457263
v 20.748854 4.708940 -2.423897
v 20.731567 4.619589 -2.336234
v 20.707256 4.585579 -2.212933
v 20.682941 4.619589 -2.089632
v 20.665657 4.708940 -2.001969
v 19.513580 4.834615 -2.243874
v 19.523186 4.960290 -2.276498
v 19.548424 5.049641 -2.362211
v 19.583921 5.083650 -2.482769
v 19.619419 5.049641 -2.603326
v 19.644657 4.960290 -2.689039
v 19.654263 4.834615 -2.721663
v 19.644657 4.708940 -2.689039
v 19.619419 4.619589 -2.603326
v 19.583921 4.585579 -2.482769
v 19.548424 4.619589 -2.362211
v 19.523186 4.708940 -2.276498
v 18.621237 4.834615 -2.556579
v 18.634308 4.960290 -2.587976
v 18.668650 5.049641 -2.670464
v 18.716953 5.083650 -2.786486
v 18.765255 5.049641 -2.902508
v 18.799597 4.960290 -2.984995
v 18.812668 4.834615 -3.016392
v 18.799597 4.708940 -2.984995
v 18.765255 4.619589 -2.902508
v 18.716953 4.585579 -2.786486
v 18.668650 4.619589 -2.670464
v 18.634308 4.708940 -2.587976
v 17.917561 4.834615 -2.898266
v 17.934164 4.960290 -2.927948
v 17.977785 5.049641 -3.005927
v 18.039139 5.083650 -3.115607
v 18.100494 5.049641 -3.225288
v 18.144115 4.960290 -3.303267
v 18.160719 4.834615 -3.332948
v 18.144115 4.708940 -3.303267
v 18.100494 4.619589 -3.225288
v 18.039139 4.585579 -3.115607
v 17.977785 4.619589 -3.005927
v 17.934164 4.708940 -2.927948
v 17.349812 4.834615 -3.260469
v 17.369526 4.960290 -3.288182
v 17.421320 5.049641 -3.360990
v 17.494169 5.083650 -3.463397
v 17.567020 5.049641 -3.565804
v 17.618813 4.960290 -3.638611
v 17.638527 4.834615 -3.666324
v 17.618813 4.708940 -3.638611
v 17.567020 4.619589 -3.565804
v 17.494169 4.585579 -3.463397
v 17.421320 4.619589 -3.360990
v 17.369526 4.708940 -3.288182
v 16.875069 4.834615 -3.635340
v 16.897133 4.960290 -3.661222
v 16.955097 5.049641 -3.729218
v 17.036629 5.083650 -3.824857
v 17.118160 5.049641 -3.920497
v 17.176126 4.960290 -3.988493
v 17.198189 4.834615 -4.014375
v 17.176126 4.708940 -3.988493
v 17.118160 4.619589 -3.920497
v 17.036629 4.585579 -3.824857
v 16.955097 4.619589 -3.729218
v 16.897133 4.708940 -3.661222
v 16.459011 4.834615 -4.017590
v 16.482637 4.960290 -4.042055
v 16.544704 5.049641 -4.106329
v 16.632004 5.083650 -4.196733
v 16.719303 5.049641 -4.287138
v 16.781370 4.960290 -4.351413
v 16.804995 4.834615 -4.375877
v 16.781370 4.708940 -4.351413
v 16.719303 4.619589 -4.287138
v 16.632004 4.585579 -4.196733
v 16.544704 4.619589 -4.106329
v 16.482637 4.708940 -4.042055
v 16.076344 4.834615 -4.405761
v 16.100971 4.960290 -4.429216
v 16.165672 5.049641 -4.490837
v 16.256680 5.083650 -4.577509
v 16.347685 5.049641 -4.664182
v 16.412388 4.960290 -4.725802
v 16.437016 4.834615 -4.749258
v 16.412388 4.708940 -4.725803
v 16.347685 4.619589 -4.664182
v 16.256680 4.585579 -4.577509
v 16.165672 4.619589 -4.490837
v 16.100971 4.708940 -4.429216
v 15.711965 4.834615 -4.801755
v 15.737359 4.960290 -4.824378
v 15.804075 5.049641 -4.883812
v 15.897916 5.083650 -4.967408
v 15.991755 5.049641 -5.051004
v 16.058472 4.960290 -5.110438
v 16.083866 4.834615 -5.133060
v 16.058474 4.708940 -5.110438
v 15.991756 4.619589 -5.051004
v 15.897916 4.585579 -4.967408
v 15.804076 4.619589 -4.883812
v 15.737359 4.708940 -4.824378
v 15.360588 4.834615 -5.209230
v 15.386751 4.960290 -5.230959
v 15.455486 5.049641 -5.288046
v 15.552166 5.083650 -5.368341
v 15.648846 5.049641 -5.448637
v 15.717582 4.960290 -5.505723
v 15.743745 4.834615 -5.527452
v 15.717582 4.708940 -5.505723
v 15.648846 4.619589 -5.448637
v 15.552166 4.585579 -5.368341
v 15.455486 4.619589 -5.288046
v 15.386751 4.708940 -5.230959
v 15.021911 4.834615 -5.632796
v 15.048959 4.960290 -5.653412
v 15.120022 5.049641 -5.707575
v 15.219975 5.083650 -5.783756
v 15.319928 5.049641 -5.859939
v 15.390991 4.960290 -5.914101
v 15.418040 4.834615 -5.934717
v 15.390991 4.708940 -5.914101
v 15.319928 4.619589 -5.859939
v 15.219975 4.585579 -5.783756
v 15.120022 4.619589 -5.707575
v 15.048960 4.708940 -5.653412
v 14.698458 4.834615 -6.078403
v 14.726567 4.960290 -6.097546
v 14.800418 5.049641 -6.147841
v 14.904292 5.083650 -6.218584
v 15.008165 5.049641 -6.289326
v 15.082016 4.960290 -6.339621
v 15.110126 4.834615 -6.358765
v 15.082016 4.708940 -6.339622
v 15.008165 4.619589 -6.289326
v 14.904292 4.585579 -6.218584
v 14.800418 4.619589 -6.147841
v 14.726567 4.708940 -6.097546
v 14.395500 4.834615 -6.553472
v 14.424855 4.960290 -6.570646
v 14.501975 5.049641 -6.615768
v 14.610449 5.083650 -6.679234
v 14.718922 5.049641 -6.742699
v 14.796042 4.960290 -6.787820
v 14.825397 4.834615 -6.804995
v 14.796042 4.708940 -6.787820
v 14.718922 4.619589 -6.742699
v 14.610449 4.585579 -6.679234
v 14.501975 4.619589 -6.615768
v 14.424855 4.708940 -6.570646
v 14.121210 4.834615 -7.066761
v 14.151931 4.960290 -7.081352
v 14.232641 5.049641 -7.119685
v 14.346163 5.083650 -7.173602
v 14.459684 5.049641 -7.227519
v 14.540395 4.960290 -7.265852
v 14.571115 4.834615 -7.280443
v 14.540395 4.708940 -7.265852
v 14.459684 4.619589 -7.227519
v 14.346163 4.585579 -7.173602
v 14.232641 4.619589 -7.119685
v 14.151931 4.708940 -7.081352
v 13.886741 4.834615 -7.628056
v 13.918805 4.960290 -7.639392
v 14.003046 5.049641 -7.669175
v 14.121533 5.083650 -7.711066
v 14.240022 5.049641 -7.752957
v 14.324263 4.960290 -7.782740
v 14.356327 4.834615 -7.794076
v 14.324263 4.708940 -7.782740
v 14.240022 4.619589 -7.752957
v 14.121533 4.585579 -7.711066
v 14.003046 4.619589 -7.669175
v 13.918805 4.708940 -7.639392
v 13.706089 4.834615 -8.247799
v 13.739268 4.960290 -8.255266
v 13.826438 5.049641 -8.274887
v 13.949045 5.083650 -8.302485
v 14.071652 5.049641 -8.330083
v 14.158822 4.960290 -8.349704
v 14.192001 4.834615 -8.357172
v 14.158822 4.708940 -8.349704
v 14.071652 4.619589 -8.330083
v 13.949045 4.585579 -8.302485
v 13.826438 4.619589 -8.274887
v 13.739268 4.708940 -8.255266
v 13.595626 4.834615 -8.936855
v 13.629485 4.960290 -8.940042
v 13.718443 5.049641 -8.948420
v 13.843564 5.083650 -8.960201
v 13.968686 5.049641 -8.971984
v 14.057643 4.960290 -8.980360
v 14.091503 4.834615 -8.983549
v 14.057643 4.708940 -8.980360
v 13.968686 4.619589 -8.971984
v 13.843564 4.585579 -8.960201
v 13.718443 4.619589 -8.948420
v 13.629485 4.708940 -8.940042
v 13.573457 4.834615 -9.706707
v 13.607446 4.960290 -9.705523
v 13.696742 5.049641 -9.702415
v 13.822342 5.083650 -9.698042
v 13.947941 5.049641 -9.693670
v 14.037237 4.960290 -9.690561
v 14.071226 4.834615 -9.689379
v 14.037237 4.708940 -9.690561
v 13.947941 4.619589 -9.693670
v 13.822342 4.585579 -9.698042
v 13.696742 4.619589 -9.702415
v 13.607446 4.708940 -9.705523
v 24.030319 5.524211 -1.568997
v 24.032511 5.649887 -1.602936
v 24.038267 5.739237 -1.692101
v 24.046366 5.773247 -1.817515
v 24.054462 5.739237 -1.942929
v 24.060219 5.649887 -2.032094
v 24.062412 5.524212 -2.066032
v 24.060219 5.398536 -2.032094
v 24.054462 5.309186 -1.942929
v 24.046366 5.275177 -1.817515
v 24.038267 5.309186 -1.692101
v 24.032511 5.398536 -1.602936
v 22.134813 5.524211 -1.740005
v 22.138945 5.649887 -1.773763
v 22.149799 5.739237 -1.862451
v 22.165068 5.773247 -1.987196
v 22.180336 5.739237 -2.111940
v 22.191191 5.649887 -2.200629
v 22.195324 5.524211 -2.234386
v 22.191191 5.398536 -2.200629
v 22.180336 5.309186 -2.111940
v 22.165068 5.275177 -1.987196
v 22.149799 5.309186 -1.862452
v 22.138945 5.398536 -1.773763
v 20.659079 5.524211 -1.968602
v 20.665657 5.649887 -2.001969
v 20.682943 5.739237 -2.089632
v 20.707256 5.773247 -2.212933
v 20.731569 5.739237 -2.336234
v 20.748854 5.649887 -2.423897
v 20.755432 5.524211 -2.457263
v 20.748854 5.398536 -2.423897
v 20.731567 5.309186 -2.336234
v 20.707256 5.275177 -2.212933
v 20.682941 5.309186 -2.089632
v 20.665657 5.398536 -2.001969
v 19.513580 5.524211 -2.243874
v 19.523186 5.649887 -2.276498
v 19.548424 5.739237 -2.362211
v 19.583921 5.773247 -2.482769
v 19.619419 5.739237 -2.603326
v 19.644657 5.649887 -2.689039
v 19.654263 5.524211 -2.721663
v 19.644657 5.398536 -2.689039
v 19.619419 5.309186 -2.603326
v 19.583921 5.275177 -2.482769
v 19.548424 5.309186 -2.362211
v 19.523186 5.398536 -2.276498
v 18.621237 5.524211 -2.556579
v 18.634308 5.649887 -2.587976
v 18.668650 5.739237 -2.670464
v 18.716953 5.773247 -2.786486
v 18.765255 5.739237 -2.902508
v 18.799597 5.649887 -2.984995
v 18.812668 5.524211 -3.016392
v 18.799597 5.398536 -2.984995
v 18.765255 5.309186 -2.902508
v 18.716953 5.275177 -2.786486
v 18.668650 5.309186 -2.670464
v 18.634308 5.398536 -2.587976
v 17.917561 5.524211 -2.898266
v 17.934164 5.649887 -2.927948
v 17.977785 5.739237 -3.005927
v 18.039139 5.773247 -3.115607
v 18.100494 5.739237 -3.225288
v 18.144115 5.649887 -3.303267
v 18.160719 5.524211 -3.332948
v 18.144115 5.398536 -3.303267
v 18.100494 5.309186 -3.225288
v 18.039139 5.275177 -3.115607
v 17.977785 5.309186 -3.005927
v 17.934164 5.398536 -2.927948
v 17.349812 5.524211 -3.260469
v 17.369526 5.649887 -3.288182
v 17.421320 5.739237 -3.360990
v 17.494169 5.773247 -3.463397
v 17.567020 5.739237 -3.565804
v 17.618813 5.649887 -3.638611
v 17.638527 5.524212 -3.666324
v 17.618813 5.398536 -3.638611
v 17.567020 5.309186 -3.565804
v 17.494169 5.275177 -3.463397
v 17.421320 5.309186 -3.360990
v 17.369526 5.398536 -3.288182
v 16.875069 5.524211 -3.635340
v 16.897133 5.649887 -3.661222
v 16.955097 5.739237 -3.729218
v 17.036629 5.773247 -3.824857
v 17.118160 5.739237 -3.920497
v 17.176126 5.649887 -3.988493
v 17.198189 5.524212 -4.014375
v 17.176126 5.398537 -3.988493
v 17.118160 5.309186 -3.920497
v 17.036629 5.275177 -3.824857
v 16.955097 5.309186 -3.729218
v 16.897133 5.398536 -3.661222
v 16.459011 5.524211 -4.017590
v 16.482637 5.649887 -4.042055
v 16.544704 5.739237 -4.106329
v 16.632004 5.773247 -4.196733
v 16.719303 5.739237 -4.287138
v 16.781370 5.649887 -4.351413
v 16.804995 5.524212 -4.375877
v 16.781370 5.398537 -4.351413
v 16.719303 5.309186 -4.287138
v 16.632004 5.275177 -4.196733
v 16.544704 5.309186 -4.106329
v 16.482637 5.398536 -4.042055
v 16.076344 5.524212 -4.405761
v 16.100971 5.649887 -4.429216
v 16.165672 5.739237 -4.490837
v 16.256680 5.773247 -4.577509
v 16.347685 5.739237 -4.664182
v 16.412388 5.649887 -4.725802
v 16.437016 5.524212 -4.749258
v 16.412388 5.398537 -4.725803
v 16.347685 5.309186 -4.664182
v 16.256680 5.275177 -4.577509
v 16.165672 5.309186 -4.490837
v 16.100971 5.398536 -4.429216
v 15.711965 5.524212 -4.801755
v 15.737359 5.649887 -4.824378
v 15.804075 5.739237 -4.883812
v 15.897916 5.773247 -4.967408
v 15.991755 5.739237 -5.051004
v 16.058472 5.649887 -5.110438
v 16.083866 5.524212 -5.133060
v 16.058474 5.398537 -5.110438
v 15.991756 5.309186 -5.051004
v 15.897916 5.275177 -4.967408
v 15.804076 5.309186 -4.883812
v 15.737359 5.398536 -4.824378
v 15.360588 5.524212 -5.209230
v 15.386751 5.649887 -5.230959
v 15.455486 5.739237 -5.288046
v 15.552166 5.773247 -5.368341
v 15.648846 5.739237 -5.448637
v 15.717582 5.649887 -5.505723
v 15.743745 5.524212 -5.527452
v 15.717582 5.398537 -5.505723
v 15.648846 5.309186 -5.448637
v 15.552166 5.275177 -5.368341
v 15.455486 5.309186 -5.288046
v 15.386751 5.398536 -5.230959
v 15.021911 5.524212 -5.632796
v 15.048959 5.649887 -5.653412
v 15.120022 5.739237 -5.707575
v 15.219975 5.773247 -5.783756
v 15.319928 5.739237 -5.859939
v 15.390991 5.649887 -5.914101
v 15.418040 5.524212 -5.934717
v 15.390991 5.398537 -5.914101
v 15.319928 5.309186 -5.859939
v 15.219975 5.275176 -5.783756
v 15.120022 5.309186 -5.707575
v 15.048960 5.398536 -5.653412
v 14.698458 5.524212 -6.078403
v 14.726567 5.649887 -6.097546
v 14.800418 5.739237 -6.147841
v 14.904292 5.773247 -6.218584
v 15.008165 5.739237 -6.289326
v 15.082016 5.649887 -6.339621
v 15.110126 5.524212 -6.358765
v 15.082016 5.398536 -6.339622
v 15.008165 5.309186 -6.289326
v 14.904292 5.275177 -6.218584
v 14.800418 5.309186 -6.147841
v 14.726567 5.398536 -6.097546
v 14.395500 5.524212 -6.553472
v 14.424855 5.649887 -6.570646
v 14.501975 5.739237 -6.615768
v 14.610449 5.773247 -6.679234
v 14.718922 5.739237 -6.742699
v 14.796042 5.649887 -6.787820
v 14.825397 5.524212 -6.804995
v 14.796042 5.398537 -6.787820
v 14.718922 5.309186 -6.742699
v 14.610449 5.275177 -6.679234
v 14.501975 5.309186 -6.615768
v 14.424855 5.398536 -6.570646
v 14.121210 5.524211 -7.066761
v 14.151931 5.649887 -7.081352
v 14.232641 5.739237 -7.119685
v 14.346163 5.773247 -7.173602
v 14.459684 5.739237 -7.227519
v 14.540395 5.649887 -7.265852
v 14.571115 5.524212 -7.280443
v 14.540395 5.398537 -7.265852
v 14.459684 5.309186 -7.227519
v 14.346163 5.275177 -7.173602
v 14.232641 5.309186 -7.119685
v 14.151931 5.398536 -7.081352
v 13.886741 5.524211 -7.628056
v 13.918805 5.649887 -7.639392
v 14.003046 5.739237 -7.669175
v 14.121533 5.773247 -7.711066
v 14.240022 5.739237 -7.752957
v 14.324263 5.649887 -7.782740
v 14.356327 5.524212 -7.794076
v 14.324263 5.398536 -7.782740
v 14.240022 5.309186 -7.752957
v 14.121533 5.275177 -7.711066
v 14.003046 5.309186 -7.669175
v 13.918805 5.398536 -7.639392
v 13.706089 5.524211 -8.247799
v 13.739268 5.649887 -8.255266
v 13.826438 5.739237 -8.274887
v 13.949045 5.773247 -8.302485
v 14.071652 5.739237 -8.330083
v 14.158822 5.649887 -8.349704
v 14.192001 5.524212 -8.357172
v 14.158822 5.398537 -8.349704
v 14.071652 5.309186 -8.330083
v 13.949045 5.275177 -8.302485
v 13.826438 5.309186 -8.274887
v 13.739268 5.398536 -8.255266
v 13.595626 5.524211 -8.936855
v 13.629485 5.649887 -8.940042
v 13.718443 5.739237 -8.948420
v 13.843564 5.773247 -8.960201
v 13.968686 5.739237 -8.971984
v 14.057643 5.649887 -8.980360
v 14.091503 5.524211 -8.983549
v 14.057643 5.398536 -8.980360
v 13.968686 5.309186 -8.971984
v 13.843564 5.275177 -8.960201
v 13.718443 5.309186 -8.948420
v 13.629485 5.398536 -8.940042
v 13.573457 5.524211 -9.706707
v 13.607446 5.649887 -9.705523
v 13.696742 5.739237 -9.702415
v 13.822342 5.773247 -9.698042
v 13.947941 5.739237 -9.693670
v 14.037237 5.649887 -9.690561
v 14.071226 5.524211 -9.689379
v 14.037237 5.398536 -9.690561
v 13.947941 5.309186 -9.693670
v 13.822342 5.275177 -9.698042
v 13.696742 5.309186 -9.702415
v 13.607446 5.398536 -9.705523
v 14.447115 4.112371 -9.544397
v 14.446977 5.759984 -9.544673
v 14.447242 4.112311 -9.906266
v 14.447104 5.759923 -9.906542
v 13.215815 4.112267 -9.544829
v 13.215676 5.759880 -9.545105
v 13.215941 4.112207 -9.906697
v 13.215803 5.759820 -9.906973
v 13.831592 4.112259 -9.906482
v 13.831465 4.112319 -9.544613
v 14.087608 5.986715 -9.906705
v 13.575259 5.986672 -9.906885
v 13.831448 5.829709 -9.906769
v 13.575132 5.986732 -9.545016
v 14.087481 5.986775 -9.544837
v 13.831321 5.829770 -9.544901
v 15.628519 4.098163 -6.414506
v 15.628249 5.745775 -6.414656
v 15.425861 4.098103 -6.714303
v 15.425591 5.745715 -6.714454
v 14.608421 4.098059 -5.724939
v 14.608152 5.745671 -5.725090
v 14.405764 4.097999 -6.024737
v 14.405495 5.745611 -6.024887
v 14.915812 4.098051 -6.369520
v 15.118470 4.098111 -6.069723
v 15.127739 5.972507 -6.513157
v 14.703273 5.972463 -6.226226
v 14.915532 5.815500 -6.369677
v 14.905931 5.972524 -5.926428
v 15.330397 5.972567 -6.213360
v 15.118189 5.815561 -6.069880
v 17.339224 4.098163 -4.479327
v 17.338921 5.745775 -4.479388
v 17.054989 4.098103 -4.703291
v 17.054688 5.745715 -4.703352
v 16.577160 4.098059 -3.512187
v 16.576859 5.745671 -3.512249
v 16.292927 4.097999 -3.736150
v 16.292624 5.745611 -3.736212
v 16.673958 4.098051 -4.219721
v 16.958193 4.098111 -3.995757
v 16.832163 5.972507 -4.421005
v 16.515066 5.972463 -4.018575
v 16.673643 5.815500 -4.219785
v 16.799299 5.972524 -3.794611
v 17.116398 5.972567 -4.197042
v 16.957876 5.815561 -3.995821
v 19.939503 4.098163 -3.033560
v 19.939203 5.745775 -3.033493
v 19.588680 4.098103 -3.122281
v 19.588379 5.745715 -3.122214
v 19.637619 4.098059 -1.839840
v 19.637318 5.745671 -1.839773
v 19.286797 4.097999 -1.928562
v 19.286495 5.745611 -1.928494
v 19.437738 4.098051 -2.525422
v 19.788563 4.098111 -2.436700
v 19.500204 5.972507 -2.773701
v 19.374588 5.972463 -2.276990
v 19.437424 5.815500 -2.525352
v 19.725412 5.972524 -2.188268
v 19.851028 5.972567 -2.684980
v 19.788248 5.815561 -2.436630
v 15.542171 6.058984 -5.479454
v 15.542159 6.203201 -5.479478
v 15.595488 6.058990 -5.468829
v 15.595475 6.203207 -5.468853
v 15.640680 6.058999 -5.438609
v 15.640668 6.203217 -5.438634
v 15.670868 6.059009 -5.393396
v 15.670856 6.203227 -5.393420
v 15.681456 6.059019 -5.340072
v 15.681443 6.203236 -5.340096
v 15.670831 6.059027 -5.286756
v 15.670818 6.203244 -5.286779
v 15.640611 6.059031 -5.241563
v 15.640599 6.203249 -5.241587
v 15.595398 6.059033 -5.211375
v 15.595386 6.203250 -5.211400
v 15.542073 6.059030 -5.200788
v 15.542062 6.203248 -5.200812
v 15.488757 6.059024 -5.211413
v 15.488745 6.203241 -5.211437
v 15.443564 6.059015 -5.241632
v 15.443553 6.203233 -5.241656
v 15.413377 6.059005 -5.286845
v 15.413364 6.203223 -5.286870
v 15.402790 6.058995 -5.340169
v 15.402778 6.203213 -5.340194
v 15.413414 6.058987 -5.393486
v 15.413403 6.203205 -5.393510
v 15.443634 6.058982 -5.438678
v 15.443622 6.203200 -5.438703
v 15.488847 6.058981 -5.468866
v 15.488835 6.203198 -5.468890
v 15.558030 6.118351 -5.339139
v 15.555244 6.063059 -5.521546
v 15.550611 5.972576 -5.612121
v 15.544532 5.854365 -5.661129
v 15.541235 5.790393 -5.667429
v 15.582207 6.110779 -5.398309
v 15.604804 6.090896 -5.455203
v 15.624954 6.059466 -5.507635
v 15.641882 6.017699 -5.553591
v 15.654939 5.967199 -5.591302
v 15.663621 5.909906 -5.619322
v 15.667596 5.848022 -5.636572
v 15.666710 5.783926 -5.642390
v 15.602955 6.109711 -5.384416
v 15.645504 6.088801 -5.427951
v 15.684041 6.056426 -5.468071
v 15.717086 6.013829 -5.503235
v 15.743369 5.962647 -5.532091
v 15.761880 5.904849 -5.553530
v 15.771906 5.842654 -5.566728
v 15.773065 5.778453 -5.571177
v 15.616815 6.108999 -5.363630
v 15.672691 6.087405 -5.387177
v 15.723511 6.054399 -5.408877
v 15.767322 6.011250 -5.427896
v 15.802439 5.959615 -5.443501
v 15.827515 5.901479 -5.455093
v 15.841584 5.839076 -5.462229
v 15.844108 5.774805 -5.464631
v 15.621675 6.108752 -5.339115
v 15.682226 6.086920 -5.339090
v 15.737353 6.053695 -5.339066
v 15.784940 6.010354 -5.339042
v 15.823156 5.958562 -5.339019
v 15.850534 5.900309 -5.339000
v 15.866022 5.837834 -5.338984
v 15.869023 5.773539 -5.338972
v 15.616797 6.109007 -5.314604
v 15.672657 6.087421 -5.291010
v 15.723461 6.054422 -5.269263
v 15.767260 6.011279 -5.250200
v 15.802366 5.959650 -5.234553
v 15.827434 5.901518 -5.222923
v 15.841498 5.839118 -5.215757
v 15.844019 5.774847 -5.213332
v 15.602923 6.109726 -5.293828
v 15.645441 6.088830 -5.250256
v 15.683950 6.056468 -5.210097
v 15.716971 6.013884 -5.174896
v 15.743234 5.962712 -5.146006
v 15.761729 5.904921 -5.124535
v 15.771747 5.842730 -5.111309
v 15.772902 5.778530 -5.106836
v 15.582165 6.110798 -5.279949
v 15.604722 6.090934 -5.223033
v 15.624836 6.059523 -5.170576
v 15.641732 6.017771 -5.124595
v 15.654762 5.967283 -5.086857
v 15.663424 5.910000 -5.058813
v 15.667387 5.848122 -5.041539
v 15.666497 5.784028 -5.035700
v 15.557682 6.112062 -5.275083
v 15.556699 6.093412 -5.213486
v 15.555117 6.063120 -5.156715
v 15.552996 6.022349 -5.106954
v 15.550419 5.972667 -5.066113
v 15.547485 5.915982 -5.035764
v 15.544307 5.854473 -5.017070
v 15.541005 5.790503 -5.010752
v 15.533204 6.113323 -5.279967
v 15.508682 6.095887 -5.223067
v 15.485407 6.066713 -5.170626
v 15.464272 6.026922 -5.124659
v 15.446091 5.978044 -5.086932
v 15.431562 5.921957 -5.058896
v 15.421244 5.860815 -5.041627
v 15.415531 5.796970 -5.035790
v 15.512455 6.114391 -5.293860
v 15.467981 6.097982 -5.250319
v 15.426319 6.069754 -5.210190
v 15.389069 6.030793 -5.175014
v 15.357660 5.982595 -5.146144
v 15.333303 5.927014 -5.124688
v 15.316933 5.866184 -5.111472
v 15.309176 5.802444 -5.107003
v 15.498595 6.115103 -5.314646
v 15.440795 6.099378 -5.291093
v 15.386849 6.071781 -5.269384
v 15.338833 6.033372 -5.250354
v 15.298591 5.985628 -5.234734
v 15.267668 5.930384 -5.223124
v 15.247254 5.869761 -5.215971
v 15.238133 5.806091 -5.213549
v 15.493734 6.115350 -5.339161
v 15.431260 6.099862 -5.339180
v 15.373007 6.072484 -5.339196
v 15.321215 6.034267 -5.339208
v 15.277874 5.986681 -5.339215
v 15.244649 5.931554 -5.339217
v 15.222816 5.871004 -5.339215
v 15.213218 5.807358 -5.339208
v 15.498612 6.115094 -5.363672
v 15.440828 6.099361 -5.387261
v 15.386899 6.071757 -5.408998
v 15.338896 6.033342 -5.428049
v 15.298664 5.985594 -5.443682
v 15.267750 5.930345 -5.455295
v 15.247341 5.869720 -5.462442
v 15.238222 5.806049 -5.464849
v 15.512486 6.114376 -5.384449
v 15.468044 6.097952 -5.428015
v 15.426410 6.069711 -5.468164
v 15.389183 6.030738 -5.503353
v 15.357796 5.982531 -5.532229
v 15.333454 5.926942 -5.553683
v 15.317092 5.866108 -5.566891
v 15.309340 5.802366 -5.571343
v 15.533245 6.113303 -5.398327
v 15.508763 6.095848 -5.455238
v 15.485525 6.066657 -5.507686
v 15.464422 6.026851 -5.553654
v 15.446268 5.977960 -5.591377
v 15.431759 5.921863 -5.619405
v 15.421452 5.860716 -5.636661
v 15.415744 5.796868 -5.642480
v 15.557728 6.112040 -5.403193
v 15.556787 6.093370 -5.464785
v 15.553159 6.022272 -5.571295
v 15.547698 5.915881 -5.642454
v 15.542363 4.614062 -5.681770
v 15.542262 5.808849 -5.681971
v 15.609060 4.614069 -5.675178
v 15.608959 5.808856 -5.675378
v 15.673190 4.614078 -5.655700
v 15.673089 5.808865 -5.655900
v 15.732287 4.614088 -5.624085
v 15.732186 5.808875 -5.624285
v 15.784081 4.614100 -5.581549
v 15.783980 5.808887 -5.581748
v 15.826582 4.614111 -5.529725
v 15.826481 5.808899 -5.529924
v 15.858155 4.614124 -5.470605
v 15.858054 5.808911 -5.470805
v 15.877588 4.614137 -5.406462
v 15.877487 5.808924 -5.406662
v 15.884134 4.614149 -5.339760
v 15.884033 5.808936 -5.339960
v 15.877542 4.614159 -5.273063
v 15.877441 5.808946 -5.273262
v 15.858064 4.614168 -5.208933
v 15.857963 5.808955 -5.209133
v 15.826448 4.614175 -5.149836
v 15.826347 5.808962 -5.150036
v 15.783912 4.614180 -5.098042
v 15.783812 5.808968 -5.098241
v 15.732088 4.614183 -5.055542
v 15.731987 5.808970 -5.055741
v 15.672969 4.614183 -5.023968
v 15.672868 5.808970 -5.024168
v 15.608826 4.614181 -5.004535
v 15.608725 5.808969 -5.004735
v 15.542124 4.614177 -4.997989
v 15.542023 5.808964 -4.998189
v 15.475426 4.614170 -5.004582
v 15.475326 5.808957 -5.004781
v 15.411297 4.614161 -5.024059
v 15.411196 5.808949 -5.024260
v 15.352200 4.614151 -5.055675
v 15.352098 5.808938 -5.055874
v 15.300406 4.614140 -5.098211
v 15.300304 5.808927 -5.098411
v 15.257905 4.614127 -5.150035
v 15.257804 5.808915 -5.150235
v 15.226332 4.614115 -5.209154
v 15.226231 5.808902 -5.209354
v 15.206899 4.614102 -5.273298
v 15.206798 5.808889 -5.273498
v 15.200353 4.614090 -5.339999
v 15.200252 5.808878 -5.340199
v 15.206945 4.614080 -5.406697
v 15.206844 5.808867 -5.406897
v 15.226423 4.614071 -5.470826
v 15.226322 5.808858 -5.471026
v 15.258038 4.614064 -5.529923
v 15.257937 5.808851 -5.530123
v 15.300574 4.614058 -5.581717
v 15.300474 5.808846 -5.581918
v 15.352398 4.614056 -5.624218
v 15.352298 5.808843 -5.624418
v 15.411518 4.614056 -5.655791
v 15.411417 5.808843 -5.655991
v 15.475661 4.614058 -5.675224
v 15.475560 5.808845 -5.675425
v 15.526722 4.313123 -5.339835
v 15.529635 4.368353 -5.522258
v 15.534332 4.458807 -5.612860
v 15.540445 4.577001 -5.661904
v 15.543747 4.640971 -5.668222
v 15.551548 4.318151 -5.399007
v 15.576070 4.335587 -5.455907
v 15.599345 4.364761 -5.508348
v 15.620480 4.404552 -5.554315
v 15.638660 4.453430 -5.592042
v 15.653190 4.509517 -5.620078
v 15.663508 4.570659 -5.637347
v 15.669221 4.634504 -5.643184
v 15.572297 4.317083 -5.385114
v 15.616770 4.333492 -5.428655
v 15.658433 4.361720 -5.468784
v 15.695683 4.400681 -5.503960
v 15.727091 4.448878 -5.532830
v 15.751449 4.504460 -5.554286
v 15.767819 4.565289 -5.567502
v 15.775576 4.629030 -5.571971
v 15.586157 4.316371 -5.364327
v 15.643957 4.332096 -5.387881
v 15.697903 4.359693 -5.409590
v 15.745918 4.398101 -5.428620
v 15.786161 4.445845 -5.444240
v 15.817084 4.501090 -5.455850
v 15.837498 4.561712 -5.463003
v 15.846619 4.625382 -5.465425
v 15.591018 4.316124 -5.339813
v 15.653492 4.331612 -5.339793
v 15.711745 4.358990 -5.339778
v 15.763537 4.397206 -5.339766
v 15.806878 4.444793 -5.339759
v 15.840103 4.499920 -5.339756
v 15.861935 4.560470 -5.339759
v 15.871534 4.624116 -5.339766
v 15.586140 4.316380 -5.315301
v 15.643924 4.332112 -5.291713
v 15.697853 4.359716 -5.269976
v 15.745856 4.398131 -5.250924
v 15.786088 4.445880 -5.235292
v 15.817002 4.501129 -5.223680
v 15.837411 4.561753 -5.216532
v 15.846530 4.625424 -5.214125
v 15.572266 4.317098 -5.294525
v 15.616708 4.333522 -5.250959
v 15.658342 4.361763 -5.210810
v 15.695569 4.400736 -5.175621
v 15.726956 4.448943 -5.146745
v 15.751298 4.504532 -5.125291
v 15.767660 4.565366 -5.112083
v 15.775413 4.629107 -5.107630
v 15.551507 4.318171 -5.280647
v 15.575989 4.335626 -5.223736
v 15.599227 4.364817 -5.171288
v 15.620330 4.404623 -5.125319
v 15.638484 4.453514 -5.087597
v 15.652993 4.509611 -5.059569
v 15.663301 4.570758 -5.042314
v 15.669008 4.634605 -5.036493
v 15.527024 4.319434 -5.275780
v 15.527966 4.338104 -5.214189
v 15.529508 4.368414 -5.157428
v 15.531593 4.409202 -5.107678
v 15.534142 4.458898 -5.066853
v 15.537054 4.515593 -5.036520
v 15.540220 4.577109 -5.017844
v 15.543516 4.641080 -5.011545
v 15.502545 4.320695 -5.280665
v 15.479948 4.340578 -5.223771
v 15.459798 4.372007 -5.171339
v 15.442869 4.413774 -5.125383
v 15.429813 4.464275 -5.087671
v 15.421131 4.521568 -5.059652
v 15.417156 4.583451 -5.042402
v 15.418042 4.647547 -5.036584
v 15.481797 4.321763 -5.294558
v 15.439248 4.342673 -5.251023
v 15.400711 4.375049 -5.210902
v 15.367665 4.417645 -5.175739
v 15.341383 4.468826 -5.146883
v 15.322872 4.526625 -5.125444
v 15.312845 4.588820 -5.112247
v 15.311687 4.653021 -5.107797
v 15.467937 4.322475 -5.315344
v 15.412061 4.344069 -5.291796
v 15.361241 4.377075 -5.270096
v 15.317430 4.420225 -5.251079
v 15.282312 4.471859 -5.235473
v 15.257237 4.529995 -5.223880
v 15.243168 4.592398 -5.216745
v 15.240644 4.656669 -5.214343
v 15.463076 4.322722 -5.339859
v 15.402526 4.344553 -5.339884
v 15.347399 4.377779 -5.339909
v 15.299812 4.421120 -5.339932
v 15.261596 4.472912 -5.339954
v 15.234218 4.531165 -5.339974
v 15.218730 4.593639 -5.339990
v 15.215729 4.657935 -5.340002
v 15.467955 4.322467 -5.364370
v 15.412095 4.344053 -5.387964
v 15.361290 4.377051 -5.409711
v 15.317492 4.420195 -5.428774
v 15.282386 4.471824 -5.444421
v 15.257318 4.529956 -5.456051
v 15.243254 4.592356 -5.463216
v 15.240733 4.656627 -5.465642
v 15.481829 4.321748 -5.385146
v 15.439310 4.342643 -5.428719
v 15.400802 4.375005 -5.468876
v 15.367781 4.417591 -5.504077
v 15.341518 4.468762 -5.532969
v 15.323023 4.526553 -5.554440
v 15.313005 4.588744 -5.567665
v 15.311851 4.652944 -5.572137
v 15.502587 4.320675 -5.399024
v 15.480030 4.340539 -5.455941
v 15.459916 4.371951 -5.508398
v 15.443020 4.413703 -5.554379
v 15.429991 4.464190 -5.592116
v 15.421328 4.521474 -5.620161
v 15.417365 4.583352 -5.637435
v 15.418255 4.647446 -5.643274
v 15.527069 4.319412 -5.403892
v 15.528053 4.338062 -5.465488
v 15.531756 4.409124 -5.572020
v 15.537267 4.515491 -5.643210
v 16.036301 6.059112 -4.966591
v 16.036287 6.203329 -4.966615
v 16.089617 6.059117 -4.955966
v 16.089603 6.203335 -4.955990
v 16.134809 6.059126 -4.925746
v 16.134796 6.203344 -4.925771
v 16.164997 6.059136 -4.880533
v 16.164984 6.203354 -4.880557
v 16.175583 6.059146 -4.827209
v 16.175571 6.203364 -4.827233
v 16.164959 6.059155 -4.773892
v 16.164948 6.203372 -4.773916
v 16.134739 6.059159 -4.728700
v 16.134727 6.203377 -4.728724
v 16.089527 6.059161 -4.698513
v 16.089514 6.203378 -4.698536
v 16.036201 6.059158 -4.687925
v 16.036190 6.203376 -4.687949
v 15.982885 6.059152 -4.698550
v 15.982874 6.203369 -4.698574
v 15.937694 6.059143 -4.728769
v 15.937681 6.203361 -4.728793
v 15.907506 6.059133 -4.773983
v 15.907494 6.203350 -4.774007
v 15.896918 6.059123 -4.827307
v 15.896906 6.203341 -4.827331
v 15.907543 6.059115 -4.880623
v 15.907531 6.203332 -4.880647
v 15.937762 6.059110 -4.925816
v 15.937750 6.203328 -4.925839
v 15.982976 6.059109 -4.956003
v 15.982964 6.203326 -4.956027
v 16.052158 6.118479 -4.826276
v 16.049374 6.063187 -5.008683
v 16.044739 5.972703 -5.099258
v 16.038660 5.854493 -5.148267
v 16.035364 5.790521 -5.154566
v 16.076336 6.110906 -4.885446
v 16.098932 6.091023 -4.942340
v 16.119083 6.059594 -4.994772
v 16.136011 6.017827 -5.040728
v 16.149067 5.967327 -5.078439
v 16.157749 5.910034 -5.106459
v 16.161724 5.848150 -5.123709
v 16.160839 5.784054 -5.129528
v 16.097084 6.109838 -4.871553
v 16.139633 6.088928 -4.915088
v 16.178169 6.056553 -4.955209
v 16.211216 6.013956 -4.990372
v 16.237497 5.962775 -5.019228
v 16.256008 5.904977 -5.040667
v 16.266035 5.842782 -5.053864
v 16.267193 5.778580 -5.058314
v 16.110943 6.109127 -4.850767
v 16.166821 6.087533 -4.874315
v 16.217640 6.054526 -4.896015
v 16.261450 6.011377 -4.915032
v 16.296568 5.959743 -4.930638
v 16.321644 5.901607 -4.942231
v 16.335712 5.839204 -4.949366
v 16.338236 5.774933 -4.951768
v 16.115805 6.108880 -4.826252
v 16.176353 6.087048 -4.826227
v 16.231482 6.053823 -4.826202
v 16.279068 6.010482 -4.826179
v 16.317286 5.958690 -4.826157
v 16.344664 5.900437 -4.826137
v 16.360151 5.837962 -4.826121
v 16.363152 5.773666 -4.826109
v 16.110926 6.109135 -4.801741
v 16.166786 6.087549 -4.778147
v 16.217590 6.054550 -4.756400
v 16.261387 6.011407 -4.737337
v 16.296495 5.959777 -4.721690
v 16.321562 5.901645 -4.710060
v 16.335627 5.839245 -4.702895
v 16.338148 5.774975 -4.700469
v 16.097052 6.109853 -4.780965
v 16.139570 6.088958 -4.737392
v 16.178080 6.056596 -4.697235
v 16.211100 6.014011 -4.662034
v 16.237362 5.962840 -4.633142
v 16.255857 5.905048 -4.611671
v 16.265875 5.842858 -4.598446
v 16.267031 5.778658 -4.593974
v 16.076294 6.110926 -4.767087
v 16.098850 6.091062 -4.710170
v 16.118965 6.059650 -4.657713
v 16.135860 6.017899 -4.611732
v 16.148891 5.967411 -4.573995
v 16.157553 5.910128 -4.545950
v 16.161516 5.848250 -4.528676
v 16.160625 5.784156 -4.522837
v 16.051811 6.112189 -4.762219
v 16.050827 6.093540 -4.700623
v 16.049246 6.063248 -4.643853
v 16.047125 6.022477 -4.594091
v 16.044548 5.972795 -4.553251
v 16.041615 5.916110 -4.522901
v 16.038435 5.854600 -4.504207
v 16.035133 5.790631 -4.497889
v 16.027332 6.113451 -4.767104
v 16.002811 6.096015 -4.710204
v 15.979535 6.066841 -4.657763
v 15.958401 6.027050 -4.611796
v 15.940220 5.978172 -4.574069
v 15.925691 5.922084 -4.546033
v 15.915372 5.860943 -4.528764
v 15.909660 5.797098 -4.522927
v 16.006584 6.114519 -4.780997
v 15.962111 6.098109 -4.737456
v 15.920448 6.069882 -4.697327
v 15.883197 6.030921 -4.662151
v 15.851789 5.982723 -4.633281
v 15.827432 5.927142 -4.611825
v 15.811061 5.866312 -4.598609
v 15.803306 5.802571 -4.594140
v 15.992723 6.115231 -4.801784
v 15.934923 6.099505 -4.778230
v 15.880979 6.071908 -4.756521
v 15.832962 6.033500 -4.737491
v 15.792719 5.985756 -4.721871
v 15.761797 5.930511 -4.710261
v 15.741383 5.869889 -4.703108
v 15.732263 5.806219 -4.700686
v 15.987864 6.115478 -4.826298
v 15.925388 6.099990 -4.826317
v 15.867136 6.072612 -4.826333
v 15.815344 6.034395 -4.826345
v 15.772002 5.986809 -4.826352
v 15.738777 5.931682 -4.826355
v 15.716946 5.871131 -4.826352
v 15.707346 5.807486 -4.826345
v 15.992741 6.115222 -4.850810
v 15.934958 6.099489 -4.874398
v 15.881027 6.071885 -4.896135
v 15.833024 6.033470 -4.915186
v 15.792792 5.985721 -4.930819
v 15.761878 5.930473 -4.942431
v 15.741469 5.869848 -4.949579
v 15.732350 5.806177 -4.951986
v 16.006615 6.114504 -4.871586
v 15.962173 6.098080 -4.915152
v 15.920538 6.069839 -4.955301
v 15.883312 6.030866 -4.990490
v 15.851925 5.982658 -5.019366
v 15.827582 5.927070 -5.040820
v 15.811220 5.866236 -5.054028
v 15.803469 5.802494 -5.058481
v 16.027374 6.113431 -4.885464
v 16.002892 6.095976 -4.942375
v 15.979653 6.066784 -4.994823
v 15.958551 6.026978 -5.040791
v 15.940396 5.978087 -5.078514
v 15.925887 5.921990 -5.106542
v 15.915581 5.860844 -5.123797
v 15.909873 5.796996 -5.129618
v 16.051857 6.112168 -4.890331
v 16.050915 6.093498 -4.951922
v 16.047287 6.022400 -5.058432
v 16.041826 5.916008 -5.129591
v 16.036491 4.614190 -5.168907
v 16.036390 5.808977 -5.169107
v 16.103189 4.614197 -5.162315
v 16.103088 5.808984 -5.162515
v 16.167318 4.614205 -5.142837
v 16.167217 5.808993 -5.143036
v 16.226416 4.614216 -5.111222
v 16.226315 5.809003 -5.111422
v 16.278210 4.614227 -5.068686
v 16.278109 5.809014 -5.068885
v 16.320711 4.614239 -5.016861
v 16.320610 5.809027 -5.017061
v 16.352283 4.614252 -4.957742
v 16.352182 5.809039 -4.957942
v 16.371717 4.614264 -4.893599
v 16.371616 5.809052 -4.893799
v 16.378263 4.614276 -4.826897
v 16.378162 5.809063 -4.827097
v 16.371670 4.614286 -4.760200
v 16.371569 5.809074 -4.760399
v 16.352192 4.614295 -4.696070
v 16.352091 5.809083 -4.696270
v 16.320578 4.614303 -4.636973
v 16.320477 5.809090 -4.637173
v 16.278040 4.614308 -4.585179
v 16.277939 5.809095 -4.585379
v 16.226217 4.614311 -4.542679
v 16.226116 5.809098 -4.542878
v 16.167097 4.614311 -4.511105
v 16.166996 5.809098 -4.511305
v 16.102955 4.614309 -4.491672
v 16.102854 5.809096 -4.491872
v 16.036253 4.614304 -4.485126
v 16.036152 5.809092 -4.485326
v 15.969555 4.614298 -4.491719
v 15.969454 5.809085 -4.491919
v 15.905426 4.614289 -4.511197
v 15.905325 5.809076 -4.511396
v 15.846328 4.614279 -4.542811
v 15.846228 5.809066 -4.543011
v 15.794534 4.614267 -4.585348
v 15.794434 5.809054 -4.585548
v 15.752033 4.614255 -4.637172
v 15.751933 5.809042 -4.637372
v 15.720460 4.614243 -4.696291
v 15.720360 5.809030 -4.696491
v 15.701027 4.614230 -4.760435
v 15.700926 5.809017 -4.760634
v 15.694481 4.614218 -4.827137
v 15.694381 5.809006 -4.827336
v 15.701074 4.614208 -4.893834
v 15.700974 5.808995 -4.894033
v 15.720551 4.614199 -4.957963
v 15.720451 5.808986 -4.958163
v 15.752167 4.614192 -5.017060
v 15.752066 5.808979 -5.017261
v 15.794703 4.614186 -5.068854
v 15.794602 5.808974 -5.069055
v 15.846527 4.614184 -5.111355
v 15.846426 5.808971 -5.111555
v 15.905647 4.614183 -5.142928
v 15.905546 5.808970 -5.143128
v 15.969790 4.614185 -5.162362
v 15.969689 5.808973 -5.162561
v 16.020851 4.313250 -4.826972
v 16.023764 4.368481 -5.009396
v 16.028461 4.458934 -5.099998
v 16.034575 4.577128 -5.149041
v 16.037876 4.641098 -5.155359
v 16.045677 4.318278 -4.886144
v 16.070198 4.335714 -4.943044
v 16.093473 4.364888 -4.995485
v 16.114609 4.404679 -5.041452
v 16.132790 4.453557 -5.079179
v 16.147318 4.509645 -5.107215
v 16.157637 4.570786 -5.124484
v 16.163349 4.634632 -5.130321
v 16.066425 4.317211 -4.872251
v 16.110899 4.333620 -4.915792
v 16.152561 4.361847 -4.955921
v 16.189812 4.400809 -4.991096
v 16.221220 4.449006 -5.019967
v 16.245577 4.504588 -5.041423
v 16.261948 4.565417 -5.054639
v 16.269703 4.629158 -5.059108
v 16.080286 4.316499 -4.851465
v 16.138086 4.332224 -4.875018
v 16.192032 4.359821 -4.896727
v 16.240047 4.398229 -4.915757
v 16.280291 4.445973 -4.931377
v 16.311213 4.501218 -4.942987
v 16.331627 4.561840 -4.950140
v 16.340748 4.625510 -4.952562
v 16.085146 4.316252 -4.826950
v 16.147621 4.331739 -4.826931
v 16.205873 4.359118 -4.826915
v 16.257666 4.397334 -4.826903
v 16.301006 4.444920 -4.826896
v 16.334232 4.500048 -4.826893
v 16.356064 4.560598 -4.826896
v 16.365664 4.624244 -4.826903
v 16.080269 4.316507 -4.802439
v 16.138052 4.332240 -4.778850
v 16.191982 4.359844 -4.757113
v 16.239985 4.398259 -4.738061
v 16.280216 4.446008 -4.722429
v 16.311131 4.501256 -4.710816
v 16.331539 4.561881 -4.703669
v 16.340660 4.625552 -4.701262
v 16.066395 4.317226 -4.781662
v 16.110836 4.333649 -4.738096
v 16.152472 4.361891 -4.697947
v 16.189697 4.400864 -4.662758
v 16.221085 4.449070 -4.633882
v 16.245426 4.504659 -4.612428
v 16.261789 4.565494 -4.599220
v 16.269541 4.629235 -4.594767
v 16.045635 4.318298 -4.767784
v 16.070118 4.335753 -4.710873
v 16.093357 4.364945 -4.658425
v 16.114458 4.404751 -4.612457
v 16.132612 4.453642 -4.574734
v 16.147121 4.509739 -4.546706
v 16.157429 4.570886 -4.529450
v 16.163137 4.634733 -4.523631
v 16.021152 4.319561 -4.762917
v 16.022095 4.338231 -4.701326
v 16.023636 4.368542 -4.644565
v 16.025723 4.409329 -4.594816
v 16.028271 4.459026 -4.553990
v 16.031183 4.515721 -4.523657
v 16.034348 4.577236 -4.504982
v 16.037645 4.641208 -4.498682
v 15.996675 4.320823 -4.767802
v 15.974077 4.340706 -4.710908
v 15.953927 4.372135 -4.658476
v 15.936998 4.413902 -4.612520
v 15.923943 4.464403 -4.574809
v 15.915260 4.521695 -4.546789
v 15.911285 4.583579 -4.529539
v 15.912170 4.647675 -4.523721
v 15.975925 4.321891 -4.781695
v 15.933376 4.342801 -4.738160
v 15.894839 4.375176 -4.698040
v 15.861794 4.417773 -4.662876
v 15.835511 4.468954 -4.634020
v 15.817001 4.526752 -4.612581
v 15.806974 4.588948 -4.599383
v 15.805817 4.653149 -4.594934
v 15.962066 4.322603 -4.802481
v 15.906190 4.344197 -4.778933
v 15.855370 4.377203 -4.757234
v 15.811560 4.420352 -4.738215
v 15.776442 4.471987 -4.722610
v 15.751366 4.530123 -4.711018
v 15.737296 4.592525 -4.703882
v 15.734774 4.656796 -4.701480
v 15.957205 4.322850 -4.826996
v 15.896655 4.344681 -4.827021
v 15.841527 4.377906 -4.827045
v 15.793941 4.421247 -4.827069
v 15.755724 4.473040 -4.827091
v 15.728346 4.531292 -4.827111
v 15.712859 4.593767 -4.827127
v 15.709857 4.658063 -4.827138
v 15.962083 4.322595 -4.851507
v 15.906223 4.344181 -4.875102
v 15.855419 4.377179 -4.896848
v 15.811622 4.420322 -4.915911
v 15.776514 4.471952 -4.931558
v 15.751448 4.530084 -4.943188
v 15.737383 4.592484 -4.950354
v 15.734861 4.656754 -4.952779
v 15.975958 4.321876 -4.872283
v 15.933439 4.342771 -4.915855
v 15.894930 4.375133 -4.956013
v 15.861909 4.417718 -4.991215
v 15.835647 4.468890 -5.020105
v 15.817151 4.526681 -5.041576
v 15.807134 4.588871 -5.054802
v 15.805979 4.653071 -5.059275
v 15.996716 4.320803 -4.886161
v 15.974158 4.340667 -4.943078
v 15.954044 4.372079 -4.995535
v 15.937149 4.413831 -5.041515
v 15.924119 4.464318 -5.079253
v 15.915457 4.521602 -5.107298
v 15.911493 4.583479 -5.124572
v 15.912384 4.647573 -5.130411
v 16.021198 4.319540 -4.891028
v 16.022182 4.338189 -4.952625
v 16.025885 4.409252 -5.059156
v 16.031395 4.515619 -5.130347
vn -0.0899 -0.0000 0.9960
vn -0.1215 -0.0000 0.9926
vn -0.1053 -0.4988 0.8603
vn -0.0779 -0.4991 0.8630
vn -0.0779 0.4991 0.8630
vn -0.1053 0.4988 0.8603
vn -0.0453 0.8635 0.5023
vn -0.0614 0.8631 0.5012
vn -0.0004 1.0000 0.0042
vn -0.0006 1.0000 0.0052
vn 0.0447 0.8671 -0.4961
vn 0.0604 0.8677 -0.4935
vn 0.0776 0.5027 -0.8609
vn 0.1049 0.5033 -0.8577
vn 0.0898 -0.0000 -0.9960
vn 0.1214 -0.0000 -0.9926
vn 0.0776 -0.5027 -0.8609
vn 0.1049 -0.5033 -0.8577
vn 0.0447 -0.8671 -0.4961
vn 0.0604 -0.8677 -0.4935
vn -0.0004 -1.0000 0.0042
vn -0.0006 -1.0000 0.0052
vn -0.0453 -0.8635 0.5023
vn -0.0614 -0.8631 0.5012
vn -0.1935 -0.0000 0.9811
vn -0.1678 -0.4982 0.8507
vn -0.1678 0.4982 0.8507
vn -0.0979 0.8625 0.4965
vn -0.0013 1.0000 0.0067
vn 0.0959 0.8683 -0.4866
vn 0.1670 0.5040 -0.8474
vn 0.1934 -0.0000 -0.9811
vn 0.1670 -0.5040 -0.8474
vn 0.0959 -0.8683 -0.4866
vn -0.0013 -1.0000 0.0067
vn -0.0979 -0.8625 0.4965
vn -0.2825 -0.0000 0.9593
vn -0.2451 -0.4975 0.8321
vn -0.2451 0.4975 0.8321
vn -0.1433 0.8618 0.4866
vn -0.0024 1.0000 0.0081
vn 0.1397 0.8690 -0.4747
vn 0.2438 0.5047 -0.8282
vn 0.2824 -0.0000 -0.9593
vn 0.2438 -0.5047 -0.8282
vn 0.1397 -0.8690 -0.4747
vn -0.0024 -1.0000 0.0081
vn -0.1433 -0.8618 0.4866
vn -0.3844 -0.0000 0.9232
vn -0.3335 -0.4971 0.8011
vn -0.3335 0.4971 0.8011
vn -0.1953 0.8613 0.4690
vn -0.0037 1.0000 0.0088
vn 0.1898 0.8695 -0.4560
vn 0.3316 0.5052 -0.7967
vn 0.3843 -0.0000 -0.9232
vn 0.3316 -0.5052 -0.7967
vn 0.1898 -0.8695 -0.4560
vn -0.0037 -1.0000 0.0088
vn -0.1953 -0.8613 0.4690
vn -0.4881 -0.0000 0.8728
vn -0.4236 -0.4970 0.7573
vn -0.4236 0.4970 0.7573
vn -0.2480 0.8613 0.4434
vn -0.0047 1.0000 0.0084
vn 0.2411 0.8695 -0.4310
vn 0.4213 0.5053 -0.7531
vn 0.4883 -0.0000 -0.8727
vn 0.4213 -0.5053 -0.7531
vn 0.2411 -0.8695 -0.4310
vn -0.0047 -1.0000 0.0084
vn -0.2480 -0.8613 0.4434
vn -0.5795 -0.0000 0.8150
vn -0.5027 -0.4976 0.7069
vn -0.5027 0.4976 0.7069
vn -0.2939 0.8618 0.4133
vn -0.0048 1.0000 0.0068
vn 0.2869 0.8690 -0.4032
vn 0.5005 0.5047 -0.7034
vn 0.5798 -0.0000 -0.8147
vn 0.5005 -0.5047 -0.7034
vn 0.2869 -0.8690 -0.4032
vn -0.0048 -1.0000 0.0068
vn -0.2939 -0.8618 0.4133
vn -0.6486 -0.0000 0.7611
vn -0.5623 -0.4984 0.6598
vn -0.5623 0.4984 0.6598
vn -0.3280 0.8627 0.3848
vn -0.0040 1.0000 0.0047
vn 0.3221 0.8680 -0.3778
vn 0.5605 0.5037 -0.6573
vn 0.6489 -0.0000 -0.7609
vn 0.5605 -0.5037 -0.6573
vn 0.3221 -0.8680 -0.3778
vn -0.0040 -1.0000 0.0047
vn -0.3280 -0.8627 0.3848
vn -0.6946 -0.0000 0.7194
vn -0.6018 -0.4993 0.6233
vn -0.6018 0.4993 0.6233
vn -0.3502 0.8636 0.3627
vn -0.0028 1.0000 0.0030
vn 0.3460 0.8671 -0.3583
vn 0.6005 0.5028 -0.6217
vn 0.6947 -0.0000 -0.7193
vn 0.6005 -0.5028 -0.6217
vn 0.3460 -0.8671 -0.3583
vn -0.0028 -1.0000 0.0030
vn -0.3502 -0.8636 0.3627
vn -0.7241 -0.0000 0.6897
vn -0.6272 -0.4998 0.5973
vn -0.6272 0.4998 0.5973
vn -0.3644 0.8642 0.3470
vn -0.0021 1.0000 0.0020
vn 0.3613 0.8666 -0.3441
vn 0.6262 0.5023 -0.5963
vn 0.7242 -0.0000 -0.6896
vn 0.6262 -0.5023 -0.5963
vn 0.3613 -0.8666 -0.3441
vn -0.0021 -1.0000 0.0020
vn -0.3644 -0.8642 0.3470
vn -0.7467 -0.0000 0.6652
vn -0.6467 -0.4999 0.5761
vn -0.6467 0.4999 0.5761
vn -0.3756 0.8643 0.3346
vn -0.0020 1.0000 0.0018
vn 0.3727 0.8665 -0.3320
vn 0.6457 0.5022 -0.5752
vn 0.7467 -0.0000 -0.6652
vn 0.6457 -0.5022 -0.5752
vn 0.3727 -0.8665 -0.3320
vn -0.0020 -1.0000 0.0018
vn -0.3756 -0.8643 0.3346
vn -0.7693 -0.0000 0.6389
vn -0.6663 -0.4998 0.5534
vn -0.6663 0.4998 0.5534
vn -0.3872 0.8641 0.3216
vn -0.0024 1.0000 0.0020
vn 0.3837 0.8667 -0.3187
vn 0.6651 0.5024 -0.5524
vn 0.7693 -0.0000 -0.6389
vn 0.6651 -0.5024 -0.5524
vn 0.3837 -0.8667 -0.3187
vn -0.0024 -1.0000 0.0020
vn -0.3872 -0.8641 0.3216
vn -0.7954 -0.0000 0.6061
vn -0.6891 -0.4994 0.5251
vn -0.6891 0.4994 0.5251
vn -0.4008 0.8637 0.3055
vn -0.0031 1.0000 0.0023
vn 0.3962 0.8671 -0.3020
vn 0.6875 0.5027 -0.5240
vn 0.7953 -0.0000 -0.6062
vn 0.6875 -0.5027 -0.5240
vn 0.3962 -0.8671 -0.3020
vn -0.0031 -1.0000 0.0023
vn -0.4008 -0.8637 0.3055
vn -0.8266 -0.0000 0.5628
vn -0.7163 -0.4989 0.4878
vn -0.7163 0.4989 0.4878
vn -0.4172 0.8633 0.2841
vn -0.0041 1.0000 0.0028
vn 0.4111 0.8675 -0.2800
vn 0.7142 0.5032 -0.4865
vn 0.8265 -0.0000 -0.5630
vn 0.7142 -0.5032 -0.4865
vn 0.4111 -0.8675 -0.2800
vn -0.0041 -1.0000 0.0028
vn -0.4172 -0.8633 0.2841
vn -0.8632 -0.0000 0.5049
vn -0.7484 -0.4984 0.4377
vn -0.7484 0.4984 0.4377
vn -0.4366 0.8627 0.2554
vn -0.0055 1.0000 0.0032
vn 0.4284 0.8681 -0.2507
vn 0.7455 0.5038 -0.4363
vn 0.8630 -0.0000 -0.5051
vn 0.7455 -0.5038 -0.4363
vn 0.4284 -0.8681 -0.2507
vn -0.0055 -1.0000 0.0032
vn -0.4366 -0.8627 0.2554
vn -0.9034 -0.0000 0.4289
vn -0.7835 -0.4977 0.3720
vn -0.7835 0.4977 0.3720
vn -0.4579 0.8620 0.2174
vn -0.0071 1.0000 0.0034
vn 0.4473 0.8688 -0.2125
vn 0.7799 0.5045 -0.3705
vn 0.9032 -0.0000 -0.4292
vn 0.7799 -0.5045 -0.3705
vn 0.4473 -0.8688 -0.2125
vn -0.0071 -1.0000 0.0034
vn -0.4579 -0.8620 0.2174
vn -0.9429 -0.0000 0.3332
vn -0.8181 -0.4971 0.2891
vn -0.8181 0.4971 0.2891
vn -0.4789 0.8614 0.1692
vn -0.0088 1.0000 0.0031
vn 0.4659 0.8694 -0.1647
vn 0.8137 0.5051 -0.2878
vn 0.9428 -0.0000 -0.3335
vn 0.8137 -0.5051 -0.2878
vn 0.4659 -0.8694 -0.1647
vn -0.0088 -1.0000 0.0031
vn -0.4789 -0.8614 0.1692
vn -0.9756 -0.0000 0.2195
vn -0.8467 -0.4967 0.1905
vn -0.8467 0.4967 0.1905
vn -0.4962 0.8610 0.1117
vn -0.0101 0.9999 0.0023
vn 0.4813 0.8698 -0.1084
vn 0.8417 0.5056 -0.1895
vn 0.9756 -0.0000 -0.2197
vn 0.8417 -0.5056 -0.1895
vn 0.4813 -0.8698 -0.1084
vn -0.0101 -0.9999 0.0023
vn -0.4962 -0.8610 0.1117
vn -0.9956 -0.0000 0.0937
vn -0.8642 -0.4965 0.0814
vn -0.8642 0.4965 0.0814
vn -0.5067 0.8608 0.0477
vn -0.0108 0.9999 0.0010
vn 0.4908 0.8700 -0.0462
vn 0.8589 0.5058 -0.0809
vn 0.9956 -0.0000 -0.0938
vn 0.8589 -0.5058 -0.0809
vn 0.4908 -0.8700 -0.0462
vn -0.0108 -0.9999 0.0010
vn -0.5067 -0.8608 0.0477
vn -0.9996 -0.0000 0.0288
vn -0.8681 -0.4958 0.0250
vn -0.8681 0.4958 0.0250
vn -0.5094 0.8604 0.0147
vn -0.0106 0.9999 0.0003
vn 0.4938 0.8695 -0.0142
vn 0.8628 0.5049 -0.0248
vn 0.9996 -0.0000 -0.0287
vn 0.8628 -0.5049 -0.0248
vn 0.4938 -0.8695 -0.0142
vn -0.0106 -0.9999 0.0003
vn -0.5094 -0.8604 0.0147
vn -1.0000 -0.0001 -0.0004
vn 1.0000 0.0001 0.0004
vn -0.0001 1.0000 -0.0002
vn -0.0003 0.0002 1.0000
vn 0.0003 -0.0002 -1.0000
vn 0.0001 -1.0000 0.0002
vn 0.5337 -0.8457 0.0003
vn -0.0004 0.0002 1.0000
vn -0.5336 -0.8458 -0.0000
vn 0.0004 -0.0002 -1.0000
vn -0.8285 -0.0001 0.5600
vn 0.8285 0.0001 -0.5600
vn -0.0002 1.0000 -0.0001
vn 0.5600 0.0002 0.8285
vn -0.5600 -0.0002 -0.8285
vn 0.0002 -1.0000 0.0001
vn 0.4422 -0.8457 -0.2988
vn -0.4420 -0.8458 0.2989
vn -0.6189 -0.0001 0.7855
vn 0.6189 0.0001 -0.7855
vn -0.0002 1.0000 -0.0000
vn 0.7855 0.0002 0.6189
vn -0.7855 -0.0002 -0.6189
vn 0.0002 -1.0000 -0.0000
vn 0.3304 -0.8457 -0.4191
vn -0.3301 -0.8458 0.4192
vn -0.2452 -0.0001 0.9695
vn 0.2452 0.0001 -0.9695
vn 0.9695 0.0002 0.2452
vn -0.9695 -0.0002 -0.2452
vn 0.1310 -0.8457 -0.5174
vn -0.1307 -0.8458 0.5173
vn 0.3830 -0.0001 -0.9237
vn 0.7074 -0.0001 -0.7069
vn 0.9240 -0.0000 -0.3824
vn 0.9237 0.0001 0.3830
vn 0.7069 0.0002 0.7074
vn 0.3824 0.0002 0.9240
vn -0.3830 0.0001 0.9237
vn -0.7074 0.0001 0.7069
vn -0.9240 -0.0000 0.3824
vn -0.9237 -0.0001 -0.3830
vn -0.7069 -0.0002 -0.7074
vn -0.3824 -0.0002 -0.9240
vn 0.1977 0.9105 -0.3632
vn 0.2582 0.8135 -0.5210
vn 0.0427 0.8246 -0.5640
vn 0.0475 0.9182 -0.3932
vn 0.3089 0.6860 -0.6588
vn 0.0364 0.7000 -0.7132
vn 0.3478 0.5327 -0.7716
vn 0.0286 0.5491 -0.8352
vn 0.3735 0.3596 -0.8551
vn 0.0198 0.3778 -0.9257
vn 0.3853 0.1731 -0.9064
vn 0.0103 0.1924 -0.9813
vn 0.3857 0.0781 -0.9193
vn 0.0054 0.0977 -0.9952
vn 0.1295 0.9730 -0.1912
vn 0.1965 0.9695 -0.1463
vn 0.3250 0.9039 -0.2780
vn 0.0515 0.9987 -0.0001
vn 0.6183 0.5188 -0.5904
vn 0.6734 0.3441 -0.6543
vn 0.7031 0.1567 -0.6936
vn 0.7081 0.0615 -0.7035
vn 0.2412 0.9672 -0.0792
vn 0.4100 0.8996 -0.1504
vn 0.4409 0.8041 -0.3987
vn 0.5399 0.6741 -0.5042
vn 0.8736 0.3338 -0.3540
vn 0.9154 0.1458 -0.3752
vn 0.9234 0.0505 -0.3805
vn 0.2569 0.9664 -0.0001
vn 0.4399 0.8981 -0.0000
vn 0.5629 0.7979 -0.2157
vn 0.6942 0.6661 -0.2728
vn 0.7990 0.5095 -0.3194
vn 0.9439 0.3303 0.0003
vn 0.9899 0.1420 0.0003
vn 0.9989 0.0466 0.0003
vn 0.2412 0.9673 0.0791
vn 0.4099 0.8996 0.1504
vn 0.6057 0.7957 0.0001
vn 0.7483 0.6634 0.0002
vn 0.8624 0.5063 0.0002
vn 0.9151 0.1459 0.3758
vn 0.9231 0.0506 0.3812
vn 0.1964 0.9696 0.1461
vn 0.3248 0.9040 0.2779
vn 0.5627 0.7979 0.2159
vn 0.6940 0.6662 0.2730
vn 0.7988 0.5096 0.3198
vn 0.8734 0.3340 0.3545
vn 0.7026 0.1569 0.6941
vn 0.7076 0.0618 0.7039
vn 0.1294 0.9730 0.1910
vn 0.1974 0.9106 0.3630
vn 0.4406 0.8043 0.3988
vn 0.5395 0.6742 0.5043
vn 0.6179 0.5190 0.5907
vn 0.6729 0.3443 0.6547
vn 0.0503 0.9771 0.2067
vn 0.0472 0.9184 0.3929
vn 0.2579 0.8137 0.5209
vn 0.3084 0.6862 0.6588
vn 0.3472 0.5329 0.7716
vn 0.3729 0.3598 0.8552
vn 0.3846 0.1734 0.9067
vn 0.3851 0.0784 0.9196
vn -0.0287 0.9812 0.1909
vn 0.0423 0.8248 0.5638
vn 0.0359 0.7002 0.7130
vn 0.0280 0.5494 0.8351
vn 0.0192 0.3781 0.9256
vn 0.0096 0.1927 0.9812
vn 0.0047 0.0981 0.9952
vn -0.1030 0.9261 0.3629
vn -0.1732 0.8359 0.5208
vn -0.2367 0.7143 0.6586
vn -0.2911 0.5659 0.7714
vn -0.3346 0.3963 0.8550
vn -0.3654 0.2120 0.9064
vn -0.3756 0.1177 0.9193
vn -0.0957 0.9846 0.1460
vn -0.2303 0.9327 0.2777
vn -0.3558 0.8453 0.3985
vn -0.4676 0.7262 0.5040
vn -0.5616 0.5798 0.5903
vn -0.6344 0.4118 0.6542
vn -0.6832 0.2284 0.6936
vn -0.6980 0.1342 0.7034
vn -0.1405 0.9869 0.0789
vn -0.3153 0.9370 0.1501
vn -0.4778 0.8516 0.2155
vn -0.6219 0.7341 0.2726
vn -0.7423 0.5891 0.3192
vn -0.8347 0.4220 0.3539
vn -0.8955 0.2393 0.3751
vn -0.9133 0.1453 0.3805
vn -0.1562 0.9877 -0.0002
vn -0.3452 0.9385 -0.0003
vn -0.6761 0.7368 -0.0004
vn -0.8057 0.5923 -0.0004
vn -0.9049 0.4256 -0.0004
vn -0.9700 0.2431 -0.0004
vn -0.9888 0.1491 -0.0004
vn -0.1404 0.9869 -0.0794
vn -0.3152 0.9370 -0.1507
vn -0.5206 0.8538 -0.0003
vn -0.6218 0.7340 -0.2732
vn -0.7421 0.5890 -0.3200
vn -0.8344 0.4219 -0.3546
vn -0.8953 0.2392 -0.3759
vn -0.9130 0.1452 -0.3812
vn -0.0956 0.9846 -0.1464
vn -0.2301 0.9326 -0.2782
vn -0.4777 0.8515 -0.2161
vn -0.5612 0.5796 -0.5908
vn -0.6339 0.4115 -0.6548
vn -0.6827 0.2282 -0.6941
vn -0.6975 0.1340 -0.7040
vn -0.0286 0.9811 -0.1912
vn -0.1027 0.9260 -0.3633
vn -0.3555 0.8452 -0.3990
vn -0.4673 0.7260 -0.5045
vn -0.2906 0.5656 -0.7718
vn -0.3340 0.3960 -0.8553
vn -0.3648 0.2117 -0.9067
vn -0.3750 0.1173 -0.9196
vn 0.0505 0.9770 -0.2070
vn -0.1728 0.8358 -0.5212
vn -0.2362 0.7141 -0.6590
vn 0.1954 -0.0001 -0.9807
vn 0.5559 -0.0001 -0.8313
vn 0.8317 -0.0000 -0.5553
vn 0.9809 0.0001 -0.1947
vn 0.9807 0.0001 0.1954
vn 0.9568 0.0001 0.2906
vn 0.6341 0.0002 0.7732
vn 0.5553 0.0002 0.8317
vn 0.1947 0.0002 0.9809
vn -0.1954 0.0001 0.9807
vn -0.5559 0.0001 0.8313
vn -0.8317 -0.0000 0.5553
vn -0.9809 -0.0001 0.1947
vn -0.9807 -0.0001 -0.1954
vn -0.8313 -0.0002 -0.5559
vn -0.5553 -0.0002 -0.8317
vn -0.1947 -0.0002 -0.9809
vn 0.1030 -0.9261 -0.3629
vn -0.0472 -0.9184 -0.3929
vn -0.0423 -0.8248 -0.5638
vn 0.1732 -0.8359 -0.5208
vn -0.0359 -0.7002 -0.7130
vn 0.2367 -0.7143 -0.6586
vn -0.0280 -0.5494 -0.8351
vn 0.2911 -0.5659 -0.7714
vn -0.0192 -0.3781 -0.9256
vn 0.3346 -0.3963 -0.8550
vn -0.0096 -0.1927 -0.9812
vn 0.3654 -0.2120 -0.9064
vn -0.0047 -0.0981 -0.9952
vn 0.3756 -0.1177 -0.9193
vn 0.0287 -0.9812 -0.1909
vn 0.2303 -0.9327 -0.2777
vn 0.0957 -0.9846 -0.1460
vn -0.0515 -0.9987 0.0001
vn 0.6344 -0.4118 -0.6542
vn 0.5616 -0.5798 -0.5903
vn 0.6832 -0.2284 -0.6936
vn 0.6980 -0.1342 -0.7034
vn 0.3153 -0.9370 -0.1501
vn 0.1405 -0.9869 -0.0789
vn 0.3558 -0.8453 -0.3985
vn 0.4676 -0.7262 -0.5040
vn 0.8955 -0.2393 -0.3751
vn 0.8347 -0.4220 -0.3539
vn 0.9133 -0.1453 -0.3805
vn 0.3452 -0.9385 0.0003
vn 0.1562 -0.9877 0.0002
vn 0.4778 -0.8516 -0.2155
vn 0.6219 -0.7341 -0.2726
vn 0.7423 -0.5891 -0.3192
vn 0.9700 -0.2431 0.0004
vn 0.9049 -0.4256 0.0004
vn 0.9888 -0.1491 0.0004
vn 0.3152 -0.9370 0.1507
vn 0.1404 -0.9869 0.0794
vn 0.5206 -0.8538 0.0003
vn 0.6761 -0.7368 0.0004
vn 0.8057 -0.5923 0.0004
vn 0.9130 -0.1452 0.3812
vn 0.8953 -0.2392 0.3759
vn 0.2301 -0.9326 0.2782
vn 0.0956 -0.9846 0.1464
vn 0.4777 -0.8515 0.2161
vn 0.6218 -0.7340 0.2732
vn 0.7421 -0.5890 0.3200
vn 0.8344 -0.4219 0.3546
vn 0.6975 -0.1340 0.7040
vn 0.6827 -0.2282 0.6941
vn 0.1027 -0.9260 0.3633
vn 0.0286 -0.9811 0.1912
vn 0.3555 -0.8452 0.3990
vn 0.4673 -0.7260 0.5045
vn 0.5612 -0.5796 0.5908
vn 0.6339 -0.4115 0.6548
vn -0.0475 -0.9182 0.3932
vn -0.0505 -0.9770 0.2070
vn 0.1728 -0.8358 0.5212
vn 0.2362 -0.7141 0.6590
vn 0.2906 -0.5656 0.7718
vn 0.3340 -0.3960 0.8553
vn 0.3648 -0.2117 0.9067
vn 0.3750 -0.1173 0.9196
vn -0.1295 -0.9730 0.1912
vn -0.0427 -0.8246 0.5640
vn -0.0364 -0.7000 0.7132
vn -0.0286 -0.5491 0.8352
vn -0.0198 -0.3778 0.9257
vn -0.0103 -0.1924 0.9813
vn -0.0054 -0.0977 0.9952
vn -0.1977 -0.9105 0.3632
vn -0.2582 -0.8135 0.5210
vn -0.3089 -0.6860 0.6588
vn -0.3478 -0.5327 0.7716
vn -0.3735 -0.3596 0.8551
vn -0.3853 -0.1731 0.9064
vn -0.3857 -0.0781 0.9193
vn -0.3250 -0.9039 0.2780
vn -0.1965 -0.9695 0.1463
vn -0.4409 -0.8041 0.3987
vn -0.5399 -0.6741 0.5042
vn -0.6183 -0.5188 0.5904
vn -0.6734 -0.3441 0.6543
vn -0.7031 -0.1567 0.6936
vn -0.7081 -0.0615 0.7035
vn -0.4100 -0.8996 0.1504
vn -0.2412 -0.9672 0.0792
vn -0.6942 -0.6661 0.2728
vn -0.5629 -0.7979 0.2157
vn -0.7990 -0.5095 0.3194
vn -0.8736 -0.3338 0.3540
vn -0.9154 -0.1458 0.3752
vn -0.9234 -0.0505 0.3805
vn -0.4399 -0.8981 -0.0000
vn -0.2569 -0.9664 0.0001
vn -0.8624 -0.5063 -0.0002
vn -0.7483 -0.6634 -0.0002
vn -0.9439 -0.3303 -0.0003
vn -0.9899 -0.1420 -0.0003
vn -0.9989 -0.0466 -0.0003
vn -0.4099 -0.8996 -0.1504
vn -0.2412 -0.9673 -0.0791
vn -0.6057 -0.7957 -0.0001
vn -0.7988 -0.5096 -0.3198
vn -0.6940 -0.6662 -0.2730
vn -0.8734 -0.3340 -0.3545
vn -0.9151 -0.1459 -0.3758
vn -0.9231 -0.0506 -0.3812
vn -0.3248 -0.9040 -0.2779
vn -0.1964 -0.9696 -0.1461
vn -0.5627 -0.7979 -0.2159
vn -0.6729 -0.3443 -0.6547
vn -0.6179 -0.5190 -0.5907
vn -0.7026 -0.1569 -0.6941
vn -0.7076 -0.0618 -0.7039
vn -0.1974 -0.9106 -0.3630
vn -0.1294 -0.9730 -0.1910
vn -0.4406 -0.8043 -0.3988
vn -0.5395 -0.6742 -0.5043
vn -0.3729 -0.3598 -0.8552
vn -0.3472 -0.5329 -0.7716
vn -0.3846 -0.1734 -0.9067
vn -0.3851 -0.0784 -0.9196
vn -0.0503 -0.9771 -0.2067
vn -0.2579 -0.8137 -0.5209
vn -0.3084 -0.6862 -0.6588
vn -0.7424 0.5891 0.3192
vt 0.197840 0.000480
vt 0.197936 0.120412
vt 0.189700 0.120403
vt 0.189604 0.000519
vt 0.108376 0.000519
vt 0.108281 0.120403
vt 0.100045 0.120412
vt 0.100140 0.000480
vt 0.116365 0.000656
vt 0.116272 0.120387
vt 0.124589 0.000859
vt 0.124507 0.120368
vt 0.132806 0.001067
vt 0.132744 0.120349
vt 0.140777 0.001217
vt 0.140744 0.120336
vt 0.148990 0.001275
vt 0.148990 0.120330
vt 0.157203 0.001217
vt 0.157236 0.120336
vt 0.165175 0.001067
vt 0.165236 0.120349
vt 0.173392 0.000859
vt 0.173473 0.120368
vt 0.181615 0.000656
vt 0.181708 0.120387
vt 0.197902 0.213715
vt 0.189665 0.213718
vt 0.108315 0.213718
vt 0.100079 0.213715
vt 0.116306 0.213710
vt 0.124537 0.213695
vt 0.132767 0.213678
vt 0.140756 0.213665
vt 0.148990 0.213659
vt 0.157224 0.213665
vt 0.165213 0.213678
vt 0.173444 0.213695
vt 0.181674 0.213710
vt 0.197912 0.286775
vt 0.189675 0.286783
vt 0.108305 0.286783
vt 0.100068 0.286775
vt 0.116296 0.286784
vt 0.124528 0.286779
vt 0.132759 0.286771
vt 0.140752 0.286764
vt 0.148990 0.286761
vt 0.157229 0.286764
vt 0.165221 0.286771
vt 0.173453 0.286779
vt 0.181684 0.286784
vt 0.197955 0.344871
vt 0.189717 0.344886
vt 0.108264 0.344886
vt 0.100025 0.344871
vt 0.116258 0.344893
vt 0.124496 0.344893
vt 0.132736 0.344888
vt 0.140740 0.344883
vt 0.148990 0.344882
vt 0.157241 0.344883
vt 0.165244 0.344888
vt 0.173485 0.344893
vt 0.181722 0.344893
vt 0.198092 0.392586
vt 0.189846 0.392585
vt 0.108135 0.392585
vt 0.099888 0.392586
vt 0.116153 0.392574
vt 0.124425 0.392557
vt 0.132702 0.392538
vt 0.140730 0.392525
vt 0.148990 0.392520
vt 0.157250 0.392525
vt 0.165279 0.392538
vt 0.173555 0.392557
vt 0.181828 0.392574
vt 0.197974 0.433575
vt 0.189736 0.433548
vt 0.108245 0.433548
vt 0.100007 0.433575
vt 0.116240 0.433504
vt 0.124479 0.433453
vt 0.132723 0.433405
vt 0.140732 0.433371
vt 0.148990 0.433358
vt 0.157248 0.433371
vt 0.165257 0.433405
vt 0.173501 0.433453
vt 0.181741 0.433504
vt 0.197908 0.470505
vt 0.189672 0.470475
vt 0.108308 0.470475
vt 0.100072 0.470505
vt 0.116299 0.470420
vt 0.124529 0.470349
vt 0.132760 0.470279
vt 0.140752 0.470230
vt 0.148990 0.470212
vt 0.157228 0.470230
vt 0.165220 0.470279
vt 0.173451 0.470349
vt 0.181682 0.470420
vt 0.197859 0.505256
vt 0.189624 0.505233
vt 0.108357 0.505233
vt 0.100121 0.505256
vt 0.116346 0.505185
vt 0.124571 0.505122
vt 0.132793 0.505061
vt 0.140770 0.505019
vt 0.148990 0.505003
vt 0.157210 0.505019
vt 0.165187 0.505061
vt 0.173409 0.505122
vt 0.181635 0.505185
vt 0.197836 0.539021
vt 0.189600 0.539008
vt 0.108380 0.539008
vt 0.100145 0.539021
vt 0.116369 0.538984
vt 0.124592 0.538953
vt 0.132809 0.538923
vt 0.140780 0.538903
vt 0.148990 0.538896
vt 0.157201 0.538903
vt 0.165171 0.538923
vt 0.173388 0.538953
vt 0.181612 0.538984
vt 0.197813 0.572471
vt 0.189581 0.572474
vt 0.108399 0.572474
vt 0.100167 0.572471
vt 0.116380 0.572478
vt 0.124594 0.572481
vt 0.132804 0.572483
vt 0.140773 0.572485
vt 0.148990 0.572485
vt 0.157207 0.572485
vt 0.165177 0.572483
vt 0.173386 0.572481
vt 0.181600 0.572478
vt 0.197869 0.605919
vt 0.189633 0.605933
vt 0.108348 0.605933
vt 0.100112 0.605919
vt 0.116338 0.605954
vt 0.124566 0.605981
vt 0.132790 0.606005
vt 0.140769 0.606022
vt 0.148990 0.606028
vt 0.157211 0.606022
vt 0.165191 0.606005
vt 0.173415 0.605981
vt 0.181643 0.605954
vt 0.197886 0.639552
vt 0.189650 0.639565
vt 0.108330 0.639565
vt 0.100094 0.639552
vt 0.116321 0.639594
vt 0.124551 0.639634
vt 0.132779 0.639673
vt 0.140763 0.639700
vt 0.148990 0.639710
vt 0.157217 0.639700
vt 0.165201 0.639673
vt 0.173429 0.639634
vt 0.181659 0.639594
vt 0.197896 0.673535
vt 0.189660 0.673551
vt 0.108320 0.673551
vt 0.100084 0.673535
vt 0.116311 0.673585
vt 0.124542 0.673633
vt 0.132771 0.673680
vt 0.140759 0.673714
vt 0.148990 0.673727
vt 0.157222 0.673714
vt 0.165209 0.673680
vt 0.173439 0.673633
vt 0.181669 0.673585
vt 0.197911 0.708105
vt 0.189675 0.708120
vt 0.108305 0.708120
vt 0.100069 0.708105
vt 0.116297 0.708156
vt 0.124529 0.708206
vt 0.132761 0.708255
vt 0.140753 0.708290
vt 0.148990 0.708305
vt 0.157228 0.708290
vt 0.165219 0.708255
vt 0.173451 0.708206
vt 0.181683 0.708156
vt 0.197929 0.743595
vt 0.189692 0.743604
vt 0.108288 0.743603
vt 0.100051 0.743595
vt 0.116280 0.743633
vt 0.124513 0.743675
vt 0.132749 0.743718
vt 0.140746 0.743750
vt 0.148990 0.743763
vt 0.157235 0.743750
vt 0.165232 0.743719
vt 0.173467 0.743676
vt 0.181700 0.743633
vt 0.197946 0.780486
vt 0.189710 0.780489
vt 0.108271 0.780489
vt 0.100035 0.780486
vt 0.116262 0.780507
vt 0.124496 0.780535
vt 0.132735 0.780563
vt 0.140738 0.780583
vt 0.148990 0.780592
vt 0.157242 0.780583
vt 0.165245 0.780563
vt 0.173484 0.780535
vt 0.181718 0.780507
vt 0.198009 0.819502
vt 0.189772 0.819514
vt 0.108209 0.819514
vt 0.099971 0.819502
vt 0.116204 0.819521
vt 0.124447 0.819523
vt 0.132698 0.819519
vt 0.140719 0.819516
vt 0.148990 0.819514
vt 0.157262 0.819516
vt 0.165281 0.819519
vt 0.173533 0.819523
vt 0.181776 0.819521
vt 0.198174 0.861916
vt 0.189932 0.861877
vt 0.108047 0.861877
vt 0.099806 0.861916
vt 0.116056 0.861788
vt 0.124325 0.861661
vt 0.132616 0.861530
vt 0.140679 0.861434
vt 0.148990 0.861395
vt 0.157301 0.861434
vt 0.165364 0.861530
vt 0.173656 0.861661
vt 0.181924 0.861788
vt 0.197373 0.909843
vt 0.189139 0.909610
vt 0.108842 0.909610
vt 0.100607 0.909843
vt 0.116809 0.909072
vt 0.124970 0.908329
vt 0.133082 0.907589
vt 0.140923 0.907065
vt 0.148990 0.906873
vt 0.157057 0.907065
vt 0.164898 0.907589
vt 0.173010 0.908329
vt 0.181171 0.909072
vt 0.098513 0.000480
vt 0.098609 0.120413
vt 0.090373 0.120403
vt 0.090278 0.000519
vt 0.009050 0.000519
vt 0.008954 0.120403
vt 0.000718 0.120413
vt 0.000814 0.000480
vt 0.017038 0.000656
vt 0.016946 0.120387
vt 0.025262 0.000859
vt 0.025180 0.120368
vt 0.033479 0.001067
vt 0.033418 0.120349
vt 0.041451 0.001217
vt 0.041417 0.120336
vt 0.049663 0.001275
vt 0.049664 0.120330
vt 0.057876 0.001217
vt 0.057910 0.120336
vt 0.065848 0.001067
vt 0.065909 0.120349
vt 0.074065 0.000859
vt 0.074147 0.120368
vt 0.082289 0.000656
vt 0.082381 0.120387
vt 0.098575 0.213716
vt 0.090338 0.213718
vt 0.008988 0.213718
vt 0.000752 0.213716
vt 0.016979 0.213711
vt 0.025210 0.213695
vt 0.033440 0.213678
vt 0.041430 0.213665
vt 0.049664 0.213660
vt 0.057897 0.213665
vt 0.065886 0.213678
vt 0.074117 0.213695
vt 0.082347 0.213711
vt 0.098585 0.286776
vt 0.090348 0.286783
vt 0.008978 0.286783
vt 0.000742 0.286776
vt 0.016970 0.286784
vt 0.025201 0.286779
vt 0.033433 0.286771
vt 0.041425 0.286764
vt 0.049664 0.286762
vt 0.057902 0.286764
vt 0.065894 0.286771
vt 0.074126 0.286779
vt 0.082358 0.286784
vt 0.098628 0.344872
vt 0.090390 0.344886
vt 0.008937 0.344886
vt 0.000699 0.344872
vt 0.016932 0.344894
vt 0.025169 0.344894
vt 0.033409 0.344888
vt 0.041413 0.344883
vt 0.049664 0.344882
vt 0.057914 0.344883
vt 0.065917 0.344888
vt 0.074158 0.344894
vt 0.082395 0.344894
vt 0.098765 0.392586
vt 0.090519 0.392586
vt 0.008808 0.392586
vt 0.000561 0.392586
vt 0.016826 0.392575
vt 0.025098 0.392557
vt 0.033375 0.392539
vt 0.041403 0.392525
vt 0.049664 0.392521
vt 0.057923 0.392525
vt 0.065952 0.392539
vt 0.074229 0.392557
vt 0.082501 0.392575
vt 0.098647 0.433575
vt 0.090409 0.433548
vt 0.008918 0.433548
vt 0.000680 0.433575
vt 0.016913 0.433505
vt 0.025152 0.433453
vt 0.033396 0.433405
vt 0.041405 0.433372
vt 0.049664 0.433358
vt 0.057922 0.433372
vt 0.065930 0.433405
vt 0.074175 0.433453
vt 0.082414 0.433505
vt 0.098581 0.470505
vt 0.090345 0.470476
vt 0.008981 0.470476
vt 0.000746 0.470505
vt 0.016972 0.470420
vt 0.025202 0.470349
vt 0.033433 0.470279
vt 0.041426 0.470231
vt 0.049664 0.470212
vt 0.057902 0.470231
vt 0.065893 0.470279
vt 0.074125 0.470349
vt 0.082355 0.470420
vt 0.098533 0.505257
vt 0.090297 0.505233
vt 0.009030 0.505233
vt 0.000794 0.505257
vt 0.017019 0.505186
vt 0.025245 0.505122
vt 0.033466 0.505062
vt 0.041444 0.505019
vt 0.049664 0.505003
vt 0.057883 0.505019
vt 0.065860 0.505062
vt 0.074082 0.505122
vt 0.082308 0.505186
vt 0.098509 0.539021
vt 0.090273 0.539008
vt 0.009054 0.539008
vt 0.000818 0.539021
vt 0.017042 0.538985
vt 0.025266 0.538953
vt 0.033482 0.538923
vt 0.041453 0.538903
vt 0.049664 0.538897
vt 0.057874 0.538903
vt 0.065844 0.538923
vt 0.074061 0.538953
vt 0.082285 0.538985
vt 0.098487 0.572471
vt 0.090255 0.572474
vt 0.009072 0.572474
vt 0.000840 0.572471
vt 0.017053 0.572478
vt 0.025267 0.572481
vt 0.033477 0.572484
vt 0.041446 0.572485
vt 0.049663 0.572485
vt 0.057880 0.572485
vt 0.065850 0.572484
vt 0.074060 0.572481
vt 0.082274 0.572478
vt 0.098542 0.605919
vt 0.090306 0.605933
vt 0.009021 0.605933
vt 0.000785 0.605919
vt 0.017011 0.605954
vt 0.025239 0.605981
vt 0.033463 0.606005
vt 0.041442 0.606022
vt 0.049664 0.606028
vt 0.057884 0.606022
vt 0.065864 0.606005
vt 0.074088 0.605981
vt 0.082316 0.605954
vt 0.098559 0.639552
vt 0.090323 0.639565
vt 0.009003 0.639565
vt 0.000767 0.639552
vt 0.016994 0.639595
vt 0.025224 0.639634
vt 0.033452 0.639673
vt 0.041436 0.639700
vt 0.049664 0.639710
vt 0.057890 0.639700
vt 0.065874 0.639673
vt 0.074102 0.639634
vt 0.082332 0.639595
vt 0.098570 0.673535
vt 0.090333 0.673551
vt 0.008993 0.673551
vt 0.000757 0.673535
vt 0.016984 0.673585
vt 0.025215 0.673633
vt 0.033444 0.673680
vt 0.041432 0.673714
vt 0.049664 0.673727
vt 0.057895 0.673714
vt 0.065882 0.673680
vt 0.074112 0.673633
vt 0.082342 0.673585
vt 0.098585 0.708105
vt 0.090348 0.708120
vt 0.008979 0.708120
vt 0.000742 0.708105
vt 0.016970 0.708156
vt 0.025202 0.708206
vt 0.033434 0.708255
vt 0.041426 0.708291
vt 0.049664 0.708305
vt 0.057901 0.708291
vt 0.065893 0.708255
vt 0.074125 0.708206
vt 0.082356 0.708156
vt 0.098602 0.743595
vt 0.090366 0.743604
vt 0.008961 0.743604
vt 0.000724 0.743595
vt 0.016953 0.743633
vt 0.025186 0.743676
vt 0.033422 0.743718
vt 0.041419 0.743750
vt 0.049664 0.743763
vt 0.057908 0.743750
vt 0.065905 0.743718
vt 0.074140 0.743676
vt 0.082374 0.743633
vt 0.098619 0.780486
vt 0.090383 0.780489
vt 0.008944 0.780489
vt 0.000708 0.780486
vt 0.016935 0.780508
vt 0.025170 0.780535
vt 0.033408 0.780563
vt 0.041411 0.780583
vt 0.049664 0.780592
vt 0.057916 0.780583
vt 0.065919 0.780563
vt 0.074157 0.780535
vt 0.082391 0.780508
vt 0.098683 0.819502
vt 0.090445 0.819514
vt 0.008882 0.819514
vt 0.000644 0.819502
vt 0.016877 0.819522
vt 0.025120 0.819523
vt 0.033372 0.819520
vt 0.041392 0.819516
vt 0.049664 0.819514
vt 0.057935 0.819516
vt 0.065955 0.819520
vt 0.074207 0.819523
vt 0.082449 0.819522
vt 0.098847 0.861916
vt 0.090606 0.861877
vt 0.008721 0.861877
vt 0.000480 0.861916
vt 0.016729 0.861788
vt 0.024998 0.861661
vt 0.033289 0.861531
vt 0.041352 0.861434
vt 0.049664 0.861395
vt 0.057975 0.861434
vt 0.066037 0.861531
vt 0.074329 0.861661
vt 0.082598 0.861788
vt 0.098046 0.909843
vt 0.089812 0.909610
vt 0.009515 0.909610
vt 0.001280 0.909843
vt 0.017483 0.909072
vt 0.025644 0.908329
vt 0.033755 0.907589
vt 0.041596 0.907066
vt 0.049663 0.906873
vt 0.057730 0.907066
vt 0.065571 0.907589
vt 0.073683 0.908329
vt 0.081844 0.909072
vt 0.370186 0.843545
vt 0.370186 0.628141
vt 0.542728 0.628141
vt 0.542728 0.843545
vt 0.653476 0.215884
vt 0.653476 0.000480
vt 0.826018 0.000480
vt 0.826018 0.215884
vt 0.913249 0.000480
vt 0.999520 0.000480
vt 0.999520 0.173022
vt 0.913249 0.173022
vt 0.826978 0.000480
vt 0.826978 0.173022
vt 0.492355 0.627181
vt 0.420559 0.627181
vt 0.456457 0.606658
vt 0.594061 0.382123
vt 0.665857 0.382123
vt 0.629959 0.402647
vt 0.543688 0.680821
vt 0.724130 0.680821
vt 0.724130 0.755903
vt 0.543688 0.755903
vt 0.543688 0.808583
vt 0.724129 0.808583
vt 0.542728 0.382123
vt 0.542728 0.597527
vt 0.456457 0.382123
vt 0.370186 0.597527
vt 0.370186 0.382123
vt 0.543688 0.628141
vt 0.724130 0.628141
vt 0.543688 0.627181
vt 0.543688 0.411777
vt 0.629959 0.627181
vt 0.716230 0.411777
vt 0.716230 0.627181
vt 0.935352 0.772757
vt 0.940320 0.772922
vt 0.946384 0.799771
vt 0.930611 0.799785
vt 0.945018 0.771119
vt 0.960966 0.793692
vt 0.948755 0.767651
vt 0.972148 0.782479
vt 0.950902 0.763009
vt 0.978212 0.767820
vt 0.951133 0.757903
vt 0.978212 0.751940
vt 0.949418 0.753112
vt 0.972127 0.737270
vt 0.946030 0.749367
vt 0.960879 0.726078
vt 0.941504 0.747232
vt 0.946209 0.720106
vt 0.936544 0.747028
vt 0.930412 0.720276
vt 0.931920 0.748793
vt 0.915959 0.726524
vt 0.928362 0.752285
vt 0.905054 0.737795
vt 0.926485 0.757001
vt 0.899220 0.752289
vt 0.926140 0.762190
vt 0.899164 0.767953
vt 0.927664 0.766974
vt 0.905039 0.782515
vt 0.930904 0.770681
vt 0.916079 0.793719
vt 0.728406 0.604229
vt 0.721128 0.596950
vt 0.717189 0.587441
vt 0.717189 0.577148
vt 0.721128 0.567638
vt 0.728407 0.560360
vt 0.737916 0.556421
vt 0.748209 0.556421
vt 0.757719 0.560360
vt 0.764997 0.567638
vt 0.768936 0.577148
vt 0.768936 0.587441
vt 0.764997 0.596950
vt 0.757718 0.604229
vt 0.748209 0.608168
vt 0.737916 0.608168
vt 0.828603 0.719204
vt 0.837463 0.721120
vt 0.833306 0.730512
vt 0.825864 0.725387
vt 0.846743 0.723173
vt 0.841269 0.735971
vt 0.857040 0.725489
vt 0.849759 0.741888
vt 0.868436 0.727915
vt 0.859653 0.748790
vt 0.881815 0.730926
vt 0.870574 0.756455
vt 0.897943 0.734629
vt 0.883145 0.765420
vt 0.820069 0.717356
vt 0.820109 0.714000
vt 0.828654 0.712445
vt 0.811655 0.715545
vt 0.857670 0.707327
vt 0.869213 0.705356
vt 0.882773 0.702908
vt 0.898205 0.700297
vt 0.818888 0.710873
vt 0.826205 0.706161
vt 0.837616 0.710791
vt 0.847237 0.709156
vt 0.861106 0.684067
vt 0.872689 0.676611
vt 0.886668 0.668165
vt 0.816540 0.708468
vt 0.821503 0.701288
vt 0.833786 0.701193
vt 0.841949 0.696092
vt 0.850979 0.690292
vt 0.845223 0.667369
vt 0.853010 0.655972
vt 0.862937 0.641864
vt 0.813459 0.707122
vt 0.815278 0.698567
vt 0.826614 0.693781
vt 0.832254 0.685890
vt 0.838230 0.677063
vt 0.826768 0.644443
vt 0.830012 0.628141
vt 0.810100 0.707093
vt 0.808499 0.698542
vt 0.817143 0.689696
vt 0.819299 0.680222
vt 0.821377 0.669767
vt 0.824052 0.658064
vt 0.798218 0.644233
vt 0.794958 0.628142
vt 0.806980 0.708326
vt 0.802195 0.701018
vt 0.806814 0.689590
vt 0.805150 0.680010
vt 0.803035 0.669574
vt 0.800981 0.657778
vt 0.804569 0.710666
vt 0.797405 0.705783
vt 0.797230 0.693441
vt 0.792028 0.685254
vt 0.786075 0.676453
vt 0.779661 0.666389
vt 0.771937 0.654995
vt 0.762809 0.641463
vt 0.803237 0.713748
vt 0.789888 0.700679
vt 0.781946 0.695124
vt 0.773090 0.689292
vt 0.763334 0.682479
vt 0.751870 0.674940
vt 0.738307 0.665967
vt 0.794739 0.711953
vt 0.785865 0.710173
vt 0.776425 0.708081
vt 0.766035 0.706089
vt 0.754444 0.703539
vt 0.741006 0.700972
vt 0.725089 0.697883
vt 0.803204 0.717104
vt 0.794660 0.718684
vt 0.785793 0.720449
vt 0.776289 0.722131
vt 0.765951 0.724264
vt 0.754295 0.726340
vt 0.740933 0.729104
vt 0.725089 0.732330
vt 0.804455 0.720210
vt 0.797170 0.724943
vt 0.789655 0.729959
vt 0.781531 0.735141
vt 0.772813 0.741052
vt 0.762860 0.747413
vt 0.751600 0.755056
vt 0.738231 0.764071
vt 0.806780 0.722616
vt 0.801872 0.729769
vt 0.791329 0.745141
vt 0.785542 0.753916
vt 0.778790 0.763573
vt 0.771324 0.774906
vt 0.762443 0.788305
vt 0.809853 0.723951
vt 0.808045 0.732426
vt 0.796848 0.737262
vt 0.804181 0.750633
vt 0.802182 0.760932
vt 0.799630 0.772408
vt 0.797058 0.785689
vt 0.793975 0.801404
vt 0.813201 0.723988
vt 0.814763 0.732516
vt 0.806269 0.741257
vt 0.820210 0.761082
vt 0.822210 0.772645
vt 0.824866 0.785858
vt 0.827974 0.801479
vt 0.816320 0.722766
vt 0.821009 0.730050
vt 0.816484 0.741350
vt 0.818140 0.750812
vt 0.836934 0.754380
vt 0.843175 0.764343
vt 0.850569 0.775532
vt 0.859246 0.788706
vt 0.818720 0.720428
vt 0.825918 0.737534
vt 0.831146 0.745662
vt 0.426305 0.254269
vt 0.652516 0.254269
vt 0.652516 0.266959
vt 0.426305 0.266959
vt 0.652516 0.279648
vt 0.426305 0.279648
vt 0.652516 0.292337
vt 0.426305 0.292337
vt 0.652516 0.305027
vt 0.426305 0.305027
vt 0.652516 0.317716
vt 0.426305 0.317716
vt 0.652516 0.330406
vt 0.426305 0.330406
vt 0.652516 0.343095
vt 0.426305 0.343095
vt 0.652516 0.355785
vt 0.426305 0.355785
vt 0.652516 0.368475
vt 0.426305 0.368475
vt 0.652516 0.381164
vt 0.426305 0.381164
vt 0.426305 0.000480
vt 0.652516 0.000480
vt 0.652516 0.013170
vt 0.426305 0.013170
vt 0.652516 0.025859
vt 0.426305 0.025859
vt 0.652516 0.038548
vt 0.426305 0.038548
vt 0.652516 0.051238
vt 0.426305 0.051238
vt 0.652516 0.063927
vt 0.426305 0.063927
vt 0.652516 0.076616
vt 0.426305 0.076616
vt 0.652516 0.089306
vt 0.426305 0.089306
vt 0.652516 0.101995
vt 0.426305 0.101995
vt 0.652516 0.114685
vt 0.426305 0.114685
vt 0.652516 0.127374
vt 0.426305 0.127374
vt 0.652516 0.140064
vt 0.426305 0.140064
vt 0.652516 0.152753
vt 0.426305 0.152753
vt 0.652516 0.165443
vt 0.426305 0.165443
vt 0.652516 0.178132
vt 0.426305 0.178132
vt 0.652516 0.190822
vt 0.426305 0.190822
vt 0.652516 0.203511
vt 0.426305 0.203511
vt 0.652516 0.216201
vt 0.426305 0.216201
vt 0.652516 0.228890
vt 0.426305 0.228890
vt 0.736685 0.219319
vt 0.748409 0.224175
vt 0.758960 0.231225
vt 0.767932 0.240198
vt 0.774983 0.250749
vt 0.779838 0.262473
vt 0.782314 0.274918
vt 0.782314 0.287608
vt 0.779838 0.300053
vt 0.774982 0.311777
vt 0.767932 0.322328
vt 0.758959 0.331300
vt 0.748408 0.338350
vt 0.736685 0.343206
vt 0.724239 0.345682
vt 0.711549 0.345682
vt 0.699104 0.343206
vt 0.687381 0.338350
vt 0.676829 0.331300
vt 0.667856 0.322327
vt 0.660807 0.311776
vt 0.655951 0.300053
vt 0.653476 0.287607
vt 0.653476 0.274917
vt 0.655951 0.262472
vt 0.660807 0.250748
vt 0.667857 0.240197
vt 0.676830 0.231224
vt 0.687381 0.224175
vt 0.699104 0.219319
vt 0.711551 0.216843
vt 0.724240 0.216844
vt 0.652516 0.241579
vt 0.426305 0.241579
vt 0.244762 0.835974
vt 0.233039 0.831118
vt 0.222488 0.824068
vt 0.213515 0.815095
vt 0.206465 0.804544
vt 0.201608 0.792821
vt 0.199133 0.780375
vt 0.199133 0.767686
vt 0.201608 0.755240
vt 0.206465 0.743516
vt 0.213514 0.732965
vt 0.222487 0.723993
vt 0.233038 0.716943
vt 0.244761 0.712087
vt 0.257208 0.709611
vt 0.269896 0.709611
vt 0.282342 0.712087
vt 0.294066 0.716943
vt 0.304617 0.723993
vt 0.313590 0.732965
vt 0.320640 0.743516
vt 0.325496 0.755240
vt 0.327971 0.767685
vt 0.327971 0.780375
vt 0.325496 0.792820
vt 0.320640 0.804544
vt 0.313590 0.815095
vt 0.304617 0.824068
vt 0.294066 0.831118
vt 0.282343 0.835974
vt 0.269897 0.838449
vt 0.257207 0.838450
vt 0.826099 0.898276
vt 0.828682 0.892017
vt 0.837571 0.893716
vt 0.833680 0.903229
vt 0.847160 0.895396
vt 0.841804 0.908416
vt 0.857498 0.897287
vt 0.850808 0.914282
vt 0.869258 0.899558
vt 0.860549 0.920577
vt 0.882535 0.901922
vt 0.872244 0.928125
vt 0.897937 0.904514
vt 0.886548 0.937213
vt 0.818855 0.893460
vt 0.821338 0.903033
vt 0.816503 0.895852
vt 0.811662 0.888750
vt 0.844768 0.937094
vt 0.837920 0.927337
vt 0.852451 0.948616
vt 0.861646 0.962352
vt 0.815159 0.905675
vt 0.813419 0.897166
vt 0.826427 0.910568
vt 0.831995 0.918602
vt 0.826226 0.959692
vt 0.823619 0.946140
vt 0.829368 0.975782
vt 0.808418 0.905756
vt 0.810063 0.897204
vt 0.816922 0.914494
vt 0.818900 0.923962
vt 0.821043 0.934479
vt 0.797828 0.959779
vt 0.800625 0.946298
vt 0.794555 0.975782
vt 0.802154 0.903228
vt 0.806942 0.895953
vt 0.806638 0.914689
vt 0.804861 0.924150
vt 0.802720 0.934555
vt 0.762512 0.962449
vt 0.771660 0.948970
vt 0.797345 0.898478
vt 0.804556 0.893586
vt 0.797084 0.910748
vt 0.791845 0.918870
vt 0.785873 0.927609
vt 0.779410 0.937630
vt 0.738097 0.937875
vt 0.751669 0.928973
vt 0.794713 0.892253
vt 0.803236 0.890499
vt 0.789777 0.903479
vt 0.781844 0.908988
vt 0.773096 0.914749
vt 0.763129 0.921499
vt 0.794680 0.885499
vt 0.803225 0.887144
vt 0.785799 0.893971
vt 0.776249 0.896014
vt 0.765887 0.898106
vt 0.754408 0.900434
vt 0.740975 0.902954
vt 0.725089 0.905975
vt 0.804475 0.884034
vt 0.785824 0.883683
vt 0.776390 0.881946
vt 0.765929 0.879857
vt 0.754313 0.877718
vt 0.740981 0.874913
vt 0.725175 0.871658
vt 0.797221 0.879243
vt 0.789725 0.874191
vt 0.781619 0.868979
vt 0.772889 0.863037
vt 0.762944 0.856645
vt 0.751688 0.848977
vt 0.738319 0.839948
vt 0.801951 0.874437
vt 0.806823 0.881637
vt 0.796953 0.866911
vt 0.791454 0.858999
vt 0.785679 0.850185
vt 0.778933 0.840489
vt 0.771464 0.829113
vt 0.762564 0.815673
vt 0.808153 0.871803
vt 0.809913 0.880317
vt 0.804351 0.853543
vt 0.806407 0.862948
vt 0.802387 0.843202
vt 0.799859 0.831673
vt 0.797305 0.818318
vt 0.794216 0.802512
vt 0.814904 0.871740
vt 0.813274 0.880302
vt 0.820479 0.843132
vt 0.818341 0.853432
vt 0.822547 0.831519
vt 0.825284 0.818212
vt 0.828464 0.802439
vt 0.821120 0.874334
vt 0.816375 0.881571
vt 0.816639 0.862903
vt 0.837223 0.849975
vt 0.831319 0.858680
vt 0.843565 0.840033
vt 0.851165 0.828787
vt 0.860113 0.815439
vt 0.825932 0.879039
vt 0.818752 0.883925
vt 0.826123 0.866792
vt 0.859752 0.855904
vt 0.850083 0.862682
vt 0.871042 0.848410
vt 0.884366 0.839504
vt 0.828591 0.885245
vt 0.820071 0.886998
vt 0.833439 0.874006
vt 0.841320 0.868479
vt 0.868765 0.876757
vt 0.857055 0.879275
vt 0.881988 0.874085
vt 0.897560 0.870897
vt 0.820108 0.890348
vt 0.837455 0.883452
vt 0.846837 0.881332
vt 0.935084 0.947054
vt 0.940052 0.947220
vt 0.946116 0.974069
vt 0.930343 0.974083
vt 0.944750 0.945417
vt 0.960698 0.967990
vt 0.948487 0.941949
vt 0.971880 0.956777
vt 0.950634 0.937307
vt 0.977944 0.942117
vt 0.950865 0.932201
vt 0.977944 0.926238
vt 0.949149 0.927410
vt 0.971859 0.911568
vt 0.945762 0.923665
vt 0.960611 0.900376
vt 0.941236 0.921530
vt 0.945941 0.894404
vt 0.936276 0.921326
vt 0.930144 0.894574
vt 0.931652 0.923091
vt 0.915691 0.900822
vt 0.928094 0.926583
vt 0.904786 0.912093
vt 0.926217 0.931299
vt 0.898952 0.926587
vt 0.925872 0.936488
vt 0.898896 0.942251
vt 0.927396 0.941273
vt 0.904772 0.956813
vt 0.930636 0.944979
vt 0.915811 0.968017
vt 0.800915 0.608168
vt 0.790622 0.608168
vt 0.781112 0.604228
vt 0.773834 0.596950
vt 0.769895 0.587441
vt 0.769895 0.577148
vt 0.773834 0.567638
vt 0.781113 0.560360
vt 0.790622 0.556421
vt 0.800915 0.556421
vt 0.810425 0.560360
vt 0.817703 0.567639
vt 0.821642 0.577148
vt 0.821642 0.587441
vt 0.817703 0.596951
vt 0.810425 0.604229
vt 0.820703 0.473187
vt 0.829563 0.475102
vt 0.825407 0.484495
vt 0.817965 0.479370
vt 0.838843 0.477156
vt 0.833370 0.489953
vt 0.849141 0.479471
vt 0.841859 0.495870
vt 0.860536 0.481898
vt 0.851753 0.502772
vt 0.873916 0.484908
vt 0.862674 0.510437
vt 0.890044 0.488612
vt 0.875245 0.519403
vt 0.812169 0.471339
vt 0.812209 0.467983
vt 0.820755 0.466428
vt 0.803755 0.469528
vt 0.849770 0.461309
vt 0.861314 0.459338
vt 0.874874 0.456890
vt 0.890305 0.454279
vt 0.810988 0.464855
vt 0.818305 0.460144
vt 0.829716 0.464774
vt 0.839337 0.463138
vt 0.853206 0.438049
vt 0.864790 0.430593
vt 0.878768 0.422147
vt 0.808640 0.462451
vt 0.813603 0.455270
vt 0.825887 0.455176
vt 0.834049 0.450075
vt 0.843080 0.444274
vt 0.837323 0.421351
vt 0.845110 0.409955
vt 0.855037 0.395847
vt 0.805559 0.461105
vt 0.807378 0.452549
vt 0.818715 0.447764
vt 0.824355 0.439872
vt 0.830330 0.431046
vt 0.818868 0.398425
vt 0.822113 0.382123
vt 0.802200 0.461076
vt 0.800599 0.452524
vt 0.809244 0.443679
vt 0.811399 0.434205
vt 0.813477 0.423749
vt 0.816152 0.412047
vt 0.790319 0.398215
vt 0.787058 0.382124
vt 0.799080 0.462308
vt 0.794295 0.455001
vt 0.798914 0.443572
vt 0.797250 0.433992
vt 0.795136 0.423556
vt 0.793081 0.411760
vt 0.796670 0.464649
vt 0.789506 0.459766
vt 0.789331 0.447424
vt 0.784128 0.439236
vt 0.778175 0.430436
vt 0.771761 0.420371
vt 0.764037 0.408978
vt 0.754910 0.395446
vt 0.795337 0.467730
vt 0.781988 0.454661
vt 0.774046 0.449106
vt 0.765190 0.443274
vt 0.755434 0.436461
vt 0.743970 0.428923
vt 0.730407 0.419950
vt 0.786839 0.465935
vt 0.777965 0.464155
vt 0.768525 0.462063
vt 0.758136 0.460072
vt 0.746544 0.457522
vt 0.733106 0.454955
vt 0.717189 0.451866
vt 0.795304 0.471087
vt 0.786760 0.472667
vt 0.777893 0.474432
vt 0.768389 0.476114
vt 0.758052 0.478247
vt 0.746396 0.480323
vt 0.733033 0.483086
vt 0.717189 0.486313
vt 0.796556 0.474192
vt 0.789270 0.478925
vt 0.781755 0.483941
vt 0.773631 0.489123
vt 0.764913 0.495034
vt 0.754960 0.501395
vt 0.743700 0.509038
vt 0.730331 0.518054
vt 0.798880 0.476598
vt 0.793972 0.483751
vt 0.783430 0.499123
vt 0.777642 0.507899
vt 0.770890 0.517555
vt 0.763424 0.528889
vt 0.754544 0.542287
vt 0.801953 0.477933
vt 0.800145 0.486409
vt 0.788948 0.491245
vt 0.796281 0.504616
vt 0.794283 0.514915
vt 0.791730 0.526390
vt 0.789159 0.539672
vt 0.786075 0.555386
vt 0.805302 0.477970
vt 0.806863 0.486499
vt 0.798370 0.495239
vt 0.812311 0.515064
vt 0.814310 0.526628
vt 0.816966 0.539841
vt 0.820074 0.555462
vt 0.808420 0.476748
vt 0.813110 0.484032
vt 0.808584 0.495332
vt 0.810241 0.504794
vt 0.829035 0.508363
vt 0.835276 0.518326
vt 0.842670 0.529514
vt 0.851346 0.542688
vt 0.810821 0.474410
vt 0.818019 0.491516
vt 0.823247 0.499644
vt 0.425345 0.127374
vt 0.199133 0.127374
vt 0.199133 0.114685
vt 0.425345 0.114685
vt 0.199133 0.101995
vt 0.425345 0.101995
vt 0.199133 0.089306
vt 0.425345 0.089306
vt 0.199133 0.076617
vt 0.425345 0.076617
vt 0.199133 0.063927
vt 0.425345 0.063927
vt 0.199133 0.051237
vt 0.425345 0.051237
vt 0.199133 0.038548
vt 0.425345 0.038548
vt 0.199133 0.025858
vt 0.425345 0.025858
vt 0.199133 0.013169
vt 0.425345 0.013169
vt 0.199133 0.000480
vt 0.425345 0.000480
vt 0.425345 0.381164
vt 0.199133 0.381164
vt 0.199133 0.368474
vt 0.425345 0.368474
vt 0.199133 0.355785
vt 0.425345 0.355785
vt 0.199133 0.343096
vt 0.425345 0.343096
vt 0.199133 0.330406
vt 0.425345 0.330406
vt 0.199133 0.317716
vt 0.425345 0.317716
vt 0.199133 0.305027
vt 0.425345 0.305027
vt 0.199133 0.292338
vt 0.425345 0.292338
vt 0.199133 0.279648
vt 0.425345 0.279648
vt 0.199133 0.266959
vt 0.425345 0.266959
vt 0.199133 0.254270
vt 0.425345 0.254270
vt 0.199133 0.241580
vt 0.425345 0.241580
vt 0.199133 0.228890
vt 0.425345 0.228890
vt 0.199133 0.216201
vt 0.425345 0.216201
vt 0.199133 0.203511
vt 0.425345 0.203511
vt 0.199133 0.190822
vt 0.425345 0.190822
vt 0.199133 0.178132
vt 0.425345 0.178132
vt 0.199133 0.165443
vt 0.425345 0.165443
vt 0.199133 0.152753
vt 0.425345 0.152753
vt 0.233039 0.960916
vt 0.222488 0.953866
vt 0.213515 0.944893
vt 0.206465 0.934342
vt 0.201609 0.922619
vt 0.199133 0.910173
vt 0.199133 0.897484
vt 0.201609 0.885038
vt 0.206465 0.873315
vt 0.213514 0.862763
vt 0.222487 0.853791
vt 0.233038 0.846741
vt 0.244762 0.841885
vt 0.257207 0.839409
vt 0.269897 0.839409
vt 0.282343 0.841885
vt 0.294066 0.846741
vt 0.304617 0.853790
vt 0.313590 0.862763
vt 0.320640 0.873314
vt 0.325496 0.885038
vt 0.327971 0.897483
vt 0.327971 0.910173
vt 0.325496 0.922619
vt 0.320640 0.934342
vt 0.313590 0.944893
vt 0.304617 0.953866
vt 0.294067 0.960916
vt 0.282343 0.965772
vt 0.269897 0.968248
vt 0.257208 0.968248
vt 0.244763 0.965772
vt 0.199133 0.140064
vt 0.425345 0.140064
vt 0.878206 0.338350
vt 0.866482 0.343206
vt 0.854037 0.345682
vt 0.841348 0.345682
vt 0.828901 0.343206
vt 0.817178 0.338350
vt 0.806627 0.331300
vt 0.797654 0.322327
vt 0.790605 0.311776
vt 0.785748 0.300053
vt 0.783273 0.287607
vt 0.783274 0.274917
vt 0.785749 0.262472
vt 0.790605 0.250748
vt 0.797655 0.240197
vt 0.806628 0.231225
vt 0.817178 0.224175
vt 0.828902 0.219319
vt 0.841348 0.216843
vt 0.854037 0.216843
vt 0.866483 0.219319
vt 0.878206 0.224175
vt 0.888757 0.231225
vt 0.897730 0.240198
vt 0.904780 0.250749
vt 0.909636 0.262473
vt 0.912111 0.274918
vt 0.912111 0.287608
vt 0.909636 0.300053
vt 0.904780 0.311777
vt 0.897730 0.322328
vt 0.888757 0.331301
vt 0.644698 0.905380
vt 0.647281 0.899121
vt 0.656169 0.900819
vt 0.652279 0.910333
vt 0.665759 0.902500
vt 0.660402 0.915519
vt 0.676097 0.904390
vt 0.669407 0.921385
vt 0.687857 0.906661
vt 0.679148 0.927681
vt 0.701133 0.909026
vt 0.690842 0.935229
vt 0.716535 0.911618
vt 0.705147 0.944317
vt 0.637453 0.900563
vt 0.639937 0.910137
vt 0.635102 0.902955
vt 0.630261 0.895854
vt 0.663367 0.944198
vt 0.656518 0.934440
vt 0.671050 0.955719
vt 0.680244 0.969455
vt 0.633758 0.912778
vt 0.632018 0.904269
vt 0.645026 0.917671
vt 0.650594 0.925705
vt 0.644825 0.966795
vt 0.642217 0.953244
vt 0.647967 0.982885
vt 0.627016 0.912859
vt 0.628662 0.904308
vt 0.635521 0.921597
vt 0.637499 0.931065
vt 0.639642 0.941582
vt 0.616427 0.966882
vt 0.619224 0.953402
vt 0.613154 0.982885
vt 0.620753 0.910331
vt 0.625540 0.903057
vt 0.625237 0.921792
vt 0.623459 0.931253
vt 0.621319 0.941658
vt 0.581110 0.969553
vt 0.590258 0.956073
vt 0.615943 0.905581
vt 0.623155 0.900690
vt 0.615683 0.917851
vt 0.610444 0.925973
vt 0.604472 0.934712
vt 0.598008 0.944733
vt 0.556696 0.944978
vt 0.570268 0.936076
vt 0.613312 0.899356
vt 0.621834 0.897603
vt 0.608377 0.910583
vt 0.600442 0.916092
vt 0.591695 0.921852
vt 0.581727 0.928603
vt 0.613279 0.892602
vt 0.621824 0.894247
vt 0.604398 0.901074
vt 0.594848 0.903117
vt 0.584485 0.905209
vt 0.573007 0.907538
vt 0.559574 0.910057
vt 0.543687 0.913079
vt 0.623074 0.891138
vt 0.604422 0.890787
vt 0.594989 0.889049
vt 0.584528 0.886960
vt 0.572912 0.884822
vt 0.559580 0.882016
vt 0.543773 0.878761
vt 0.615820 0.886346
vt 0.608323 0.881295
vt 0.600217 0.876082
vt 0.591487 0.870140
vt 0.581542 0.863749
vt 0.570286 0.856081
vt 0.556918 0.847051
vt 0.620550 0.881540
vt 0.625422 0.888740
vt 0.615552 0.874014
vt 0.610053 0.866102
vt 0.604277 0.857289
vt 0.597532 0.847592
vt 0.590063 0.836216
vt 0.581162 0.822776
vt 0.626752 0.878907
vt 0.628512 0.887421
vt 0.622950 0.860646
vt 0.625006 0.870051
vt 0.620985 0.850305
vt 0.618458 0.838776
vt 0.615903 0.825422
vt 0.612815 0.809615
vt 0.633502 0.878843
vt 0.631873 0.887406
vt 0.639077 0.850235
vt 0.636940 0.860536
vt 0.641146 0.838622
vt 0.643883 0.825316
vt 0.647062 0.809542
vt 0.639719 0.881438
vt 0.634974 0.888675
vt 0.635238 0.870006
vt 0.655822 0.857078
vt 0.649917 0.865783
vt 0.662164 0.847136
vt 0.669764 0.835890
vt 0.678712 0.822542
vt 0.644531 0.886142
vt 0.637351 0.891028
vt 0.644721 0.873896
vt 0.678351 0.863007
vt 0.668682 0.869785
vt 0.689641 0.855513
vt 0.702965 0.846607
vt 0.647190 0.892348
vt 0.638669 0.894102
vt 0.652038 0.881110
vt 0.659919 0.875582
vt 0.687364 0.883861
vt 0.675654 0.886378
vt 0.700586 0.881188
vt 0.716159 0.878000
vt 0.638707 0.897452
vt 0.656053 0.890556
vt 0.665436 0.888435
s 1
usemtl Pipes
f 3885/4300/2236 3897/4301/2237 3908/4302/2238 3896/4303/2239
f 3886/4304/2240 3898/4305/2241 3897/4306/2237 3885/4307/2236
f 3887/4308/2242 3899/4309/2243 3898/4305/2241 3886/4304/2240
f 3888/4310/2244 3900/4311/2245 3899/4309/2243 3887/4308/2242
f 3889/4312/2246 3901/4313/2247 3900/4311/2245 3888/4310/2244
f 3890/4314/2248 3902/4315/2249 3901/4313/2247 3889/4312/2246
f 3891/4316/2250 3903/4317/2251 3902/4315/2249 3890/4314/2248
f 3892/4318/2252 3904/4319/2253 3903/4317/2251 3891/4316/2250
f 3893/4320/2254 3905/4321/2255 3904/4319/2253 3892/4318/2252
f 3894/4322/2256 3906/4323/2257 3905/4321/2255 3893/4320/2254
f 3895/4324/2258 3907/4325/2259 3906/4323/2257 3894/4322/2256
f 3896/4303/2239 3908/4302/2238 3907/4325/2259 3895/4324/2258
f 3897/4301/2237 3909/4326/2260 3920/4327/2261 3908/4302/2238
f 3898/4305/2241 3910/4328/2262 3909/4329/2260 3897/4306/2237
f 3899/4309/2243 3911/4330/2263 3910/4328/2262 3898/4305/2241
f 3900/4311/2245 3912/4331/2264 3911/4330/2263 3899/4309/2243
f 3901/4313/2247 3913/4332/2265 3912/4331/2264 3900/4311/2245
f 3902/4315/2249 3914/4333/2266 3913/4332/2265 3901/4313/2247
f 3903/4317/2251 3915/4334/2267 3914/4333/2266 3902/4315/2249
f 3904/4319/2253 3916/4335/2268 3915/4334/2267 3903/4317/2251
f 3905/4321/2255 3917/4336/2269 3916/4335/2268 3904/4319/2253
f 3906/4323/2257 3918/4337/2270 3917/4336/2269 3905/4321/2255
f 3907/4325/2259 3919/4338/2271 3918/4337/2270 3906/4323/2257
f 3908/4302/2238 3920/4327/2261 3919/4338/2271 3907/4325/2259
f 3909/4326/2260 3921/4339/2272 3932/4340/2273 3920/4327/2261
f 3910/4328/2262 3922/4341/2274 3921/4342/2272 3909/4329/2260
f 3911/4330/2263 3923/4343/2275 3922/4341/2274 3910/4328/2262
f 3912/4331/2264 3924/4344/2276 3923/4343/2275 3911/4330/2263
f 3913/4332/2265 3925/4345/2277 3924/4344/2276 3912/4331/2264
f 3914/4333/2266 3926/4346/2278 3925/4345/2277 3913/4332/2265
f 3915/4334/2267 3927/4347/2279 3926/4346/2278 3914/4333/2266
f 3916/4335/2268 3928/4348/2280 3927/4347/2279 3915/4334/2267
f 3917/4336/2269 3929/4349/2281 3928/4348/2280 3916/4335/2268
f 3918/4337/2270 3930/4350/2282 3929/4349/2281 3917/4336/2269
f 3919/4338/2271 3931/4351/2283 3930/4350/2282 3918/4337/2270
f 3920/4327/2261 3932/4340/2273 3931/4351/2283 3919/4338/2271
f 3921/4339/2272 3933/4352/2284 3944/4353/2285 3932/4340/2273
f 3922/4341/2274 3934/4354/2286 3933/4355/2284 3921/4342/2272
f 3923/4343/2275 3935/4356/2287 3934/4354/2286 3922/4341/2274
f 3924/4344/2276 3936/4357/2288 3935/4356/2287 3923/4343/2275
f 3925/4345/2277 3937/4358/2289 3936/4357/2288 3924/4344/2276
f 3926/4346/2278 3938/4359/2290 3937/4358/2289 3925/4345/2277
f 3927/4347/2279 3939/4360/2291 3938/4359/2290 3926/4346/2278
f 3928/4348/2280 3940/4361/2292 3939/4360/2291 3927/4347/2279
f 3929/4349/2281 3941/4362/2293 3940/4361/2292 3928/4348/2280
f 3930/4350/2282 3942/4363/2294 3941/4362/2293 3929/4349/2281
f 3931/4351/2283 3943/4364/2295 3942/4363/2294 3930/4350/2282
f 3932/4340/2273 3944/4353/2285 3943/4364/2295 3931/4351/2283
f 3933/4352/2284 3945/4365/2296 3956/4366/2297 3944/4353/2285
f 3934/4354/2286 3946/4367/2298 3945/4368/2296 3933/4355/2284
f 3935/4356/2287 3947/4369/2299 3946/4367/2298 3934/4354/2286
f 3936/4357/2288 3948/4370/2300 3947/4369/2299 3935/4356/2287
f 3937/4358/2289 3949/4371/2301 3948/4370/2300 3936/4357/2288
f 3938/4359/2290 3950/4372/2302 3949/4371/2301 3937/4358/2289
f 3939/4360/2291 3951/4373/2303 3950/4372/2302 3938/4359/2290
f 3940/4361/2292 3952/4374/2304 3951/4373/2303 3939/4360/2291
f 3941/4362/2293 3953/4375/2305 3952/4374/2304 3940/4361/2292
f 3942/4363/2294 3954/4376/2306 3953/4375/2305 3941/4362/2293
f 3943/4364/2295 3955/4377/2307 3954/4376/2306 3942/4363/2294
f 3944/4353/2285 3956/4366/2297 3955/4377/2307 3943/4364/2295
f 3945/4365/2296 3957/4378/2308 3968/4379/2309 3956/4366/2297
f 3946/4367/2298 3958/4380/2310 3957/4381/2308 3945/4368/2296
f 3947/4369/2299 3959/4382/2311 3958/4380/2310 3946/4367/2298
f 3948/4370/2300 3960/4383/2312 3959/4382/2311 3947/4369/2299
f 3949/4371/2301 3961/4384/2313 3960/4383/2312 3948/4370/2300
f 3950/4372/2302 3962/4385/2314 3961/4384/2313 3949/4371/2301
f 3951/4373/2303 3963/4386/2315 3962/4385/2314 3950/4372/2302
f 3952/4374/2304 3964/4387/2316 3963/4386/2315 3951/4373/2303
f 3953/4375/2305 3965/4388/2317 3964/4387/2316 3952/4374/2304
f 3954/4376/2306 3966/4389/2318 3965/4388/2317 3953/4375/2305
f 3955/4377/2307 3967/4390/2319 3966/4389/2318 3954/4376/2306
f 3956/4366/2297 3968/4379/2309 3967/4390/2319 3955/4377/2307
f 3957/4378/2308 3969/4391/2320 3980/4392/2321 3968/4379/2309
f 3958/4380/2310 3970/4393/2322 3969/4394/2320 3957/4381/2308
f 3959/4382/2311 3971/4395/2323 3970/4393/2322 3958/4380/2310
f 3960/4383/2312 3972/4396/2324 3971/4395/2323 3959/4382/2311
f 3961/4384/2313 3973/4397/2325 3972/4396/2324 3960/4383/2312
f 3962/4385/2314 3974/4398/2326 3973/4397/2325 3961/4384/2313
f 3963/4386/2315 3975/4399/2327 3974/4398/2326 3962/4385/2314
f 3964/4387/2316 3976/4400/2328 3975/4399/2327 3963/4386/2315
f 3965/4388/2317 3977/4401/2329 3976/4400/2328 3964/4387/2316
f 3966/4389/2318 3978/4402/2330 3977/4401/2329 3965/4388/2317
f 3967/4390/2319 3979/4403/2331 3978/4402/2330 3966/4389/2318
f 3968/4379/2309 3980/4392/2321 3979/4403/2331 3967/4390/2319
f 3969/4391/2320 3981/4404/2332 3992/4405/2333 3980/4392/2321
f 3970/4393/2322 3982/4406/2334 3981/4407/2332 3969/4394/2320
f 3971/4395/2323 3983/4408/2335 3982/4406/2334 3970/4393/2322
f 3972/4396/2324 3984/4409/2336 3983/4408/2335 3971/4395/2323
f 3973/4397/2325 3985/4410/2337 3984/4409/2336 3972/4396/2324
f 3974/4398/2326 3986/4411/2338 3985/4410/2337 3973/4397/2325
f 3975/4399/2327 3987/4412/2339 3986/4411/2338 3974/4398/2326
f 3976/4400/2328 3988/4413/2340 3987/4412/2339 3975/4399/2327
f 3977/4401/2329 3989/4414/2341 3988/4413/2340 3976/4400/2328
f 3978/4402/2330 3990/4415/2342 3989/4414/2341 3977/4401/2329
f 3979/4403/2331 3991/4416/2343 3990/4415/2342 3978/4402/2330
f 3980/4392/2321 3992/4405/2333 3991/4416/2343 3979/4403/2331
f 3981/4404/2332 3993/4417/2344 4004/4418/2345 3992/4405/2333
f 3982/4406/2334 3994/4419/2346 3993/4420/2344 3981/4407/2332
f 3983/4408/2335 3995/4421/2347 3994/4419/2346 3982/4406/2334
f 3984/4409/2336 3996/4422/2348 3995/4421/2347 3983/4408/2335
f 3985/4410/2337 3997/4423/2349 3996/4422/2348 3984/4409/2336
f 3986/4411/2338 3998/4424/2350 3997/4423/2349 3985/4410/2337
f 3987/4412/2339 3999/4425/2351 3998/4424/2350 3986/4411/2338
f 3988/4413/2340 4000/4426/2352 3999/4425/2351 3987/4412/2339
f 3989/4414/2341 4001/4427/2353 4000/4426/2352 3988/4413/2340
f 3990/4415/2342 4002/4428/2354 4001/4427/2353 3989/4414/2341
f 3991/4416/2343 4003/4429/2355 4002/4428/2354 3990/4415/2342
f 3992/4405/2333 4004/4418/2345 4003/4429/2355 3991/4416/2343
f 3993/4417/2344 4005/4430/2356 4016/4431/2357 4004/4418/2345
f 3994/4419/2346 4006/4432/2358 4005/4433/2356 3993/4420/2344
f 3995/4421/2347 4007/4434/2359 4006/4432/2358 3994/4419/2346
f 3996/4422/2348 4008/4435/2360 4007/4434/2359 3995/4421/2347
f 3997/4423/2349 4009/4436/2361 4008/4435/2360 3996/4422/2348
f 3998/4424/2350 4010/4437/2362 4009/4436/2361 3997/4423/2349
f 3999/4425/2351 4011/4438/2363 4010/4437/2362 3998/4424/2350
f 4000/4426/2352 4012/4439/2364 4011/4438/2363 3999/4425/2351
f 4001/4427/2353 4013/4440/2365 4012/4439/2364 4000/4426/2352
f 4002/4428/2354 4014/4441/2366 4013/4440/2365 4001/4427/2353
f 4003/4429/2355 4015/4442/2367 4014/4441/2366 4002/4428/2354
f 4004/4418/2345 4016/4431/2357 4015/4442/2367 4003/4429/2355
f 4005/4430/2356 4017/4443/2368 4028/4444/2369 4016/4431/2357
f 4006/4432/2358 4018/4445/2370 4017/4446/2368 4005/4433/2356
f 4007/4434/2359 4019/4447/2371 4018/4445/2370 4006/4432/2358
f 4008/4435/2360 4020/4448/2372 4019/4447/2371 4007/4434/2359
f 4009/4436/2361 4021/4449/2373 4020/4448/2372 4008/4435/2360
f 4010/4437/2362 4022/4450/2374 4021/4449/2373 4009/4436/2361
f 4011/4438/2363 4023/4451/2375 4022/4450/2374 4010/4437/2362
f 4012/4439/2364 4024/4452/2376 4023/4451/2375 4011/4438/2363
f 4013/4440/2365 4025/4453/2377 4024/4452/2376 4012/4439/2364
f 4014/4441/2366 4026/4454/2378 4025/4453/2377 4013/4440/2365
f 4015/4442/2367 4027/4455/2379 4026/4454/2378 4014/4441/2366
f 4016/4431/2357 4028/4444/2369 4027/4455/2379 4015/4442/2367
f 4017/4443/2368 4029/4456/2380 4040/4457/2381 4028/4444/2369
f 4018/4445/2370 4030/4458/2382 4029/4459/2380 4017/4446/2368
f 4019/4447/2371 4031/4460/2383 4030/4458/2382 4018/4445/2370
f 4020/4448/2372 4032/4461/2384 4031/4460/2383 4019/4447/2371
f 4021/4449/2373 4033/4462/2385 4032/4461/2384 4020/4448/2372
f 4022/4450/2374 4034/4463/2386 4033/4462/2385 4021/4449/2373
f 4023/4451/2375 4035/4464/2387 4034/4463/2386 4022/4450/2374
f 4024/4452/2376 4036/4465/2388 4035/4464/2387 4023/4451/2375
f 4025/4453/2377 4037/4466/2389 4036/4465/2388 4024/4452/2376
f 4026/4454/2378 4038/4467/2390 4037/4466/2389 4025/4453/2377
f 4027/4455/2379 4039/4468/2391 4038/4467/2390 4026/4454/2378
f 4028/4444/2369 4040/4457/2381 4039/4468/2391 4027/4455/2379
f 4029/4456/2380 4041/4469/2392 4052/4470/2393 4040/4457/2381
f 4030/4458/2382 4042/4471/2394 4041/4472/2392 4029/4459/2380
f 4031/4460/2383 4043/4473/2395 4042/4471/2394 4030/4458/2382
f 4032/4461/2384 4044/4474/2396 4043/4473/2395 4031/4460/2383
f 4033/4462/2385 4045/4475/2397 4044/4474/2396 4032/4461/2384
f 4034/4463/2386 4046/4476/2398 4045/4475/2397 4033/4462/2385
f 4035/4464/2387 4047/4477/2399 4046/4476/2398 4034/4463/2386
f 4036/4465/2388 4048/4478/2400 4047/4477/2399 4035/4464/2387
f 4037/4466/2389 4049/4479/2401 4048/4478/2400 4036/4465/2388
f 4038/4467/2390 4050/4480/2402 4049/4479/2401 4037/4466/2389
f 4039/4468/2391 4051/4481/2403 4050/4480/2402 4038/4467/2390
f 4040/4457/2381 4052/4470/2393 4051/4481/2403 4039/4468/2391
f 4041/4469/2392 4053/4482/2404 4064/4483/2405 4052/4470/2393
f 4042/4471/2394 4054/4484/2406 4053/4485/2404 4041/4472/2392
f 4043/4473/2395 4055/4486/2407 4054/4484/2406 4042/4471/2394
f 4044/4474/2396 4056/4487/2408 4055/4486/2407 4043/4473/2395
f 4045/4475/2397 4057/4488/2409 4056/4487/2408 4044/4474/2396
f 4046/4476/2398 4058/4489/2410 4057/4488/2409 4045/4475/2397
f 4047/4477/2399 4059/4490/2411 4058/4489/2410 4046/4476/2398
f 4048/4478/2400 4060/4491/2412 4059/4490/2411 4047/4477/2399
f 4049/4479/2401 4061/4492/2413 4060/4491/2412 4048/4478/2400
f 4050/4480/2402 4062/4493/2414 4061/4492/2413 4049/4479/2401
f 4051/4481/2403 4063/4494/2415 4062/4493/2414 4050/4480/2402
f 4052/4470/2393 4064/4483/2405 4063/4494/2415 4051/4481/2403
f 4053/4482/2404 4065/4495/2416 4076/4496/2417 4064/4483/2405
f 4054/4484/2406 4066/4497/2418 4065/4498/2416 4053/4485/2404
f 4055/4486/2407 4067/4499/2419 4066/4497/2418 4054/4484/2406
f 4056/4487/2408 4068/4500/2420 4067/4499/2419 4055/4486/2407
f 4057/4488/2409 4069/4501/2421 4068/4500/2420 4056/4487/2408
f 4058/4489/2410 4070/4502/2422 4069/4501/2421 4057/4488/2409
f 4059/4490/2411 4071/4503/2423 4070/4502/2422 4058/4489/2410
f 4060/4491/2412 4072/4504/2424 4071/4503/2423 4059/4490/2411
f 4061/4492/2413 4073/4505/2425 4072/4504/2424 4060/4491/2412
f 4062/4493/2414 4074/4506/2426 4073/4505/2425 4061/4492/2413
f 4063/4494/2415 4075/4507/2427 4074/4506/2426 4062/4493/2414
f 4064/4483/2405 4076/4496/2417 4075/4507/2427 4063/4494/2415
f 4065/4495/2416 4077/4508/2428 4088/4509/2429 4076/4496/2417
f 4066/4497/2418 4078/4510/2430 4077/4511/2428 4065/4498/2416
f 4067/4499/2419 4079/4512/2431 4078/4510/2430 4066/4497/2418
f 4068/4500/2420 4080/4513/2432 4079/4512/2431 4067/4499/2419
f 4069/4501/2421 4081/4514/2433 4080/4513/2432 4068/4500/2420
f 4070/4502/2422 4082/4515/2434 4081/4514/2433 4069/4501/2421
f 4071/4503/2423 4083/4516/2435 4082/4515/2434 4070/4502/2422
f 4072/4504/2424 4084/4517/2436 4083/4516/2435 4071/4503/2423
f 4073/4505/2425 4085/4518/2437 4084/4517/2436 4072/4504/2424
f 4074/4506/2426 4086/4519/2438 4085/4518/2437 4073/4505/2425
f 4075/4507/2427 4087/4520/2439 4086/4519/2438 4074/4506/2426
f 4076/4496/2417 4088/4509/2429 4087/4520/2439 4075/4507/2427
f 4077/4508/2428 4089/4521/2440 4100/4522/2441 4088/4509/2429
f 4078/4510/2430 4090/4523/2442 4089/4524/2440 4077/4511/2428
f 4079/4512/2431 4091/4525/2443 4090/4523/2442 4078/4510/2430
f 4080/4513/2432 4092/4526/2444 4091/4525/2443 4079/4512/2431
f 4081/4514/2433 4093/4527/2445 4092/4526/2444 4080/4513/2432
f 4082/4515/2434 4094/4528/2446 4093/4527/2445 4081/4514/2433
f 4083/4516/2435 4095/4529/2447 4094/4528/2446 4082/4515/2434
f 4084/4517/2436 4096/4530/2448 4095/4529/2447 4083/4516/2435
f 4085/4518/2437 4097/4531/2449 4096/4530/2448 4084/4517/2436
f 4086/4519/2438 4098/4532/2450 4097/4531/2449 4085/4518/2437
f 4087/4520/2439 4099/4533/2451 4098/4532/2450 4086/4519/2438
f 4088/4509/2429 4100/4522/2441 4099/4533/2451 4087/4520/2439
f 4089/4521/2440 4101/4534/2452 4112/4535/2453 4100/4522/2441
f 4090/4523/2442 4102/4536/2454 4101/4537/2452 4089/4524/2440
f 4091/4525/2443 4103/4538/2455 4102/4536/2454 4090/4523/2442
f 4092/4526/2444 4104/4539/2456 4103/4538/2455 4091/4525/2443
f 4093/4527/2445 4105/4540/2457 4104/4539/2456 4092/4526/2444
f 4094/4528/2446 4106/4541/2458 4105/4540/2457 4093/4527/2445
f 4095/4529/2447 4107/4542/2459 4106/4541/2458 4094/4528/2446
f 4096/4530/2448 4108/4543/2460 4107/4542/2459 4095/4529/2447
f 4097/4531/2449 4109/4544/2461 4108/4543/2460 4096/4530/2448
f 4098/4532/2450 4110/4545/2462 4109/4544/2461 4097/4531/2449
f 4099/4533/2451 4111/4546/2463 4110/4545/2462 4098/4532/2450
f 4100/4522/2441 4112/4535/2453 4111/4546/2463 4099/4533/2451
f 4101/4534/2452 4113/4547/2464 4124/4548/2465 4112/4535/2453
f 4102/4536/2454 4114/4549/2466 4113/4550/2464 4101/4537/2452
f 4103/4538/2455 4115/4551/2467 4114/4549/2466 4102/4536/2454
f 4104/4539/2456 4116/4552/2468 4115/4551/2467 4103/4538/2455
f 4105/4540/2457 4117/4553/2469 4116/4552/2468 4104/4539/2456
f 4106/4541/2458 4118/4554/2470 4117/4553/2469 4105/4540/2457
f 4107/4542/2459 4119/4555/2471 4118/4554/2470 4106/4541/2458
f 4108/4543/2460 4120/4556/2472 4119/4555/2471 4107/4542/2459
f 4109/4544/2461 4121/4557/2473 4120/4556/2472 4108/4543/2460
f 4110/4545/2462 4122/4558/2474 4121/4557/2473 4109/4544/2461
f 4111/4546/2463 4123/4559/2475 4122/4558/2474 4110/4545/2462
f 4112/4535/2453 4124/4548/2465 4123/4559/2475 4111/4546/2463
f 4125/4560/2236 4137/4561/2237 4148/4562/2238 4136/4563/2239
f 4126/4564/2240 4138/4565/2241 4137/4566/2237 4125/4567/2236
f 4127/4568/2242 4139/4569/2243 4138/4565/2241 4126/4564/2240
f 4128/4570/2244 4140/4571/2245 4139/4569/2243 4127/4568/2242
f 4129/4572/2246 4141/4573/2247 4140/4571/2245 4128/4570/2244
f 4130/4574/2248 4142/4575/2249 4141/4573/2247 4129/4572/2246
f 4131/4576/2250 4143/4577/2251 4142/4575/2249 4130/4574/2248
f 4132/4578/2252 4144/4579/2253 4143/4577/2251 4131/4576/2250
f 4133/4580/2254 4145/4581/2255 4144/4579/2253 4132/4578/2252
f 4134/4582/2256 4146/4583/2257 4145/4581/2255 4133/4580/2254
f 4135/4584/2258 4147/4585/2259 4146/4583/2257 4134/4582/2256
f 4136/4563/2239 4148/4562/2238 4147/4585/2259 4135/4584/2258
f 4137/4561/2237 4149/4586/2260 4160/4587/2261 4148/4562/2238
f 4138/4565/2241 4150/4588/2262 4149/4589/2260 4137/4566/2237
f 4139/4569/2243 4151/4590/2263 4150/4588/2262 4138/4565/2241
f 4140/4571/2245 4152/4591/2264 4151/4590/2263 4139/4569/2243
f 4141/4573/2247 4153/4592/2265 4152/4591/2264 4140/4571/2245
f 4142/4575/2249 4154/4593/2266 4153/4592/2265 4141/4573/2247
f 4143/4577/2251 4155/4594/2267 4154/4593/2266 4142/4575/2249
f 4144/4579/2253 4156/4595/2268 4155/4594/2267 4143/4577/2251
f 4145/4581/2255 4157/4596/2269 4156/4595/2268 4144/4579/2253
f 4146/4583/2257 4158/4597/2270 4157/4596/2269 4145/4581/2255
f 4147/4585/2259 4159/4598/2271 4158/4597/2270 4146/4583/2257
f 4148/4562/2238 4160/4587/2261 4159/4598/2271 4147/4585/2259
f 4149/4586/2260 4161/4599/2272 4172/4600/2273 4160/4587/2261
f 4150/4588/2262 4162/4601/2274 4161/4602/2272 4149/4589/2260
f 4151/4590/2263 4163/4603/2275 4162/4601/2274 4150/4588/2262
f 4152/4591/2264 4164/4604/2276 4163/4603/2275 4151/4590/2263
f 4153/4592/2265 4165/4605/2277 4164/4604/2276 4152/4591/2264
f 4154/4593/2266 4166/4606/2278 4165/4605/2277 4153/4592/2265
f 4155/4594/2267 4167/4607/2279 4166/4606/2278 4154/4593/2266
f 4156/4595/2268 4168/4608/2280 4167/4607/2279 4155/4594/2267
f 4157/4596/2269 4169/4609/2281 4168/4608/2280 4156/4595/2268
f 4158/4597/2270 4170/4610/2282 4169/4609/2281 4157/4596/2269
f 4159/4598/2271 4171/4611/2283 4170/4610/2282 4158/4597/2270
f 4160/4587/2261 4172/4600/2273 4171/4611/2283 4159/4598/2271
f 4161/4599/2272 4173/4612/2284 4184/4613/2285 4172/4600/2273
f 4162/4601/2274 4174/4614/2286 4173/4615/2284 4161/4602/2272
f 4163/4603/2275 4175/4616/2287 4174/4614/2286 4162/4601/2274
f 4164/4604/2276 4176/4617/2288 4175/4616/2287 4163/4603/2275
f 4165/4605/2277 4177/4618/2289 4176/4617/2288 4164/4604/2276
f 4166/4606/2278 4178/4619/2290 4177/4618/2289 4165/4605/2277
f 4167/4607/2279 4179/4620/2291 4178/4619/2290 4166/4606/2278
f 4168/4608/2280 4180/4621/2292 4179/4620/2291 4167/4607/2279
f 4169/4609/2281 4181/4622/2293 4180/4621/2292 4168/4608/2280
f 4170/4610/2282 4182/4623/2294 4181/4622/2293 4169/4609/2281
f 4171/4611/2283 4183/4624/2295 4182/4623/2294 4170/4610/2282
f 4172/4600/2273 4184/4613/2285 4183/4624/2295 4171/4611/2283
f 4173/4612/2284 4185/4625/2296 4196/4626/2297 4184/4613/2285
f 4174/4614/2286 4186/4627/2298 4185/4628/2296 4173/4615/2284
f 4175/4616/2287 4187/4629/2299 4186/4627/2298 4174/4614/2286
f 4176/4617/2288 4188/4630/2300 4187/4629/2299 4175/4616/2287
f 4177/4618/2289 4189/4631/2301 4188/4630/2300 4176/4617/2288
f 4178/4619/2290 4190/4632/2302 4189/4631/2301 4177/4618/2289
f 4179/4620/2291 4191/4633/2303 4190/4632/2302 4178/4619/2290
f 4180/4621/2292 4192/4634/2304 4191/4633/2303 4179/4620/2291
f 4181/4622/2293 4193/4635/2305 4192/4634/2304 4180/4621/2292
f 4182/4623/2294 4194/4636/2306 4193/4635/2305 4181/4622/2293
f 4183/4624/2295 4195/4637/2307 4194/4636/2306 4182/4623/2294
f 4184/4613/2285 4196/4626/2297 4195/4637/2307 4183/4624/2295
f 4185/4625/2296 4197/4638/2308 4208/4639/2309 4196/4626/2297
f 4186/4627/2298 4198/4640/2310 4197/4641/2308 4185/4628/2296
f 4187/4629/2299 4199/4642/2311 4198/4640/2310 4186/4627/2298
f 4188/4630/2300 4200/4643/2312 4199/4642/2311 4187/4629/2299
f 4189/4631/2301 4201/4644/2313 4200/4643/2312 4188/4630/2300
f 4190/4632/2302 4202/4645/2314 4201/4644/2313 4189/4631/2301
f 4191/4633/2303 4203/4646/2315 4202/4645/2314 4190/4632/2302
f 4192/4634/2304 4204/4647/2316 4203/4646/2315 4191/4633/2303
f 4193/4635/2305 4205/4648/2317 4204/4647/2316 4192/4634/2304
f 4194/4636/2306 4206/4649/2318 4205/4648/2317 4193/4635/2305
f 4195/4637/2307 4207/4650/2319 4206/4649/2318 4194/4636/2306
f 4196/4626/2297 4208/4639/2309 4207/4650/2319 4195/4637/2307
f 4197/4638/2308 4209/4651/2320 4220/4652/2321 4208/4639/2309
f 4198/4640/2310 4210/4653/2322 4209/4654/2320 4197/4641/2308
f 4199/4642/2311 4211/4655/2323 4210/4653/2322 4198/4640/2310
f 4200/4643/2312 4212/4656/2324 4211/4655/2323 4199/4642/2311
f 4201/4644/2313 4213/4657/2325 4212/4656/2324 4200/4643/2312
f 4202/4645/2314 4214/4658/2326 4213/4657/2325 4201/4644/2313
f 4203/4646/2315 4215/4659/2327 4214/4658/2326 4202/4645/2314
f 4204/4647/2316 4216/4660/2328 4215/4659/2327 4203/4646/2315
f 4205/4648/2317 4217/4661/2329 4216/4660/2328 4204/4647/2316
f 4206/4649/2318 4218/4662/2330 4217/4661/2329 4205/4648/2317
f 4207/4650/2319 4219/4663/2331 4218/4662/2330 4206/4649/2318
f 4208/4639/2309 4220/4652/2321 4219/4663/2331 4207/4650/2319
f 4209/4651/2320 4221/4664/2332 4232/4665/2333 4220/4652/2321
f 4210/4653/2322 4222/4666/2334 4221/4667/2332 4209/4654/2320
f 4211/4655/2323 4223/4668/2335 4222/4666/2334 4210/4653/2322
f 4212/4656/2324 4224/4669/2336 4223/4668/2335 4211/4655/2323
f 4213/4657/2325 4225/4670/2337 4224/4669/2336 4212/4656/2324
f 4214/4658/2326 4226/4671/2338 4225/4670/2337 4213/4657/2325
f 4215/4659/2327 4227/4672/2339 4226/4671/2338 4214/4658/2326
f 4216/4660/2328 4228/4673/2340 4227/4672/2339 4215/4659/2327
f 4217/4661/2329 4229/4674/2341 4228/4673/2340 4216/4660/2328
f 4218/4662/2330 4230/4675/2342 4229/4674/2341 4217/4661/2329
f 4219/4663/2331 4231/4676/2343 4230/4675/2342 4218/4662/2330
f 4220/4652/2321 4232/4665/2333 4231/4676/2343 4219/4663/2331
f 4221/4664/2332 4233/4677/2344 4244/4678/2345 4232/4665/2333
f 4222/4666/2334 4234/4679/2346 4233/4680/2344 4221/4667/2332
f 4223/4668/2335 4235/4681/2347 4234/4679/2346 4222/4666/2334
f 4224/4669/2336 4236/4682/2348 4235/4681/2347 4223/4668/2335
f 4225/4670/2337 4237/4683/2349 4236/4682/2348 4224/4669/2336
f 4226/4671/2338 4238/4684/2350 4237/4683/2349 4225/4670/2337
f 4227/4672/2339 4239/4685/2351 4238/4684/2350 4226/4671/2338
f 4228/4673/2340 4240/4686/2352 4239/4685/2351 4227/4672/2339
f 4229/4674/2341 4241/4687/2353 4240/4686/2352 4228/4673/2340
f 4230/4675/2342 4242/4688/2354 4241/4687/2353 4229/4674/2341
f 4231/4676/2343 4243/4689/2355 4242/4688/2354 4230/4675/2342
f 4232/4665/2333 4244/4678/2345 4243/4689/2355 4231/4676/2343
f 4233/4677/2344 4245/4690/2356 4256/4691/2357 4244/4678/2345
f 4234/4679/2346 4246/4692/2358 4245/4693/2356 4233/4680/2344
f 4235/4681/2347 4247/4694/2359 4246/4692/2358 4234/4679/2346
f 4236/4682/2348 4248/4695/2360 4247/4694/2359 4235/4681/2347
f 4237/4683/2349 4249/4696/2361 4248/4695/2360 4236/4682/2348
f 4238/4684/2350 4250/4697/2362 4249/4696/2361 4237/4683/2349
f 4239/4685/2351 4251/4698/2363 4250/4697/2362 4238/4684/2350
f 4240/4686/2352 4252/4699/2364 4251/4698/2363 4239/4685/2351
f 4241/4687/2353 4253/4700/2365 4252/4699/2364 4240/4686/2352
f 4242/4688/2354 4254/4701/2366 4253/4700/2365 4241/4687/2353
f 4243/4689/2355 4255/4702/2367 4254/4701/2366 4242/4688/2354
f 4244/4678/2345 4256/4691/2357 4255/4702/2367 4243/4689/2355
f 4245/4690/2356 4257/4703/2368 4268/4704/2369 4256/4691/2357
f 4246/4692/2358 4258/4705/2370 4257/4706/2368 4245/4693/2356
f 4247/4694/2359 4259/4707/2371 4258/4705/2370 4246/4692/2358
f 4248/4695/2360 4260/4708/2372 4259/4707/2371 4247/4694/2359
f 4249/4696/2361 4261/4709/2373 4260/4708/2372 4248/4695/2360
f 4250/4697/2362 4262/4710/2374 4261/4709/2373 4249/4696/2361
f 4251/4698/2363 4263/4711/2375 4262/4710/2374 4250/4697/2362
f 4252/4699/2364 4264/4712/2376 4263/4711/2375 4251/4698/2363
f 4253/4700/2365 4265/4713/2377 4264/4712/2376 4252/4699/2364
f 4254/4701/2366 4266/4714/2378 4265/4713/2377 4253/4700/2365
f 4255/4702/2367 4267/4715/2379 4266/4714/2378 4254/4701/2366
f 4256/4691/2357 4268/4704/2369 4267/4715/2379 4255/4702/2367
f 4257/4703/2368 4269/4716/2380 4280/4717/2381 4268/4704/2369
f 4258/4705/2370 4270/4718/2382 4269/4719/2380 4257/4706/2368
f 4259/4707/2371 4271/4720/2383 4270/4718/2382 4258/4705/2370
f 4260/4708/2372 4272/4721/2384 4271/4720/2383 4259/4707/2371
f 4261/4709/2373 4273/4722/2385 4272/4721/2384 4260/4708/2372
f 4262/4710/2374 4274/4723/2386 4273/4722/2385 4261/4709/2373
f 4263/4711/2375 4275/4724/2387 4274/4723/2386 4262/4710/2374
f 4264/4712/2376 4276/4725/2388 4275/4724/2387 4263/4711/2375
f 4265/4713/2377 4277/4726/2389 4276/4725/2388 4264/4712/2376
f 4266/4714/2378 4278/4727/2390 4277/4726/2389 4265/4713/2377
f 4267/4715/2379 4279/4728/2391 4278/4727/2390 4266/4714/2378
f 4268/4704/2369 4280/4717/2381 4279/4728/2391 4267/4715/2379
f 4269/4716/2380 4281/4729/2392 4292/4730/2393 4280/4717/2381
f 4270/4718/2382 4282/4731/2394 4281/4732/2392 4269/4719/2380
f 4271/4720/2383 4283/4733/2395 4282/4731/2394 4270/4718/2382
f 4272/4721/2384 4284/4734/2396 4283/4733/2395 4271/4720/2383
f 4273/4722/2385 4285/4735/2397 4284/4734/2396 4272/4721/2384
f 4274/4723/2386 4286/4736/2398 4285/4735/2397 4273/4722/2385
f 4275/4724/2387 4287/4737/2399 4286/4736/2398 4274/4723/2386
f 4276/4725/2388 4288/4738/2400 4287/4737/2399 4275/4724/2387
f 4277/4726/2389 4289/4739/2401 4288/4738/2400 4276/4725/2388
f 4278/4727/2390 4290/4740/2402 4289/4739/2401 4277/4726/2389
f 4279/4728/2391 4291/4741/2403 4290/4740/2402 4278/4727/2390
f 4280/4717/2381 4292/4730/2393 4291/4741/2403 4279/4728/2391
f 4281/4729/2392 4293/4742/2404 4304/4743/2405 4292/4730/2393
f 4282/4731/2394 4294/4744/2406 4293/4745/2404 4281/4732/2392
f 4283/4733/2395 4295/4746/2407 4294/4744/2406 4282/4731/2394
f 4284/4734/2396 4296/4747/2408 4295/4746/2407 4283/4733/2395
f 4285/4735/2397 4297/4748/2409 4296/4747/2408 4284/4734/2396
f 4286/4736/2398 4298/4749/2410 4297/4748/2409 4285/4735/2397
f 4287/4737/2399 4299/4750/2411 4298/4749/2410 4286/4736/2398
f 4288/4738/2400 4300/4751/2412 4299/4750/2411 4287/4737/2399
f 4289/4739/2401 4301/4752/2413 4300/4751/2412 4288/4738/2400
f 4290/4740/2402 4302/4753/2414 4301/4752/2413 4289/4739/2401
f 4291/4741/2403 4303/4754/2415 4302/4753/2414 4290/4740/2402
f 4292/4730/2393 4304/4743/2405 4303/4754/2415 4291/4741/2403
f 4293/4742/2404 4305/4755/2416 4316/4756/2417 4304/4743/2405
f 4294/4744/2406 4306/4757/2418 4305/4758/2416 4293/4745/2404
f 4295/4746/2407 4307/4759/2419 4306/4757/2418 4294/4744/2406
f 4296/4747/2408 4308/4760/2420 4307/4759/2419 4295/4746/2407
f 4297/4748/2409 4309/4761/2421 4308/4760/2420 4296/4747/2408
f 4298/4749/2410 4310/4762/2422 4309/4761/2421 4297/4748/2409
f 4299/4750/2411 4311/4763/2423 4310/4762/2422 4298/4749/2410
f 4300/4751/2412 4312/4764/2424 4311/4763/2423 4299/4750/2411
f 4301/4752/2413 4313/4765/2425 4312/4764/2424 4300/4751/2412
f 4302/4753/2414 4314/4766/2426 4313/4765/2425 4301/4752/2413
f 4303/4754/2415 4315/4767/2427 4314/4766/2426 4302/4753/2414
f 4304/4743/2405 4316/4756/2417 4315/4767/2427 4303/4754/2415
f 4305/4755/2416 4317/4768/2428 4328/4769/2429 4316/4756/2417
f 4306/4757/2418 4318/4770/2430 4317/4771/2428 4305/4758/2416
f 4307/4759/2419 4319/4772/2431 4318/4770/2430 4306/4757/2418
f 4308/4760/2420 4320/4773/2432 4319/4772/2431 4307/4759/2419
f 4309/4761/2421 4321/4774/2433 4320/4773/2432 4308/4760/2420
f 4310/4762/2422 4322/4775/2434 4321/4774/2433 4309/4761/2421
f 4311/4763/2423 4323/4776/2435 4322/4775/2434 4310/4762/2422
f 4312/4764/2424 4324/4777/2436 4323/4776/2435 4311/4763/2423
f 4313/4765/2425 4325/4778/2437 4324/4777/2436 4312/4764/2424
f 4314/4766/2426 4326/4779/2438 4325/4778/2437 4313/4765/2425
f 4315/4767/2427 4327/4780/2439 4326/4779/2438 4314/4766/2426
f 4316/4756/2417 4328/4769/2429 4327/4780/2439 4315/4767/2427
f 4317/4768/2428 4329/4781/2440 4340/4782/2441 4328/4769/2429
f 4318/4770/2430 4330/4783/2442 4329/4784/2440 4317/4771/2428
f 4319/4772/2431 4331/4785/2443 4330/4783/2442 4318/4770/2430
f 4320/4773/2432 4332/4786/2444 4331/4785/2443 4319/4772/2431
f 4321/4774/2433 4333/4787/2445 4332/4786/2444 4320/4773/2432
f 4322/4775/2434 4334/4788/2446 4333/4787/2445 4321/4774/2433
f 4323/4776/2435 4335/4789/2447 4334/4788/2446 4322/4775/2434
f 4324/4777/2436 4336/4790/2448 4335/4789/2447 4323/4776/2435
f 4325/4778/2437 4337/4791/2449 4336/4790/2448 4324/4777/2436
f 4326/4779/2438 4338/4792/2450 4337/4791/2449 4325/4778/2437
f 4327/4780/2439 4339/4793/2451 4338/4792/2450 4326/4779/2438
f 4328/4769/2429 4340/4782/2441 4339/4793/2451 4327/4780/2439
f 4329/4781/2440 4341/4794/2452 4352/4795/2453 4340/4782/2441
f 4330/4783/2442 4342/4796/2454 4341/4797/2452 4329/4784/2440
f 4331/4785/2443 4343/4798/2455 4342/4796/2454 4330/4783/2442
f 4332/4786/2444 4344/4799/2456 4343/4798/2455 4331/4785/2443
f 4333/4787/2445 4345/4800/2457 4344/4799/2456 4332/4786/2444
f 4334/4788/2446 4346/4801/2458 4345/4800/2457 4333/4787/2445
f 4335/4789/2447 4347/4802/2459 4346/4801/2458 4334/4788/2446
f 4336/4790/2448 4348/4803/2460 4347/4802/2459 4335/4789/2447
f 4337/4791/2449 4349/4804/2461 4348/4803/2460 4336/4790/2448
f 4338/4792/2450 4350/4805/2462 4349/4804/2461 4337/4791/2449
f 4339/4793/2451 4351/4806/2463 4350/4805/2462 4338/4792/2450
f 4340/4782/2441 4352/4795/2453 4351/4806/2463 4339/4793/2451
f 4341/4794/2452 4353/4807/2464 4364/4808/2465 4352/4795/2453
f 4342/4796/2454 4354/4809/2466 4353/4810/2464 4341/4797/2452
f 4343/4798/2455 4355/4811/2467 4354/4809/2466 4342/4796/2454
f 4344/4799/2456 4356/4812/2468 4355/4811/2467 4343/4798/2455
f 4345/4800/2457 4357/4813/2469 4356/4812/2468 4344/4799/2456
f 4346/4801/2458 4358/4814/2470 4357/4813/2469 4345/4800/2457
f 4347/4802/2459 4359/4815/2471 4358/4814/2470 4346/4801/2458
f 4348/4803/2460 4360/4816/2472 4359/4815/2471 4347/4802/2459
f 4349/4804/2461 4361/4817/2473 4360/4816/2472 4348/4803/2460
f 4350/4805/2462 4362/4818/2474 4361/4817/2473 4349/4804/2461
f 4351/4806/2463 4363/4819/2475 4362/4818/2474 4350/4805/2462
f 4352/4795/2453 4364/4808/2465 4363/4819/2475 4351/4806/2463
s 0
f 4365/4820/2476 4366/4821/2476 4368/4822/2476 4367/4823/2476
f 4371/4824/2477 4372/4825/2477 4370/4826/2477 4369/4827/2477
f 4373/4828/2478 4371/4829/2478 4369/4830/2478 4374/4831/2478
f 4367/4832/2478 4373/4828/2478 4374/4831/2478 4365/4833/2478
f 4375/4834/2479 4376/4835/2479 4377/4836/2479
f 4378/4837/2480 4379/4838/2480 4380/4839/2480
f 4375/4840/2481 4379/4841/2481 4378/4842/2481 4376/4843/2481
f 4372/4844/2482 4376/4843/2482 4378/4842/2482 4370/4845/2482
f 4367/4846/2479 4368/4847/2479 4375/4834/2479 4377/4836/2479 4373/4848/2479
f 4373/4848/2483 4377/4836/2483 4376/4835/2483 4372/4849/2483 4371/4850/2483
f 4375/4840/2484 4368/4851/2484 4366/4852/2484 4379/4841/2484
f 4369/4853/2485 4370/4854/2485 4378/4837/2485 4380/4839/2485 4374/4855/2485
f 4374/4855/2480 4380/4839/2480 4379/4838/2480 4366/4856/2480 4365/4857/2480
f 4381/4820/2486 4382/4821/2486 4384/4822/2486 4383/4823/2486
f 4387/4824/2487 4388/4825/2487 4386/4826/2487 4385/4827/2487
f 4389/4828/2488 4387/4829/2488 4385/4830/2488 4390/4831/2488
f 4383/4832/2488 4389/4828/2488 4390/4831/2488 4381/4833/2488
f 4391/4834/2489 4392/4835/2489 4393/4836/2489
f 4394/4837/2490 4395/4838/2490 4396/4839/2490
f 4391/4840/2491 4395/4841/2491 4394/4842/2491 4392/4843/2491
f 4388/4844/2492 4392/4843/2492 4394/4842/2492 4386/4845/2492
f 4383/4846/2489 4384/4847/2489 4391/4834/2489 4393/4836/2489 4389/4848/2489
f 4389/4848/2489 4393/4836/2489 4392/4835/2489 4388/4849/2489 4387/4850/2489
f 4391/4840/2493 4384/4851/2493 4382/4852/2493 4395/4841/2493
f 4385/4853/2490 4386/4854/2490 4394/4837/2490 4396/4839/2490 4390/4855/2490
f 4390/4855/2490 4396/4839/2490 4395/4838/2490 4382/4856/2490 4381/4857/2490
f 4397/4820/2494 4398/4821/2494 4400/4822/2494 4399/4823/2494
f 4403/4824/2495 4404/4825/2495 4402/4826/2495 4401/4827/2495
f 4405/4828/2496 4403/4829/2496 4401/4830/2496 4406/4831/2496
f 4399/4832/2496 4405/4828/2496 4406/4831/2496 4397/4833/2496
f 4407/4834/2497 4408/4835/2497 4409/4836/2497
f 4410/4837/2498 4411/4838/2498 4412/4839/2498
f 4407/4840/2499 4411/4841/2499 4410/4842/2499 4408/4843/2499
f 4404/4844/2500 4408/4843/2500 4410/4842/2500 4402/4845/2500
f 4399/4846/2497 4400/4847/2497 4407/4834/2497 4409/4836/2497 4405/4848/2497
f 4405/4848/2497 4409/4836/2497 4408/4835/2497 4404/4849/2497 4403/4850/2497
f 4407/4840/2501 4400/4851/2501 4398/4852/2501 4411/4841/2501
f 4401/4853/2498 4402/4854/2498 4410/4837/2498 4412/4839/2498 4406/4855/2498
f 4406/4855/2498 4412/4839/2498 4411/4838/2498 4398/4856/2498 4397/4857/2498
f 4413/4820/2502 4414/4821/2502 4416/4822/2502 4415/4823/2502
f 4419/4824/2503 4420/4825/2503 4418/4826/2503 4417/4827/2503
f 4421/4828/2496 4419/4829/2496 4417/4830/2496 4422/4831/2496
f 4415/4832/2496 4421/4828/2496 4422/4831/2496 4413/4833/2496
f 4423/4834/2504 4424/4835/2504 4425/4836/2504
f 4426/4837/2505 4427/4838/2505 4428/4839/2505
f 4423/4840/2499 4427/4841/2499 4426/4842/2499 4424/4843/2499
f 4420/4844/2506 4424/4843/2506 4426/4842/2506 4418/4845/2506
f 4415/4846/2504 4416/4847/2504 4423/4834/2504 4425/4836/2504 4421/4848/2504
f 4421/4848/2504 4425/4836/2504 4424/4835/2504 4420/4849/2504 4419/4850/2504
f 4423/4840/2507 4416/4851/2507 4414/4852/2507 4427/4841/2507
f 4417/4853/2505 4418/4854/2505 4426/4837/2505 4428/4839/2505 4422/4855/2505
f 4422/4855/2505 4428/4839/2505 4427/4838/2505 4414/4856/2505 4413/4857/2505
s 1
f 4432/4858/2508 4434/4859/2509 4433/4860/2509 4431/4861/2508
f 4434/4859/2509 4436/4862/2510 4435/4863/2510 4433/4860/2509
f 4436/4862/2510 4438/4864/2477 4437/4865/2477 4435/4863/2510
f 4438/4864/2477 4440/4866/2511 4439/4867/2511 4437/4865/2477
f 4440/4866/2511 4442/4868/2512 4441/4869/2512 4439/4867/2511
f 4442/4868/2512 4444/4870/2513 4443/4871/2513 4441/4869/2512
f 4444/4870/2513 4446/4872/2483 4445/4873/2483 4443/4871/2513
f 4446/4872/2483 4448/4874/2514 4447/4875/2514 4445/4873/2483
f 4448/4874/2514 4450/4876/2515 4449/4877/2515 4447/4875/2514
f 4450/4876/2515 4452/4878/2516 4451/4879/2516 4449/4877/2515
f 4452/4878/2516 4454/4880/2476 4453/4881/2476 4451/4879/2516
f 4454/4880/2476 4456/4882/2517 4455/4883/2517 4453/4881/2476
f 4456/4882/2517 4458/4884/2518 4457/4885/2518 4455/4883/2517
f 4458/4884/2518 4460/4886/2519 4459/4887/2519 4457/4885/2518
f 4460/4886/2519 4430/4888/2480 4429/4889/2480 4459/4887/2519
f 4430/4890/2478 4460/4891/2478 4458/4892/2478 4456/4893/2478 4454/4894/2478 4452/4895/2478 4450/4896/2478 4448/4897/2478 4446/4898/2478 4444/4899/2478 4442/4900/2478 4440/4901/2478 4438/4902/2478 4436/4903/2478 4434/4904/2478 4432/4905/2478
f 4430/4888/2480 4432/4858/2508 4431/4861/2508 4429/4889/2480
f 4467/4906/2520 4468/4907/2521 4462/4908/2522 4587/4909/2523
f 4462/4908/2522 4468/4907/2521 4469/4910/2524 4588/4911/2525
f 4469/4910/2524 4470/4912/2526 4463/4913/2527 4588/4911/2525
f 4463/4913/2527 4470/4912/2526 4471/4914/2528 4589/4915/2529
f 4471/4914/2528 4472/4916/2530 4464/4917/2531 4589/4915/2529
f 4464/4917/2531 4472/4916/2530 4473/4918/2532 4465/4919/2533
f 4466/4920/2534 4474/4921/2535 4475/4922/2536 4467/4906/2520
f 4461/4923/2537 4474/4921/2535 4466/4920/2534
f 4470/4912/2526 4478/4924/2538 4479/4925/2539 4471/4914/2528
f 4471/4914/2528 4479/4925/2539 4480/4926/2540 4472/4916/2530
f 4472/4916/2530 4480/4926/2540 4481/4927/2541 4473/4918/2532
f 4474/4921/2535 4482/4928/2542 4483/4929/2543 4475/4922/2536
f 4461/4923/2537 4482/4928/2542 4474/4921/2535
f 4467/4906/2520 4475/4922/2536 4476/4930/2544 4468/4907/2521
f 4468/4907/2521 4476/4930/2544 4477/4931/2545 4469/4910/2524
f 4469/4910/2524 4477/4931/2545 4478/4924/2538 4470/4912/2526
f 4479/4925/2539 4487/4932/2546 4488/4933/2547 4480/4926/2540
f 4480/4926/2540 4488/4933/2547 4489/4934/2548 4481/4927/2541
f 4482/4928/2542 4490/4935/2549 4491/4936/2550 4483/4929/2543
f 4461/4923/2537 4490/4935/2549 4482/4928/2542
f 4475/4922/2536 4483/4929/2543 4484/4937/2551 4476/4930/2544
f 4476/4930/2544 4484/4937/2551 4485/4938/2552 4477/4931/2545
f 4477/4931/2545 4485/4938/2552 4486/4939/2553 4478/4924/2538
f 4478/4924/2538 4486/4939/2553 4487/4932/2546 4479/4925/2539
f 4487/4932/2546 4495/4940/2554 4496/4941/2555 4488/4933/2547
f 4488/4933/2547 4496/4941/2555 4497/4942/2556 4489/4934/2548
f 4490/4935/2549 4498/4943/2557 4499/4944/2558 4491/4936/2550
f 4461/4923/2537 4498/4943/2557 4490/4935/2549
f 4483/4929/2543 4491/4936/2550 4492/4945/2559 4484/4937/2551
f 4484/4937/2551 4492/4945/2559 4493/4946/2560 4485/4938/2552
f 4485/4938/2552 4493/4946/2560 4494/4947/2561 4486/4939/2553
f 4486/4939/2553 4494/4947/2561 4495/4940/2554 4487/4932/2546
f 4496/4941/2555 4504/4948/2562 4505/4949/2563 4497/4942/2556
f 4498/4943/2557 4506/4950/2564 4507/4951/2565 4499/4944/2558
f 4461/4923/2537 4506/4950/2564 4498/4943/2557
f 4491/4936/2550 4499/4944/2558 4500/4952/2566 4492/4945/2559
f 4492/4945/2559 4500/4952/2566 4501/4953/2567 4493/4946/2560
f 4493/4946/2560 4501/4953/2567 4502/4954/2568 4494/4947/2561
f 4494/4947/2561 4502/4954/2568 4503/4955/2569 4495/4940/2554
f 4495/4940/2554 4503/4955/2569 4504/4948/2562 4496/4941/2555
f 4504/4948/2562 4512/4956/2570 4513/4957/2571 4505/4949/2563
f 4506/4950/2564 4514/4958/2572 4515/4959/2573 4507/4951/2565
f 4461/4923/2537 4514/4958/2572 4506/4950/2564
f 4499/4944/2558 4507/4951/2565 4508/4960/2574 4500/4952/2566
f 4500/4952/2566 4508/4960/2574 4509/4961/2575 4501/4953/2567
f 4501/4953/2567 4509/4961/2575 4510/4962/2576 4502/4954/2568
f 4502/4954/2568 4510/4962/2576 4511/4963/2577 4503/4955/2569
f 4503/4955/2569 4511/4963/2577 4512/4956/2570 4504/4948/2562
f 4514/4958/2572 4522/4964/2578 4523/4965/2579 4515/4959/2573
f 4461/4923/2537 4522/4964/2578 4514/4958/2572
f 4507/4951/2565 4515/4959/2573 4516/4966/2580 4508/4960/2574
f 4508/4960/2574 4516/4966/2580 4517/4967/2581 4509/4961/2575
f 4509/4961/2575 4517/4967/2581 4518/4968/2582 4510/4962/2576
f 4510/4962/2576 4518/4968/2582 4519/4969/2583 4511/4963/2577
f 4511/4963/2577 4519/4969/2583 4520/4970/2584 4512/4956/2570
f 4512/4956/2570 4520/4970/2584 4521/4971/2585 4513/4957/2571
f 4461/4923/2537 4530/4972/2586 4522/4964/2578
f 4515/4959/2573 4523/4965/2579 4524/4973/2587 4516/4966/2580
f 4516/4966/2580 4524/4973/2587 4525/4974/2588 4517/4967/2581
f 4517/4967/2581 4525/4974/2588 4526/4975/2589 4518/4968/2582
f 4518/4968/2582 4526/4975/2589 4527/4976/2590 4519/4969/2583
f 4519/4969/2583 4527/4976/2590 4528/4977/2591 4520/4970/2584
f 4520/4970/2584 4528/4977/2591 4529/4978/2592 4521/4971/2585
f 4522/4964/2578 4530/4972/2586 4531/4979/2593 4523/4965/2579
f 4523/4965/2579 4531/4979/2593 4532/4980/2594 4524/4973/2587
f 4524/4973/2587 4532/4980/2594 4533/4981/2595 4525/4974/2588
f 4525/4974/2588 4533/4981/2595 4534/4982/2596 4526/4975/2589
f 4526/4975/2589 4534/4982/2596 4535/4983/2597 4527/4976/2590
f 4527/4976/2590 4535/4983/2597 4536/4984/2598 4528/4977/2591
f 4528/4977/2591 4536/4984/2598 4537/4985/2599 4529/4978/2592
f 4530/4972/2586 4538/4986/2600 4539/4987/2601 4531/4979/2593
f 4461/4923/2537 4538/4986/2600 4530/4972/2586
f 4531/4979/2593 4539/4987/2601 4540/4988/2602 4532/4980/2594
f 4532/4980/2594 4540/4988/2602 4541/4989/2603 4533/4981/2595
f 4533/4981/2595 4541/4989/2603 4542/4990/2604 4534/4982/2596
f 4534/4982/2596 4542/4990/2604 4543/4991/2605 4535/4983/2597
f 4535/4983/2597 4543/4991/2605 4544/4992/2606 4536/4984/2598
f 4536/4984/2598 4544/4992/2606 4545/4993/2607 4537/4985/2599
f 4538/4986/2600 4546/4994/2608 4547/4995/2609 4539/4987/2601
f 4461/4923/2537 4546/4994/2608 4538/4986/2600
f 4540/4988/2602 4548/4996/2610 4549/4997/2611 4541/4989/2603
f 4541/4989/2603 4549/4997/2611 4550/4998/2612 4542/4990/2604
f 4542/4990/2604 4550/4998/2612 4551/4999/2613 4543/4991/2605
f 4543/4991/2605 4551/4999/2613 4552/5000/2614 4544/4992/2606
f 4544/4992/2606 4552/5000/2614 4553/5001/2615 4545/4993/2607
f 4546/4994/2608 4554/5002/2616 4555/5003/2617 4547/4995/2609
f 4461/4923/2537 4554/5002/2616 4546/4994/2608
f 4539/4987/2601 4547/4995/2609 4548/4996/2610 4540/4988/2602
f 4549/4997/2611 4557/5004/2618 4558/5005/2619 4550/4998/2612
f 4550/4998/2612 4558/5005/2619 4559/5006/2620 4551/4999/2613
f 4551/4999/2613 4559/5006/2620 4560/5007/2621 4552/5000/2614
f 4552/5000/2614 4560/5007/2621 4561/5008/2622 4553/5001/2615
f 4554/5002/2616 4562/5009/2623 4563/5010/2624 4555/5003/2617
f 4461/4923/2537 4562/5009/2623 4554/5002/2616
f 4547/4995/2609 4555/5003/2617 4556/5011/2625 4548/4996/2610
f 4548/4996/2610 4556/5011/2625 4557/5004/2618 4549/4997/2611
f 4557/5004/2618 4565/5012/2626 4566/5013/2627 4558/5005/2619
f 4558/5005/2619 4566/5013/2627 4567/5014/2628 4559/5006/2620
f 4559/5006/2620 4567/5014/2628 4568/5015/2629 4560/5007/2621
f 4560/5007/2621 4568/5015/2629 4569/5016/2630 4561/5008/2622
f 4562/5009/2623 4570/5017/2631 4571/5018/2632 4563/5010/2624
f 4461/4923/2537 4570/5017/2631 4562/5009/2623
f 4555/5003/2617 4563/5010/2624 4564/5019/2633 4556/5011/2625
f 4556/5011/2625 4564/5019/2633 4565/5012/2626 4557/5004/2618
f 4566/5013/2627 4574/5020/2634 4575/5021/2635 4567/5014/2628
f 4567/5014/2628 4575/5021/2635 4576/5022/2636 4568/5015/2629
f 4568/5015/2629 4576/5022/2636 4577/5023/2637 4569/5016/2630
f 4570/5017/2631 4578/5024/2638 4579/5025/2639 4571/5018/2632
f 4461/4923/2537 4578/5024/2638 4570/5017/2631
f 4563/5010/2624 4571/5018/2632 4572/5026/2640 4564/5019/2633
f 4564/5019/2633 4572/5026/2640 4573/5027/2641 4565/5012/2626
f 4565/5012/2626 4573/5027/2641 4574/5020/2634 4566/5013/2627
f 4574/5020/2634 4582/5028/2642 4583/5029/2643 4575/5021/2635
f 4575/5021/2635 4583/5029/2643 4584/5030/2644 4576/5022/2636
f 4576/5022/2636 4584/5030/2644 4585/5031/2645 4577/5023/2637
f 4578/5024/2638 4586/5032/2646 4587/4909/2523 4579/5025/2639
f 4461/4923/2537 4586/5032/2646 4578/5024/2638
f 4571/5018/2632 4579/5025/2639 4580/5033/2647 4572/5026/2640
f 4572/5026/2640 4580/5033/2647 4581/5034/2648 4573/5027/2641
f 4573/5027/2641 4581/5034/2648 4582/5028/2642 4574/5020/2634
f 4583/5029/2643 4589/4915/2529 4464/4917/2531 4584/5030/2644
f 4584/5030/2644 4464/4917/2531 4465/4919/2533 4585/5031/2645
f 4461/4923/2537 4466/4920/2534 4586/5032/2646
f 4579/5025/2639 4587/4909/2523 4462/4908/2522 4580/5033/2647
f 4580/5033/2647 4462/4908/2522 4588/4911/2525 4581/5034/2648
f 4581/5034/2648 4588/4911/2525 4463/4913/2527 4582/5028/2642
f 4582/5028/2642 4463/4913/2527 4589/4915/2529 4583/5029/2643
f 4466/4920/2534 4467/4906/2520 4587/4909/2523 4586/5032/2646
f 4590/5035/2485 4591/5036/2485 4593/5037/2649 4592/5038/2649
f 4592/5038/2649 4593/5037/2649 4595/5039/2508 4594/5040/2508
f 4594/5040/2508 4595/5039/2508 4597/5041/2650 4596/5042/2650
f 4596/5042/2650 4597/5041/2650 4599/5043/2509 4598/5044/2509
f 4598/5044/2509 4599/5043/2509 4601/5045/2651 4600/5046/2651
f 4600/5046/2651 4601/5045/2651 4603/5047/2510 4602/5048/2510
f 4602/5048/2510 4603/5047/2510 4605/5049/2652 4604/5050/2652
f 4604/5050/2652 4605/5049/2652 4607/5051/2477 4606/5052/2477
f 4606/5052/2477 4607/5051/2477 4609/5053/2653 4608/5054/2653
f 4608/5054/2653 4609/5053/2653 4611/5055/2654 4610/5056/2654
f 4614/5057/2655 4615/5058/2655 4617/5059/2656 4616/5060/2656
f 4616/5060/2656 4617/5059/2656 4619/5061/2513 4618/5062/2513
f 4618/5062/2513 4619/5061/2513 4621/5063/2657 4620/5064/2657
f 4620/5064/2657 4621/5063/2657 4623/5065/2483 4622/5066/2483
f 4622/5066/2483 4623/5065/2483 4625/5067/2658 4624/5068/2658
f 4624/5068/2658 4625/5067/2658 4627/5069/2514 4626/5070/2514
f 4626/5070/2514 4627/5069/2514 4629/5071/2659 4628/5072/2659
f 4628/5072/2659 4629/5071/2659 4631/5073/2515 4630/5074/2515
f 4630/5074/2515 4631/5073/2515 4633/5075/2660 4632/5076/2660
f 4632/5076/2660 4633/5075/2660 4635/5077/2516 4634/5078/2516
f 4634/5078/2516 4635/5077/2516 4637/5079/2661 4636/5080/2661
f 4636/5080/2661 4637/5079/2661 4639/5081/2476 4638/5082/2476
f 4638/5082/2476 4639/5081/2476 4641/5083/2662 4640/5084/2662
f 4640/5084/2662 4641/5083/2662 4643/5085/2517 4642/5086/2517
f 4642/5086/2517 4643/5085/2517 4645/5087/2663 4644/5088/2663
f 4644/5088/2663 4645/5087/2663 4647/5089/2518 4646/5090/2518
f 4646/5090/2518 4647/5089/2518 4649/5091/2664 4648/5092/2664
f 4648/5092/2664 4649/5091/2664 4651/5093/2519 4650/5094/2519
f 4593/5095/2478 4591/5096/2478 4653/5097/2478 4651/5098/2478 4649/5099/2478 4647/5100/2478 4645/5101/2478 4643/5102/2478 4641/5103/2478 4639/5104/2478 4637/5105/2478 4635/5106/2478 4633/5107/2478 4631/5108/2478 4629/5109/2478 4627/5110/2478 4625/5111/2478 4623/5112/2478 4621/5113/2478 4619/5114/2478 4617/5115/2478 4615/5116/2478 4613/5117/2478 4611/5118/2478 4609/5119/2478 4607/5120/2478 4605/5121/2478 4603/5122/2478 4601/5123/2478 4599/5124/2478 4597/5125/2478 4595/5126/2478
f 4650/5094/2519 4651/5093/2519 4653/5127/2665 4652/5128/2665
f 4652/5128/2665 4653/5127/2665 4591/5036/2485 4590/5035/2485
f 4590/5129/2481 4592/5130/2481 4594/5131/2481 4596/5132/2481 4598/5133/2481 4600/5134/2481 4602/5135/2481 4604/5136/2481 4606/5137/2481 4608/5138/2481 4610/5139/2481 4612/5140/2481 4614/5141/2481 4616/5142/2481 4618/5143/2481 4620/5144/2481 4622/5145/2481 4624/5146/2481 4626/5147/2481 4628/5148/2481 4630/5149/2481 4632/5150/2481 4634/5151/2481 4636/5152/2481 4638/5153/2481 4640/5154/2481 4642/5155/2481 4644/5156/2481 4646/5157/2481 4648/5158/2481 4650/5159/2481 4652/5160/2481
f 4660/5161/2666 4780/5162/2667 4655/5163/2668 4661/5164/2669
f 4655/5163/2668 4781/5165/2670 4662/5166/2671 4661/5164/2669
f 4662/5166/2671 4781/5165/2670 4656/5167/2672 4663/5168/2673
f 4656/5167/2672 4782/5169/2674 4664/5170/2675 4663/5168/2673
f 4664/5170/2675 4782/5169/2674 4657/5171/2676 4665/5172/2677
f 4657/5171/2676 4658/5173/2678 4666/5174/2679 4665/5172/2677
f 4659/5175/2680 4660/5161/2666 4668/5176/2681 4667/5177/2682
f 4654/5178/2683 4659/5175/2680 4667/5177/2682
f 4663/5168/2673 4664/5170/2675 4672/5179/2684 4671/5180/2685
f 4664/5170/2675 4665/5172/2677 4673/5181/2686 4672/5179/2684
f 4665/5172/2677 4666/5174/2679 4674/5182/2687 4673/5181/2686
f 4667/5177/2682 4668/5176/2681 4676/5183/2688 4675/5184/2689
f 4654/5178/2683 4667/5177/2682 4675/5184/2689
f 4660/5161/2666 4661/5164/2669 4669/5185/2690 4668/5176/2681
f 4661/5164/2669 4662/5166/2671 4670/5186/2691 4669/5185/2690
f 4662/5166/2671 4663/5168/2673 4671/5180/2685 4670/5186/2691
f 4672/5179/2684 4673/5181/2686 4681/5187/2692 4680/5188/2693
f 4673/5181/2686 4674/5182/2687 4682/5189/2694 4681/5187/2692
f 4675/5184/2689 4676/5183/2688 4684/5190/2695 4683/5191/2696
f 4654/5178/2683 4675/5184/2689 4683/5191/2696
f 4668/5176/2681 4669/5185/2690 4677/5192/2697 4676/5183/2688
f 4669/5185/2690 4670/5186/2691 4678/5193/2698 4677/5192/2697
f 4670/5186/2691 4671/5180/2685 4679/5194/2699 4678/5193/2698
f 4671/5180/2685 4672/5179/2684 4680/5188/2693 4679/5194/2699
f 4680/5188/2693 4681/5187/2692 4689/5195/2700 4688/5196/2701
f 4681/5187/2692 4682/5189/2694 4690/5197/2702 4689/5195/2700
f 4683/5191/2696 4684/5190/2695 4692/5198/2703 4691/5199/2704
f 4654/5178/2683 4683/5191/2696 4691/5199/2704
f 4676/5183/2688 4677/5192/2697 4685/5200/2705 4684/5190/2695
f 4677/5192/2697 4678/5193/2698 4686/5201/2706 4685/5200/2705
f 4678/5193/2698 4679/5194/2699 4687/5202/2707 4686/5201/2706
f 4679/5194/2699 4680/5188/2693 4688/5196/2701 4687/5202/2707
f 4689/5195/2700 4690/5197/2702 4698/5203/2708 4697/5204/2709
f 4691/5199/2704 4692/5198/2703 4700/5205/2710 4699/5206/2711
f 4654/5178/2683 4691/5199/2704 4699/5206/2711
f 4684/5190/2695 4685/5200/2705 4693/5207/2712 4692/5198/2703
f 4685/5200/2705 4686/5201/2706 4694/5208/2713 4693/5207/2712
f 4686/5201/2706 4687/5202/2707 4695/5209/2714 4694/5208/2713
f 4687/5202/2707 4688/5196/2701 4696/5210/2715 4695/5209/2714
f 4688/5196/2701 4689/5195/2700 4697/5204/2709 4696/5210/2715
f 4697/5204/2709 4698/5203/2708 4706/5211/2716 4705/5212/2717
f 4699/5206/2711 4700/5205/2710 4708/5213/2718 4707/5214/2719
f 4654/5178/2683 4699/5206/2711 4707/5214/2719
f 4692/5198/2703 4693/5207/2712 4701/5215/2720 4700/5205/2710
f 4693/5207/2712 4694/5208/2713 4702/5216/2721 4701/5215/2720
f 4694/5208/2713 4695/5209/2714 4703/5217/2722 4702/5216/2721
f 4695/5209/2714 4696/5210/2715 4704/5218/2723 4703/5217/2722
f 4696/5210/2715 4697/5204/2709 4705/5212/2717 4704/5218/2723
f 4707/5214/2719 4708/5213/2718 4716/5219/2724 4715/5220/2725
f 4654/5178/2683 4707/5214/2719 4715/5220/2725
f 4700/5205/2710 4701/5215/2720 4709/5221/2726 4708/5213/2718
f 4701/5215/2720 4702/5216/2721 4710/5222/2727 4709/5221/2726
f 4702/5216/2721 4703/5217/2722 4711/5223/2728 4710/5222/2727
f 4703/5217/2722 4704/5218/2723 4712/5224/2729 4711/5223/2728
f 4704/5218/2723 4705/5212/2717 4713/5225/2730 4712/5224/2729
f 4705/5212/2717 4706/5211/2716 4714/5226/2731 4713/5225/2730
f 4654/5178/2683 4715/5220/2725 4723/5227/2732
f 4708/5213/2718 4709/5221/2726 4717/5228/2733 4716/5219/2724
f 4709/5221/2726 4710/5222/2727 4718/5229/2734 4717/5228/2733
f 4710/5222/2727 4711/5223/2728 4719/5230/2735 4718/5229/2734
f 4711/5223/2728 4712/5224/2729 4720/5231/2736 4719/5230/2735
f 4712/5224/2729 4713/5225/2730 4721/5232/2737 4720/5231/2736
f 4713/5225/2730 4714/5226/2731 4722/5233/2738 4721/5232/2737
f 4715/5220/2725 4716/5219/2724 4724/5234/2739 4723/5227/2732
f 4716/5219/2724 4717/5228/2733 4725/5235/2740 4724/5234/2739
f 4717/5228/2733 4718/5229/2734 4726/5236/2741 4725/5235/2740
f 4718/5229/2734 4719/5230/2735 4727/5237/2742 4726/5236/2741
f 4719/5230/2735 4720/5231/2736 4728/5238/2743 4727/5237/2742
f 4720/5231/2736 4721/5232/2737 4729/5239/2744 4728/5238/2743
f 4721/5232/2737 4722/5233/2738 4730/5240/2745 4729/5239/2744
f 4723/5227/2732 4724/5234/2739 4732/5241/2746 4731/5242/2747
f 4654/5178/2683 4723/5227/2732 4731/5242/2747
f 4724/5234/2739 4725/5235/2740 4733/5243/2748 4732/5241/2746
f 4725/5235/2740 4726/5236/2741 4734/5244/2749 4733/5243/2748
f 4726/5236/2741 4727/5237/2742 4735/5245/2750 4734/5244/2749
f 4727/5237/2742 4728/5238/2743 4736/5246/2751 4735/5245/2750
f 4728/5238/2743 4729/5239/2744 4737/5247/2752 4736/5246/2751
f 4729/5239/2744 4730/5240/2745 4738/5248/2753 4737/5247/2752
f 4731/5242/2747 4732/5241/2746 4740/5249/2754 4739/5250/2755
f 4654/5178/2683 4731/5242/2747 4739/5250/2755
f 4733/5243/2748 4734/5244/2749 4742/5251/2756 4741/5252/2757
f 4734/5244/2749 4735/5245/2750 4743/5253/2758 4742/5251/2756
f 4735/5245/2750 4736/5246/2751 4744/5254/2759 4743/5253/2758
f 4736/5246/2751 4737/5247/2752 4745/5255/2760 4744/5254/2759
f 4737/5247/2752 4738/5248/2753 4746/5256/2761 4745/5255/2760
f 4739/5250/2755 4740/5249/2754 4748/5257/2762 4747/5258/2763
f 4654/5178/2683 4739/5250/2755 4747/5258/2763
f 4732/5241/2746 4733/5243/2748 4741/5252/2757 4740/5249/2754
f 4742/5251/2756 4743/5253/2758 4751/5259/2764 4750/5260/2765
f 4743/5253/2758 4744/5254/2759 4752/5261/2766 4751/5259/2764
f 4744/5254/2759 4745/5255/2760 4753/5262/2767 4752/5261/2766
f 4745/5255/2760 4746/5256/2761 4754/5263/2768 4753/5262/2767
f 4747/5258/2763 4748/5257/2762 4756/5264/2769 4755/5265/2770
f 4654/5178/2683 4747/5258/2763 4755/5265/2770
f 4740/5249/2754 4741/5252/2757 4749/5266/2771 4748/5257/2762
f 4741/5252/2757 4742/5251/2756 4750/5260/2765 4749/5266/2771
f 4750/5260/2765 4751/5259/2764 4759/5267/2772 4758/5268/2773
f 4751/5259/2764 4752/5261/2766 4760/5269/2774 4759/5267/2772
f 4752/5261/2766 4753/5262/2767 4761/5270/2775 4760/5269/2774
f 4753/5262/2767 4754/5263/2768 4762/5271/2776 4761/5270/2775
f 4755/5265/2770 4756/5264/2769 4764/5272/2777 4763/5273/2778
f 4654/5178/2683 4755/5265/2770 4763/5273/2778
f 4748/5257/2762 4749/5266/2771 4757/5274/2779 4756/5264/2769
f 4749/5266/2771 4750/5260/2765 4758/5268/2773 4757/5274/2779
f 4759/5267/2772 4760/5269/2774 4768/5275/2780 4767/5276/2781
f 4760/5269/2774 4761/5270/2775 4769/5277/2782 4768/5275/2780
f 4761/5270/2775 4762/5271/2776 4770/5278/2783 4769/5277/2782
f 4763/5273/2778 4764/5272/2777 4772/5279/2784 4771/5280/2785
f 4654/5178/2683 4763/5273/2778 4771/5280/2785
f 4756/5264/2769 4757/5274/2779 4765/5281/2786 4764/5272/2777
f 4757/5274/2779 4758/5268/2773 4766/5282/2787 4765/5281/2786
f 4758/5268/2773 4759/5267/2772 4767/5276/2781 4766/5282/2787
f 4767/5276/2781 4768/5275/2780 4776/5283/2788 4775/5284/2789
f 4768/5275/2780 4769/5277/2782 4777/5285/2790 4776/5283/2788
f 4769/5277/2782 4770/5278/2783 4778/5286/2791 4777/5285/2790
f 4771/5280/2785 4772/5279/2784 4780/5162/2667 4779/5287/2792
f 4654/5178/2683 4771/5280/2785 4779/5287/2792
f 4764/5272/2777 4765/5281/2786 4773/5288/2793 4772/5279/2784
f 4765/5281/2786 4766/5282/2787 4774/5289/2794 4773/5288/2793
f 4766/5282/2787 4767/5276/2781 4775/5284/2789 4774/5289/2794
f 4776/5283/2788 4777/5285/2790 4657/5171/2676 4782/5169/2674
f 4777/5285/2790 4778/5286/2791 4658/5173/2678 4657/5171/2676
f 4654/5178/2683 4779/5287/2792 4659/5175/2680
f 4772/5279/2784 4773/5288/2793 4655/5163/2668 4780/5162/2667
f 4773/5288/2793 4774/5289/2794 4781/5165/2670 4655/5163/2668
f 4774/5289/2794 4775/5284/2789 4656/5167/2672 4781/5165/2670
f 4775/5284/2789 4776/5283/2788 4782/5169/2674 4656/5167/2672
f 4659/5175/2680 4779/5287/2792 4780/5162/2667 4660/5161/2666
f 4786/5290/2508 4788/5291/2509 4787/5292/2509 4785/5293/2508
f 4788/5291/2509 4790/5294/2510 4789/5295/2510 4787/5292/2509
f 4790/5294/2510 4792/5296/2477 4791/5297/2477 4789/5295/2510
f 4792/5296/2477 4794/5298/2511 4793/5299/2511 4791/5297/2477
f 4794/5298/2511 4796/5300/2512 4795/5301/2512 4793/5299/2511
f 4796/5300/2512 4798/5302/2513 4797/5303/2513 4795/5301/2512
f 4798/5302/2513 4800/5304/2483 4799/5305/2483 4797/5303/2513
f 4800/5304/2483 4802/5306/2514 4801/5307/2514 4799/5305/2483
f 4802/5306/2514 4804/5308/2515 4803/5309/2515 4801/5307/2514
f 4804/5308/2515 4806/5310/2516 4805/5311/2516 4803/5309/2515
f 4806/5310/2516 4808/5312/2476 4807/5313/2476 4805/5311/2516
f 4808/5312/2476 4810/5314/2517 4809/5315/2517 4807/5313/2476
f 4810/5314/2517 4812/5316/2518 4811/5317/2518 4809/5315/2517
f 4812/5316/2518 4814/5318/2519 4813/5319/2519 4811/5317/2518
f 4814/5318/2519 4784/5320/2480 4783/5321/2480 4813/5319/2519
f 4784/5322/2478 4814/5323/2478 4812/5324/2478 4810/5325/2478 4808/5326/2478 4806/5327/2478 4804/5328/2478 4802/5329/2478 4800/5330/2478 4798/5331/2478 4796/5332/2478 4794/5333/2478 4792/5334/2478 4790/5335/2478 4788/5336/2478 4786/5337/2478
f 4784/5320/2480 4786/5290/2508 4785/5293/2508 4783/5321/2480
f 4821/5338/2520 4822/5339/2521 4816/5340/2522 4941/5341/2523
f 4816/5340/2522 4822/5339/2521 4823/5342/2524 4942/5343/2525
f 4823/5342/2524 4824/5344/2526 4817/5345/2527 4942/5343/2525
f 4817/5345/2527 4824/5344/2526 4825/5346/2528 4943/5347/2529
f 4825/5346/2528 4826/5348/2530 4818/5349/2531 4943/5347/2529
f 4818/5349/2531 4826/5348/2530 4827/5350/2532 4819/5351/2533
f 4820/5352/2534 4828/5353/2535 4829/5354/2536 4821/5338/2520
f 4815/5355/2537 4828/5353/2535 4820/5352/2534
f 4824/5344/2526 4832/5356/2538 4833/5357/2539 4825/5346/2528
f 4825/5346/2528 4833/5357/2539 4834/5358/2540 4826/5348/2530
f 4826/5348/2530 4834/5358/2540 4835/5359/2541 4827/5350/2532
f 4828/5353/2535 4836/5360/2542 4837/5361/2543 4829/5354/2536
f 4815/5355/2537 4836/5360/2542 4828/5353/2535
f 4821/5338/2520 4829/5354/2536 4830/5362/2544 4822/5339/2521
f 4822/5339/2521 4830/5362/2544 4831/5363/2545 4823/5342/2524
f 4823/5342/2524 4831/5363/2545 4832/5356/2538 4824/5344/2526
f 4833/5357/2539 4841/5364/2546 4842/5365/2547 4834/5358/2540
f 4834/5358/2540 4842/5365/2547 4843/5366/2548 4835/5359/2541
f 4836/5360/2542 4844/5367/2549 4845/5368/2550 4837/5361/2543
f 4815/5355/2537 4844/5367/2549 4836/5360/2542
f 4829/5354/2536 4837/5361/2543 4838/5369/2551 4830/5362/2544
f 4830/5362/2544 4838/5369/2551 4839/5370/2552 4831/5363/2545
f 4831/5363/2545 4839/5370/2552 4840/5371/2553 4832/5356/2538
f 4832/5356/2538 4840/5371/2553 4841/5364/2546 4833/5357/2539
f 4841/5364/2546 4849/5372/2554 4850/5373/2555 4842/5365/2547
f 4842/5365/2547 4850/5373/2555 4851/5374/2556 4843/5366/2548
f 4844/5367/2549 4852/5375/2557 4853/5376/2558 4845/5368/2550
f 4815/5355/2537 4852/5375/2557 4844/5367/2549
f 4837/5361/2543 4845/5368/2550 4846/5377/2559 4838/5369/2551
f 4838/5369/2551 4846/5377/2559 4847/5378/2560 4839/5370/2552
f 4839/5370/2552 4847/5378/2560 4848/5379/2561 4840/5371/2553
f 4840/5371/2553 4848/5379/2561 4849/5372/2554 4841/5364/2546
f 4850/5373/2555 4858/5380/2562 4859/5381/2563 4851/5374/2556
f 4852/5375/2557 4860/5382/2564 4861/5383/2565 4853/5376/2558
f 4815/5355/2537 4860/5382/2564 4852/5375/2557
f 4845/5368/2550 4853/5376/2558 4854/5384/2566 4846/5377/2559
f 4846/5377/2559 4854/5384/2566 4855/5385/2567 4847/5378/2560
f 4847/5378/2560 4855/5385/2567 4856/5386/2568 4848/5379/2561
f 4848/5379/2561 4856/5386/2568 4857/5387/2569 4849/5372/2554
f 4849/5372/2554 4857/5387/2569 4858/5380/2562 4850/5373/2555
f 4858/5380/2562 4866/5388/2570 4867/5389/2571 4859/5381/2563
f 4860/5382/2564 4868/5390/2572 4869/5391/2573 4861/5383/2565
f 4815/5355/2537 4868/5390/2572 4860/5382/2564
f 4853/5376/2558 4861/5383/2565 4862/5392/2574 4854/5384/2566
f 4854/5384/2566 4862/5392/2574 4863/5393/2575 4855/5385/2567
f 4855/5385/2567 4863/5393/2575 4864/5394/2576 4856/5386/2568
f 4856/5386/2568 4864/5394/2576 4865/5395/2577 4857/5387/2569
f 4857/5387/2569 4865/5395/2577 4866/5388/2570 4858/5380/2562
f 4868/5390/2572 4876/5396/2578 4877/5397/2579 4869/5391/2573
f 4815/5355/2537 4876/5396/2578 4868/5390/2572
f 4861/5383/2565 4869/5391/2573 4870/5398/2580 4862/5392/2574
f 4862/5392/2574 4870/5398/2580 4871/5399/2581 4863/5393/2575
f 4863/5393/2575 4871/5399/2581 4872/5400/2582 4864/5394/2576
f 4864/5394/2576 4872/5400/2582 4873/5401/2583 4865/5395/2577
f 4865/5395/2577 4873/5401/2583 4874/5402/2584 4866/5388/2570
f 4866/5388/2570 4874/5402/2584 4875/5403/2585 4867/5389/2571
f 4815/5355/2537 4884/5404/2586 4876/5396/2578
f 4869/5391/2573 4877/5397/2579 4878/5405/2587 4870/5398/2580
f 4870/5398/2580 4878/5405/2587 4879/5406/2588 4871/5399/2581
f 4871/5399/2581 4879/5406/2588 4880/5407/2589 4872/5400/2582
f 4872/5400/2582 4880/5407/2589 4881/5408/2590 4873/5401/2583
f 4873/5401/2583 4881/5408/2590 4882/5409/2591 4874/5402/2584
f 4874/5402/2584 4882/5409/2591 4883/5410/2592 4875/5403/2585
f 4876/5396/2578 4884/5404/2586 4885/5411/2593 4877/5397/2579
f 4877/5397/2579 4885/5411/2593 4886/5412/2594 4878/5405/2587
f 4878/5405/2587 4886/5412/2594 4887/5413/2595 4879/5406/2588
f 4879/5406/2588 4887/5413/2595 4888/5414/2596 4880/5407/2589
f 4880/5407/2589 4888/5414/2596 4889/5415/2597 4881/5408/2590
f 4881/5408/2590 4889/5415/2597 4890/5416/2598 4882/5409/2591
f 4882/5409/2591 4890/5416/2598 4891/5417/2599 4883/5410/2592
f 4884/5404/2586 4892/5418/2600 4893/5419/2601 4885/5411/2593
f 4815/5355/2537 4892/5418/2600 4884/5404/2586
f 4885/5411/2593 4893/5419/2601 4894/5420/2602 4886/5412/2594
f 4886/5412/2594 4894/5420/2602 4895/5421/2603 4887/5413/2595
f 4887/5413/2595 4895/5421/2603 4896/5422/2604 4888/5414/2596
f 4888/5414/2596 4896/5422/2604 4897/5423/2605 4889/5415/2597
f 4889/5415/2597 4897/5423/2605 4898/5424/2606 4890/5416/2598
f 4890/5416/2598 4898/5424/2606 4899/5425/2607 4891/5417/2599
f 4892/5418/2600 4900/5426/2608 4901/5427/2609 4893/5419/2601
f 4815/5355/2537 4900/5426/2608 4892/5418/2600
f 4894/5420/2602 4902/5428/2610 4903/5429/2611 4895/5421/2603
f 4895/5421/2603 4903/5429/2611 4904/5430/2795 4896/5422/2604
f 4896/5422/2604 4904/5430/2795 4905/5431/2613 4897/5423/2605
f 4897/5423/2605 4905/5431/2613 4906/5432/2614 4898/5424/2606
f 4898/5424/2606 4906/5432/2614 4907/5433/2615 4899/5425/2607
f 4900/5426/2608 4908/5434/2616 4909/5435/2617 4901/5427/2609
f 4815/5355/2537 4908/5434/2616 4900/5426/2608
f 4893/5419/2601 4901/5427/2609 4902/5428/2610 4894/5420/2602
f 4903/5429/2611 4911/5436/2618 4912/5437/2619 4904/5430/2795
f 4904/5430/2795 4912/5437/2619 4913/5438/2620 4905/5431/2613
f 4905/5431/2613 4913/5438/2620 4914/5439/2621 4906/5432/2614
f 4906/5432/2614 4914/5439/2621 4915/5440/2622 4907/5433/2615
f 4908/5434/2616 4916/5441/2623 4917/5442/2624 4909/5435/2617
f 4815/5355/2537 4916/5441/2623 4908/5434/2616
f 4901/5427/2609 4909/5435/2617 4910/5443/2625 4902/5428/2610
f 4902/5428/2610 4910/5443/2625 4911/5436/2618 4903/5429/2611
f 4911/5436/2618 4919/5444/2626 4920/5445/2627 4912/5437/2619
f 4912/5437/2619 4920/5445/2627 4921/5446/2628 4913/5438/2620
f 4913/5438/2620 4921/5446/2628 4922/5447/2629 4914/5439/2621
f 4914/5439/2621 4922/5447/2629 4923/5448/2630 4915/5440/2622
f 4916/5441/2623 4924/5449/2631 4925/5450/2632 4917/5442/2624
f 4815/5355/2537 4924/5449/2631 4916/5441/2623
f 4909/5435/2617 4917/5442/2624 4918/5451/2633 4910/5443/2625
f 4910/5443/2625 4918/5451/2633 4919/5444/2626 4911/5436/2618
f 4920/5445/2627 4928/5452/2634 4929/5453/2635 4921/5446/2628
f 4921/5446/2628 4929/5453/2635 4930/5454/2636 4922/5447/2629
f 4922/5447/2629 4930/5454/2636 4931/5455/2637 4923/5448/2630
f 4924/5449/2631 4932/5456/2638 4933/5457/2639 4925/5450/2632
f 4815/5355/2537 4932/5456/2638 4924/5449/2631
f 4917/5442/2624 4925/5450/2632 4926/5458/2640 4918/5451/2633
f 4918/5451/2633 4926/5458/2640 4927/5459/2641 4919/5444/2626
f 4919/5444/2626 4927/5459/2641 4928/5452/2634 4920/5445/2627
f 4928/5452/2634 4936/5460/2642 4937/5461/2643 4929/5453/2635
f 4929/5453/2635 4937/5461/2643 4938/5462/2644 4930/5454/2636
f 4930/5454/2636 4938/5462/2644 4939/5463/2645 4931/5455/2637
f 4932/5456/2638 4940/5464/2646 4941/5341/2523 4933/5457/2639
f 4815/5355/2537 4940/5464/2646 4932/5456/2638
f 4925/5450/2632 4933/5457/2639 4934/5465/2647 4926/5458/2640
f 4926/5458/2640 4934/5465/2647 4935/5466/2648 4927/5459/2641
f 4927/5459/2641 4935/5466/2648 4936/5460/2642 4928/5452/2634
f 4937/5461/2643 4943/5347/2529 4818/5349/2531 4938/5462/2644
f 4938/5462/2644 4818/5349/2531 4819/5351/2533 4939/5463/2645
f 4815/5355/2537 4820/5352/2534 4940/5464/2646
f 4933/5457/2639 4941/5341/2523 4816/5340/2522 4934/5465/2647
f 4934/5465/2647 4816/5340/2522 4942/5343/2525 4935/5466/2648
f 4935/5466/2648 4942/5343/2525 4817/5345/2527 4936/5460/2642
f 4936/5460/2642 4817/5345/2527 4943/5347/2529 4937/5461/2643
f 4820/5352/2534 4821/5338/2520 4941/5341/2523 4940/5464/2646
f 4944/5467/2485 4945/5468/2485 4947/5469/2649 4946/5470/2649
f 4946/5470/2649 4947/5469/2649 4949/5471/2508 4948/5472/2508
f 4948/5472/2508 4949/5471/2508 4951/5473/2650 4950/5474/2650
f 4950/5474/2650 4951/5473/2650 4953/5475/2509 4952/5476/2509
f 4952/5476/2509 4953/5475/2509 4955/5477/2651 4954/5478/2651
f 4954/5478/2651 4955/5477/2651 4957/5479/2510 4956/5480/2510
f 4956/5480/2510 4957/5479/2510 4959/5481/2652 4958/5482/2652
f 4958/5482/2652 4959/5481/2652 4961/5483/2477 4960/5484/2477
f 4960/5484/2477 4961/5483/2477 4963/5485/2653 4962/5486/2653
f 4962/5486/2653 4963/5485/2653 4965/5487/2654 4964/5488/2654
f 4968/5489/2655 4969/5490/2655 4971/5491/2656 4970/5492/2656
f 4970/5492/2656 4971/5491/2656 4973/5493/2513 4972/5494/2513
f 4972/5494/2513 4973/5493/2513 4975/5495/2657 4974/5496/2657
f 4974/5496/2657 4975/5495/2657 4977/5497/2479 4976/5498/2479
f 4976/5498/2479 4977/5497/2479 4979/5499/2658 4978/5500/2658
f 4978/5500/2658 4979/5499/2658 4981/5501/2514 4980/5502/2514
f 4980/5502/2514 4981/5501/2514 4983/5503/2659 4982/5504/2659
f 4982/5504/2659 4983/5503/2659 4985/5505/2515 4984/5506/2515
f 4984/5506/2515 4985/5505/2515 4987/5507/2660 4986/5508/2660
f 4986/5508/2660 4987/5507/2660 4989/5509/2516 4988/5510/2516
f 4988/5510/2516 4989/5509/2516 4991/5511/2661 4990/5512/2661
f 4990/5512/2661 4991/5511/2661 4993/5513/2476 4992/5514/2476
f 4992/5514/2476 4993/5513/2476 4995/5515/2662 4994/5516/2662
f 4994/5516/2662 4995/5515/2662 4997/5517/2517 4996/5518/2517
f 4996/5518/2517 4997/5517/2517 4999/5519/2663 4998/5520/2663
f 4998/5520/2663 4999/5519/2663 5001/5521/2518 5000/5522/2518
f 5000/5522/2518 5001/5521/2518 5003/5523/2664 5002/5524/2664
f 5002/5524/2664 5003/5523/2664 5005/5525/2519 5004/5526/2519
f 4947/5527/2478 4945/5528/2478 5007/5529/2478 5005/5530/2478 5003/5531/2478 5001/5532/2478 4999/5533/2478 4997/5534/2478 4995/5535/2478 4993/5536/2478 4991/5537/2478 4989/5538/2478 4987/5539/2478 4985/5540/2478 4983/5541/2478 4981/5542/2478 4979/5543/2478 4977/5544/2478 4975/5545/2478 4973/5546/2478 4971/5547/2478 4969/5548/2478 4967/5549/2478 4965/5550/2478 4963/5551/2478 4961/5552/2478 4959/5553/2478 4957/5554/2478 4955/5555/2478 4953/5556/2478 4951/5557/2478 4949/5558/2478
f 5004/5526/2519 5005/5525/2519 5007/5559/2665 5006/5560/2665
f 5006/5560/2665 5007/5559/2665 4945/5468/2485 4944/5467/2485
f 4944/5561/2481 4946/5562/2481 4948/5563/2481 4950/5564/2481 4952/5565/2481 4954/5566/2481 4956/5567/2481 4958/5568/2481 4960/5569/2481 4962/5570/2481 4964/5571/2481 4966/5572/2481 4968/5573/2481 4970/5574/2481 4972/5575/2481 4974/5576/2481 4976/5577/2481 4978/5578/2481 4980/5579/2481 4982/5580/2481 4984/5581/2481 4986/5582/2481 4988/5583/2481 4990/5584/2481 4992/5585/2481 4994/5586/2481 4996/5587/2481 4998/5588/2481 5000/5589/2481 5002/5590/2481 5004/5591/2481 5006/5592/2481
f 5014/5593/2666 5134/5594/2667 5009/5595/2668 5015/5596/2669
f 5009/5595/2668 5135/5597/2670 5016/5598/2671 5015/5596/2669
f 5016/5598/2671 5135/5597/2670 5010/5599/2672 5017/5600/2673
f 5010/5599/2672 5136/5601/2674 5018/5602/2675 5017/5600/2673
f 5018/5602/2675 5136/5601/2674 5011/5603/2676 5019/5604/2677
f 5011/5603/2676 5012/5605/2678 5020/5606/2679 5019/5604/2677
f 5013/5607/2680 5014/5593/2666 5022/5608/2681 5021/5609/2682
f 5008/5610/2683 5013/5607/2680 5021/5609/2682
f 5017/5600/2673 5018/5602/2675 5026/5611/2684 5025/5612/2685
f 5018/5602/2675 5019/5604/2677 5027/5613/2686 5026/5611/2684
f 5019/5604/2677 5020/5606/2679 5028/5614/2687 5027/5613/2686
f 5021/5609/2682 5022/5608/2681 5030/5615/2688 5029/5616/2689
f 5008/5610/2683 5021/5609/2682 5029/5616/2689
f 5014/5593/2666 5015/5596/2669 5023/5617/2690 5022/5608/2681
f 5015/5596/2669 5016/5598/2671 5024/5618/2691 5023/5617/2690
f 5016/5598/2671 5017/5600/2673 5025/5612/2685 5024/5618/2691
f 5026/5611/2684 5027/5613/2686 5035/5619/2692 5034/5620/2693
f 5027/5613/2686 5028/5614/2687 5036/5621/2694 5035/5619/2692
f 5029/5616/2689 5030/5615/2688 5038/5622/2695 5037/5623/2696
f 5008/5610/2683 5029/5616/2689 5037/5623/2696
f 5022/5608/2681 5023/5617/2690 5031/5624/2697 5030/5615/2688
f 5023/5617/2690 5024/5618/2691 5032/5625/2698 5031/5624/2697
f 5024/5618/2691 5025/5612/2685 5033/5626/2699 5032/5625/2698
f 5025/5612/2685 5026/5611/2684 5034/5620/2693 5033/5626/2699
f 5034/5620/2693 5035/5619/2692 5043/5627/2700 5042/5628/2701
f 5035/5619/2692 5036/5621/2694 5044/5629/2702 5043/5627/2700
f 5037/5623/2696 5038/5622/2695 5046/5630/2703 5045/5631/2704
f 5008/5610/2683 5037/5623/2696 5045/5631/2704
f 5030/5615/2688 5031/5624/2697 5039/5632/2705 5038/5622/2695
f 5031/5624/2697 5032/5625/2698 5040/5633/2706 5039/5632/2705
f 5032/5625/2698 5033/5626/2699 5041/5634/2707 5040/5633/2706
f 5033/5626/2699 5034/5620/2693 5042/5628/2701 5041/5634/2707
f 5043/5627/2700 5044/5629/2702 5052/5635/2708 5051/5636/2709
f 5045/5631/2704 5046/5630/2703 5054/5637/2710 5053/5638/2711
f 5008/5610/2683 5045/5631/2704 5053/5638/2711
f 5038/5622/2695 5039/5632/2705 5047/5639/2712 5046/5630/2703
f 5039/5632/2705 5040/5633/2706 5048/5640/2713 5047/5639/2712
f 5040/5633/2706 5041/5634/2707 5049/5641/2714 5048/5640/2713
f 5041/5634/2707 5042/5628/2701 5050/5642/2715 5049/5641/2714
f 5042/5628/2701 5043/5627/2700 5051/5636/2709 5050/5642/2715
f 5051/5636/2709 5052/5635/2708 5060/5643/2716 5059/5644/2717
f 5053/5638/2711 5054/5637/2710 5062/5645/2718 5061/5646/2719
f 5008/5610/2683 5053/5638/2711 5061/5646/2719
f 5046/5630/2703 5047/5639/2712 5055/5647/2720 5054/5637/2710
f 5047/5639/2712 5048/5640/2713 5056/5648/2721 5055/5647/2720
f 5048/5640/2713 5049/5641/2714 5057/5649/2722 5056/5648/2721
f 5049/5641/2714 5050/5642/2715 5058/5650/2723 5057/5649/2722
f 5050/5642/2715 5051/5636/2709 5059/5644/2717 5058/5650/2723
f 5061/5646/2719 5062/5645/2718 5070/5651/2724 5069/5652/2725
f 5008/5610/2683 5061/5646/2719 5069/5652/2725
f 5054/5637/2710 5055/5647/2720 5063/5653/2726 5062/5645/2718
f 5055/5647/2720 5056/5648/2721 5064/5654/2727 5063/5653/2726
f 5056/5648/2721 5057/5649/2722 5065/5655/2728 5064/5654/2727
f 5057/5649/2722 5058/5650/2723 5066/5656/2729 5065/5655/2728
f 5058/5650/2723 5059/5644/2717 5067/5657/2730 5066/5656/2729
f 5059/5644/2717 5060/5643/2716 5068/5658/2731 5067/5657/2730
f 5008/5610/2683 5069/5652/2725 5077/5659/2732
f 5062/5645/2718 5063/5653/2726 5071/5660/2733 5070/5651/2724
f 5063/5653/2726 5064/5654/2727 5072/5661/2734 5071/5660/2733
f 5064/5654/2727 5065/5655/2728 5073/5662/2735 5072/5661/2734
f 5065/5655/2728 5066/5656/2729 5074/5663/2736 5073/5662/2735
f 5066/5656/2729 5067/5657/2730 5075/5664/2737 5074/5663/2736
f 5067/5657/2730 5068/5658/2731 5076/5665/2738 5075/5664/2737
f 5069/5652/2725 5070/5651/2724 5078/5666/2739 5077/5659/2732
f 5070/5651/2724 5071/5660/2733 5079/5667/2740 5078/5666/2739
f 5071/5660/2733 5072/5661/2734 5080/5668/2741 5079/5667/2740
f 5072/5661/2734 5073/5662/2735 5081/5669/2742 5080/5668/2741
f 5073/5662/2735 5074/5663/2736 5082/5670/2743 5081/5669/2742
f 5074/5663/2736 5075/5664/2737 5083/5671/2744 5082/5670/2743
f 5075/5664/2737 5076/5665/2738 5084/5672/2745 5083/5671/2744
f 5077/5659/2732 5078/5666/2739 5086/5673/2746 5085/5674/2747
f 5008/5610/2683 5077/5659/2732 5085/5674/2747
f 5078/5666/2739 5079/5667/2740 5087/5675/2748 5086/5673/2746
f 5079/5667/2740 5080/5668/2741 5088/5676/2749 5087/5675/2748
f 5080/5668/2741 5081/5669/2742 5089/5677/2750 5088/5676/2749
f 5081/5669/2742 5082/5670/2743 5090/5678/2751 5089/5677/2750
f 5082/5670/2743 5083/5671/2744 5091/5679/2752 5090/5678/2751
f 5083/5671/2744 5084/5672/2745 5092/5680/2753 5091/5679/2752
f 5085/5674/2747 5086/5673/2746 5094/5681/2754 5093/5682/2755
f 5008/5610/2683 5085/5674/2747 5093/5682/2755
f 5087/5675/2748 5088/5676/2749 5096/5683/2756 5095/5684/2757
f 5088/5676/2749 5089/5677/2750 5097/5685/2758 5096/5683/2756
f 5089/5677/2750 5090/5678/2751 5098/5686/2759 5097/5685/2758
f 5090/5678/2751 5091/5679/2752 5099/5687/2760 5098/5686/2759
f 5091/5679/2752 5092/5680/2753 5100/5688/2761 5099/5687/2760
f 5093/5682/2755 5094/5681/2754 5102/5689/2762 5101/5690/2763
f 5008/5610/2683 5093/5682/2755 5101/5690/2763
f 5086/5673/2746 5087/5675/2748 5095/5684/2757 5094/5681/2754
f 5096/5683/2756 5097/5685/2758 5105/5691/2764 5104/5692/2765
f 5097/5685/2758 5098/5686/2759 5106/5693/2766 5105/5691/2764
f 5098/5686/2759 5099/5687/2760 5107/5694/2767 5106/5693/2766
f 5099/5687/2760 5100/5688/2761 5108/5695/2768 5107/5694/2767
f 5101/5690/2763 5102/5689/2762 5110/5696/2769 5109/5697/2770
f 5008/5610/2683 5101/5690/2763 5109/5697/2770
f 5094/5681/2754 5095/5684/2757 5103/5698/2771 5102/5689/2762
f 5095/5684/2757 5096/5683/2756 5104/5692/2765 5103/5698/2771
f 5104/5692/2765 5105/5691/2764 5113/5699/2772 5112/5700/2773
f 5105/5691/2764 5106/5693/2766 5114/5701/2774 5113/5699/2772
f 5106/5693/2766 5107/5694/2767 5115/5702/2775 5114/5701/2774
f 5107/5694/2767 5108/5695/2768 5116/5703/2776 5115/5702/2775
f 5109/5697/2770 5110/5696/2769 5118/5704/2777 5117/5705/2778
f 5008/5610/2683 5109/5697/2770 5117/5705/2778
f 5102/5689/2762 5103/5698/2771 5111/5706/2779 5110/5696/2769
f 5103/5698/2771 5104/5692/2765 5112/5700/2773 5111/5706/2779
f 5113/5699/2772 5114/5701/2774 5122/5707/2780 5121/5708/2781
f 5114/5701/2774 5115/5702/2775 5123/5709/2782 5122/5707/2780
f 5115/5702/2775 5116/5703/2776 5124/5710/2783 5123/5709/2782
f 5117/5705/2778 5118/5704/2777 5126/5711/2784 5125/5712/2785
f 5008/5610/2683 5117/5705/2778 5125/5712/2785
f 5110/5696/2769 5111/5706/2779 5119/5713/2786 5118/5704/2777
f 5111/5706/2779 5112/5700/2773 5120/5714/2787 5119/5713/2786
f 5112/5700/2773 5113/5699/2772 5121/5708/2781 5120/5714/2787
f 5121/5708/2781 5122/5707/2780 5130/5715/2788 5129/5716/2789
f 5122/5707/2780 5123/5709/2782 5131/5717/2790 5130/5715/2788
f 5123/5709/2782 5124/5710/2783 5132/5718/2791 5131/5717/2790
f 5125/5712/2785 5126/5711/2784 5134/5594/2667 5133/5719/2792
f 5008/5610/2683 5125/5712/2785 5133/5719/2792
f 5118/5704/2777 5119/5713/2786 5127/5720/2793 5126/5711/2784
f 5119/5713/2786 5120/5714/2787 5128/5721/2794 5127/5720/2793
f 5120/5714/2787 5121/5708/2781 5129/5716/2789 5128/5721/2794
f 5130/5715/2788 5131/5717/2790 5011/5603/2676 5136/5601/2674
f 5131/5717/2790 5132/5718/2791 5012/5605/2678 5011/5603/2676
f 5008/5610/2683 5133/5719/2792 5013/5607/2680
f 5126/5711/2784 5127/5720/2793 5009/5595/2668 5134/5594/2667
f 5127/5720/2793 5128/5721/2794 5135/5597/2670 5009/5595/2668
f 5128/5721/2794 5129/5716/2789 5010/5599/2672 5135/5597/2670
f 5129/5716/2789 5130/5715/2788 5136/5601/2674 5010/5599/2672
f 5013/5607/2680 5133/5719/2792 5134/5594/2667 5014/5593/2666
o Cylinder.026
v 23.914154 4.540422 -1.859545
v 23.845211 4.562839 -1.859545
v 23.914154 4.580148 -2.007804
v 23.845211 4.599561 -1.996596
v 23.914154 4.688681 -2.116338
v 23.845211 4.699890 -2.096924
v 23.914154 4.836941 -2.156064
v 23.845211 4.836941 -2.133647
v 23.914154 4.985200 -2.116338
v 23.845211 4.973992 -2.096924
v 23.914154 5.093734 -2.007804
v 23.845211 5.074320 -1.996596
v 23.914154 5.133460 -1.859545
v 23.845211 5.111043 -1.859545
v 23.914154 5.093734 -1.711285
v 23.845211 5.074320 -1.722493
v 23.914154 4.985200 -1.602751
v 23.845211 4.973992 -1.622165
v 23.914154 4.836941 -1.563025
v 23.845211 4.836941 -1.585442
v 23.914154 4.688681 -1.602751
v 23.845211 4.699890 -1.622165
v 23.914154 4.580148 -1.711285
v 23.845211 4.599561 -1.722493
v 23.845211 4.580148 -2.007804
v 23.845211 4.540421 -1.859545
v 23.845211 4.688681 -2.116338
v 23.845211 4.836941 -2.156064
v 23.845211 4.985200 -2.116338
v 23.845211 5.093734 -2.007804
v 23.845211 5.133460 -1.859545
v 23.845211 5.093734 -1.711285
v 23.845211 4.985200 -1.602751
v 23.845211 4.836941 -1.563025
v 23.845211 4.688681 -1.602751
v 23.845211 4.580148 -1.711285
v 23.605444 4.602462 -1.994921
v 23.605444 4.566188 -1.859545
v 23.605444 4.701564 -2.094023
v 23.605444 4.836941 -2.130297
v 23.605444 4.972317 -2.094023
v 23.605444 5.071420 -1.994921
v 23.605444 5.107694 -1.859545
v 23.605444 5.071420 -1.724168
v 23.605444 4.972317 -1.625066
v 23.605444 4.836941 -1.588792
v 23.605444 4.701564 -1.625066
v 23.605444 4.602462 -1.724168
vn -0.0000 -1.0000 -0.0000
vn -0.0000 -0.8660 -0.5000
vn -0.0000 -0.5000 -0.8660
vn -0.0000 -0.0000 -1.0000
vn -0.0000 0.5000 -0.8660
vn -0.0000 0.8660 -0.5000
vn -0.0000 1.0000 -0.0000
vn -0.0000 0.8660 0.5000
vn -0.0000 0.5000 0.8660
vn -0.0000 -0.0000 1.0000
vn -0.0000 -0.5000 0.8660
vn -0.0140 -0.0000 -0.9999
vn -0.0140 -0.5000 -0.8659
vn -0.0000 -0.8660 0.5000
vn 1.0000 -0.0000 -0.0000
vn -1.0000 -0.0000 -0.0000
vn -0.0140 -0.5000 0.8659
vn -0.0140 -0.0000 0.9999
vn -0.0140 0.8659 0.5000
vn -0.0140 0.9999 -0.0000
vn -0.0140 0.5000 -0.8659
vn -0.0140 -0.8659 0.5000
vn -0.0140 -0.8659 -0.5000
vn -0.0140 -0.9999 -0.0000
vn -0.0140 0.5000 0.8659
vn -0.0140 0.8659 -0.5000
vt 0.662006 0.276067
vt 0.687215 0.276067
vt 0.687215 0.280268
vt 0.662006 0.280268
vt 0.687215 0.284469
vt 0.662006 0.284469
vt 0.687215 0.288671
vt 0.662006 0.288671
vt 0.687215 0.292872
vt 0.662006 0.292872
vt 0.687215 0.297074
vt 0.662006 0.297074
vt 0.687215 0.301275
vt 0.662006 0.301275
vt 0.687215 0.305477
vt 0.662006 0.305477
vt 0.687215 0.309678
vt 0.662006 0.309678
vt 0.687215 0.313880
vt 0.662006 0.313880
vt 0.687215 0.318081
vt 0.662006 0.318081
vt 0.439639 0.923768
vt 0.450901 0.943273
vt 0.439639 0.923768
vt 0.687215 0.322283
vt 0.662006 0.322283
vt 0.687215 0.326484
vt 0.662006 0.326484
vt 0.756306 0.969491
vt 0.769604 0.977169
vt 0.784960 0.977169
vt 0.798258 0.969491
vt 0.805936 0.956193
vt 0.805936 0.940837
vt 0.798258 0.927539
vt 0.784960 0.919861
vt 0.769604 0.919861
vt 0.756306 0.927539
vt 0.748628 0.940837
vt 0.748628 0.956193
vt 0.439639 0.985301
vt 0.450901 0.965796
vt 0.454338 0.966717
vt 0.442156 0.987818
vt 0.454338 0.942352
vt 0.442156 0.921252
vt 0.420134 0.912507
vt 0.421055 0.909070
vt 0.397611 0.912507
vt 0.396690 0.909070
vt 0.378106 0.923768
vt 0.375590 0.921252
vt 0.366845 0.943273
vt 0.363408 0.942352
vt 0.366845 0.965796
vt 0.363408 0.966717
vt 0.378106 0.985301
vt 0.375590 0.987818
vt 0.397611 0.996563
vt 0.396690 1.000000
vt 0.420134 0.996563
vt 0.421055 1.000000
vt 0.450901 0.965796
s 1
usemtl Main
f 5137/5722/2796 5162/5723/2796 5161/5724/2797 5139/5725/2797
f 5139/5725/2797 5161/5724/2797 5163/5726/2798 5141/5727/2798
f 5141/5727/2798 5163/5726/2798 5164/5728/2799 5143/5729/2799
f 5143/5729/2799 5164/5728/2799 5165/5730/2800 5145/5731/2800
f 5145/5731/2800 5165/5730/2800 5166/5732/2801 5147/5733/2801
f 5147/5733/2801 5166/5732/2801 5167/5734/2802 5149/5735/2802
f 5149/5735/2802 5167/5734/2802 5168/5736/2803 5151/5737/2803
f 5151/5737/2803 5168/5736/2803 5169/5738/2804 5153/5739/2804
f 5153/5739/2804 5169/5738/2804 5170/5740/2805 5155/5741/2805
f 5155/5741/2805 5170/5740/2805 5171/5742/2806 5157/5743/2806
f 5144/5744/2807 5142/5745/2808 5175/5745/2808 5176/5746/2807
f 5157/5743/2806 5171/5742/2806 5172/5747/2809 5159/5748/2809
f 5159/5748/2809 5172/5747/2809 5162/5749/2796 5137/5750/2796
f 5137/5751/2810 5139/5752/2810 5141/5753/2810 5143/5754/2810 5145/5755/2810 5147/5756/2810 5149/5757/2810 5151/5758/2810 5153/5759/2810 5155/5760/2810 5157/5761/2810 5159/5762/2810
f 5138/5763/2811 5140/5764/2811 5161/5765/2811 5162/5766/2811
f 5140/5764/2811 5142/5745/2811 5163/5767/2811 5161/5765/2811
f 5142/5745/2811 5144/5744/2811 5164/5768/2811 5163/5767/2811
f 5144/5744/2811 5146/5769/2811 5165/5770/2811 5164/5768/2811
f 5146/5769/2811 5148/5771/2811 5166/5772/2811 5165/5770/2811
f 5148/5771/2811 5150/5773/2811 5167/5774/2811 5166/5772/2811
f 5150/5773/2811 5152/5775/2811 5168/5776/2811 5167/5774/2811
f 5152/5775/2811 5154/5777/2811 5169/5778/2811 5168/5776/2811
f 5154/5777/2811 5156/5779/2811 5170/5780/2811 5169/5778/2811
f 5156/5779/2811 5158/5781/2811 5171/5782/2811 5170/5780/2811
f 5158/5781/2811 5160/5783/2811 5172/5784/2811 5171/5782/2811
f 5160/5783/2811 5138/5763/2811 5162/5766/2811 5172/5784/2811
f 5158/5781/2812 5156/5779/2813 5182/5779/2813 5183/5781/2812
f 5152/5775/2814 5150/5773/2815 5179/5773/2815 5180/5775/2814
f 5146/5769/2816 5144/5744/2807 5176/5746/2807 5177/5769/2816
f 5160/5783/2817 5158/5781/2812 5183/5781/2812 5184/5783/2817
f 5140/5764/2818 5138/5763/2819 5174/5763/2819 5173/5785/2818
f 5154/5777/2820 5152/5775/2814 5180/5775/2814 5181/5777/2820
f 5148/5771/2821 5146/5769/2816 5177/5769/2816 5178/5771/2821
f 5138/5763/2819 5160/5783/2817 5184/5783/2817 5174/5763/2819
f 5142/5745/2808 5140/5764/2818 5173/5785/2818 5175/5745/2808
f 5156/5779/2813 5154/5777/2820 5181/5777/2820 5182/5779/2813
f 5150/5773/2815 5148/5771/2821 5178/5771/2821 5179/5773/2815
f 5173/5785/2811 5174/5763/2811 5184/5783/2811 5183/5781/2811 5182/5779/2811 5181/5777/2811 5180/5775/2811 5179/5773/2811 5178/5771/2811 5177/5769/2811 5176/5746/2811 5175/5745/2811
o Cube.062
v 14.143199 5.302180 -10.347219
v 14.293019 5.358133 -10.347176
v 14.134974 5.540570 -10.347261
v 14.213880 5.570038 -10.347239
v 14.143357 5.302105 -10.797692
v 14.293177 5.358058 -10.797649
v 14.135132 5.540494 -10.797735
v 14.214037 5.569963 -10.797712
v 14.150101 5.274648 -10.347211
v 14.281389 5.323680 -10.347174
v 14.281548 5.323605 -10.797647
v 14.150259 5.274572 -10.797686
v 14.159869 5.248492 -10.347203
v 14.291158 5.297524 -10.347166
v 14.291316 5.297449 -10.797640
v 14.160028 5.248417 -10.797677
v 14.328063 5.371202 -10.412767
v 14.248923 5.583107 -10.412830
v 14.249036 5.583054 -10.732099
v 14.328176 5.371148 -10.732036
v 14.169213 5.251971 -10.385320
v 14.278283 5.292705 -10.385288
v 14.278415 5.292642 -10.759524
v 14.169345 5.251908 -10.759556
v 14.179198 5.212112 -10.385303
v 14.247832 5.249495 -10.385274
v 14.247964 5.249433 -10.759510
v 14.179330 5.212049 -10.759539
vn -0.0004 0.0002 1.0000
vn -0.3499 0.9368 -0.0003
vn 0.0004 -0.0002 -1.0000
vn 0.8137 0.3041 0.4953
vn 0.9475 -0.3198 0.0004
vn 0.9368 0.3499 0.0003
vn 0.3499 -0.9368 0.0003
vn 0.8141 0.3039 -0.4949
vn 0.4783 -0.8782 0.0003
vn -0.0006 0.0005 1.0000
vn 0.8174 -0.5760 0.0004
vn 0.0006 -0.0005 -1.0000
vt 0.463106 0.660458
vt 0.463106 0.633469
vt 0.501279 0.633469
vt 0.501279 0.647683
vt 0.020591 0.003046
vt 0.034806 0.003046
vt 0.034806 0.079066
vt 0.020591 0.079066
vt 0.501279 0.539892
vt 0.501279 0.554106
vt 0.463106 0.554106
vt 0.463106 0.527117
vt 0.458346 0.660992
vt 0.458346 0.637342
vt 0.463106 0.620727
vt 0.501279 0.620727
vt 0.580361 0.575484
vt 0.580361 0.651505
vt 0.574224 0.651505
vt 0.574224 0.575484
vt 0.458346 0.550234
vt 0.458346 0.526583
vt 0.453634 0.660992
vt 0.453634 0.637342
vt 0.569513 0.651505
vt 0.569513 0.575484
vt 0.453634 0.550234
vt 0.453634 0.526583
vt 0.501279 0.566848
vt 0.463106 0.566848
vt 0.586670 0.586555
vt 0.586670 0.640434
vt 0.041114 0.014117
vt 0.041114 0.067995
vt 0.447201 0.659311
vt 0.447201 0.639664
vt 0.567191 0.645072
vt 0.567191 0.581917
vt 0.447201 0.547912
vt 0.447201 0.528264
vt 0.545081 0.581918
vt 0.558271 0.581920
vt 0.558271 0.645075
vt 0.545081 0.645073
vt 0.440311 0.660087
vt 0.442168 0.647029
vt 0.442168 0.540547
vt 0.440311 0.527489
s 0
usemtl ConsoleSide
f 5185/5786/2822 5186/5787/2822 5188/5788/2822 5187/5789/2822
f 5187/5790/2823 5188/5791/2823 5192/5792/2823 5191/5793/2823
f 5191/5794/2824 5192/5795/2824 5190/5796/2824 5189/5797/2824
f 5186/5787/2822 5185/5786/2822 5193/5798/2822 5194/5799/2822
f 5188/5788/2825 5186/5787/2825 5201/5800/2825 5202/5801/2825
f 5190/5802/2826 5186/5803/2826 5194/5804/2826 5195/5805/2826
f 5189/5797/2824 5190/5796/2824 5195/5806/2824 5196/5807/2824
f 5194/5799/2822 5193/5798/2822 5197/5808/2822 5198/5809/2822
f 5195/5805/2827 5194/5804/2827 5198/5810/2827 5199/5811/2827
f 5196/5807/2824 5195/5806/2824 5199/5812/2824 5200/5813/2824
f 5203/5814/2827 5202/5801/2827 5201/5800/2827 5204/5815/2827
f 5186/5803/2828 5190/5802/2828 5204/5816/2828 5201/5817/2828
f 5192/5792/2823 5188/5791/2823 5202/5818/2823 5203/5819/2823
f 5190/5796/2829 5192/5795/2829 5203/5814/2829 5204/5815/2829
f 5198/5809/2828 5197/5808/2828 5205/5820/2828 5206/5821/2828
f 5199/5811/2828 5198/5810/2828 5206/5822/2828 5207/5823/2828
f 5200/5813/2828 5199/5812/2828 5207/5824/2828 5208/5825/2828
f 5212/5826/2830 5211/5827/2830 5210/5828/2830 5209/5829/2830
f 5206/5821/2831 5205/5820/2831 5209/5830/2831 5210/5831/2831
f 5207/5823/2832 5206/5822/2832 5210/5828/2832 5211/5827/2832
f 5208/5825/2833 5207/5824/2833 5211/5832/2833 5212/5833/2833
o phDial
v 14.216011 5.679376 -10.804505
v 14.213384 5.685093 -10.804506
v 14.216043 5.679376 -10.918216
v 14.213415 5.685093 -10.918217
vn 0.9086 0.4176 0.0002
vt 0.045858 0.028250
vt 0.045858 0.047440
vt 0.045409 0.047440
vt 0.045409 0.028250
s 0
usemtl Red
f 5216/5834/2834 5214/5835/2834 5213/5836/2834 5215/5837/2834
o Cube.065
v 14.194172 4.776357 -10.100720
v 14.208660 4.776358 -10.100716
v 14.194166 4.839367 -10.100731
v 14.208654 4.839368 -10.100726
v 14.194494 4.776203 -11.021213
v 14.208982 4.776204 -11.021208
v 14.194489 4.839213 -11.021223
v 14.208977 4.839214 -11.021218
vn -0.0004 0.0002 1.0000
vn -0.0001 1.0000 -0.0002
vn 0.0004 -0.0002 -1.0000
vn 0.0001 -1.0000 0.0002
vn 1.0000 0.0001 0.0004
vt 0.475114 0.693685
vt 0.475114 0.696130
vt 0.464481 0.696130
vt 0.464481 0.693685
vt 0.462036 0.696130
vt 0.464481 0.851469
vt 0.462036 0.851469
vt 0.464481 0.853914
vt 0.475114 0.851469
vt 0.475114 0.853914
vt 0.477559 0.851469
vt 0.477559 0.696130
s 0
usemtl ConsoleSide
f 5217/5838/2835 5218/5839/2835 5220/5840/2835 5219/5841/2835
f 5219/5842/2836 5220/5840/2836 5224/5843/2836 5223/5844/2836
f 5223/5845/2837 5224/5843/2837 5222/5846/2837 5221/5847/2837
f 5221/5848/2838 5222/5846/2838 5218/5839/2838 5217/5849/2838
f 5224/5843/2839 5220/5840/2839 5218/5839/2839 5222/5846/2839
o Cube.066
v 14.210950 4.903121 -10.118247
v 14.210924 5.209517 -10.118299
v 14.211237 5.209368 -11.011108
v 14.211263 4.902972 -11.011058
v 14.210948 5.209506 -10.186975
v 14.210972 5.209494 -10.255653
v 14.210996 5.209482 -10.324331
v 14.211020 5.209471 -10.393009
v 14.211044 5.209459 -10.461687
v 14.211068 5.209448 -10.530365
v 14.211092 5.209436 -10.599042
v 14.211117 5.209425 -10.667720
v 14.211141 5.209414 -10.736398
v 14.211164 5.209402 -10.805076
v 14.211188 5.209391 -10.873754
v 14.211212 5.209379 -10.942431
v 14.211239 4.902983 -10.942380
v 14.211214 4.902995 -10.873702
v 14.211190 4.903006 -10.805024
v 14.211166 4.903018 -10.736346
v 14.211143 4.903029 -10.667669
v 14.211118 4.903040 -10.598991
v 14.211094 4.903052 -10.530313
v 14.211070 4.903063 -10.461636
v 14.211046 4.903075 -10.392958
v 14.211022 4.903086 -10.324280
v 14.210998 4.903098 -10.255603
v 14.210974 4.903110 -10.186925
v 14.210945 5.197835 -10.175303
v 14.210929 5.197843 -10.129968
v 14.210953 4.914791 -10.129921
v 14.210969 4.914783 -10.175255
v 14.211233 5.197698 -10.999435
v 14.211218 5.197705 -10.954101
v 14.211242 4.914653 -10.954054
v 14.211257 4.914645 -10.999388
v 14.211209 5.197709 -10.930758
v 14.211194 5.197717 -10.885424
v 14.211218 4.914664 -10.885376
v 14.211233 4.914657 -10.930710
v 14.211185 5.197721 -10.862080
v 14.211169 5.197728 -10.816746
v 14.211193 4.914676 -10.816698
v 14.211209 4.914669 -10.862032
v 14.211162 5.197732 -10.793402
v 14.211145 5.197740 -10.748068
v 14.211169 4.914688 -10.748020
v 14.211185 4.914680 -10.793354
v 14.211138 5.197743 -10.724724
v 14.211122 5.197751 -10.679390
v 14.211145 4.914699 -10.679342
v 14.211162 4.914691 -10.724677
v 14.211113 5.197755 -10.656046
v 14.211098 5.197762 -10.610712
v 14.211122 4.914711 -10.610665
v 14.211137 4.914703 -10.655999
v 14.211089 5.197767 -10.587369
v 14.211073 5.197774 -10.542034
v 14.211097 4.914722 -10.541987
v 14.211113 4.914714 -10.587321
v 14.211065 5.197778 -10.518691
v 14.211049 5.197785 -10.473357
v 14.211073 4.914733 -10.473310
v 14.211089 4.914726 -10.518643
v 14.211041 5.197790 -10.450013
v 14.211025 5.197797 -10.404679
v 14.211049 4.914745 -10.404632
v 14.211065 4.914737 -10.449965
v 14.211017 5.197801 -10.381335
v 14.211001 5.197809 -10.336001
v 14.211025 4.914756 -10.335954
v 14.211040 4.914749 -10.381288
v 14.210993 5.197813 -10.312657
v 14.210978 5.197820 -10.267323
v 14.211001 4.914768 -10.267276
v 14.211017 4.914760 -10.312611
v 14.210969 5.197824 -10.243979
v 14.210953 5.197832 -10.198646
v 14.210977 4.914779 -10.198599
v 14.210993 4.914772 -10.243933
v 14.204491 5.197843 -10.129971
v 14.204507 5.197835 -10.175304
v 14.204531 4.914783 -10.175257
v 14.204515 4.914790 -10.129923
v 14.204780 5.197705 -10.954103
v 14.204795 5.197697 -10.999437
v 14.204819 4.914645 -10.999390
v 14.204803 4.914652 -10.954056
v 14.204756 5.197716 -10.885426
v 14.204771 5.197709 -10.930759
v 14.204795 4.914656 -10.930712
v 14.204780 4.914664 -10.885378
v 14.204731 5.197728 -10.816748
v 14.204747 5.197720 -10.862082
v 14.204771 4.914668 -10.862035
v 14.204755 4.914675 -10.816700
v 14.204707 5.197739 -10.748070
v 14.204723 5.197731 -10.793404
v 14.204747 4.914680 -10.793357
v 14.204731 4.914687 -10.748023
v 14.204683 5.197751 -10.679392
v 14.204700 5.197743 -10.724727
v 14.204723 4.914691 -10.724679
v 14.204707 4.914699 -10.679345
v 14.204659 5.197762 -10.610715
v 14.204675 5.197754 -10.656049
v 14.204699 4.914702 -10.656001
v 14.204683 4.914710 -10.610667
v 14.204635 5.197773 -10.542037
v 14.204651 5.197766 -10.587371
v 14.204675 4.914714 -10.587323
v 14.204659 4.914721 -10.541989
v 14.204611 5.197785 -10.473359
v 14.204627 5.197777 -10.518693
v 14.204651 4.914725 -10.518645
v 14.204635 4.914733 -10.473311
v 14.204587 5.197796 -10.404681
v 14.204603 5.197789 -10.450015
v 14.204627 4.914737 -10.449968
v 14.204611 4.914744 -10.404634
v 14.204563 5.197808 -10.336003
v 14.204578 5.197801 -10.381337
v 14.204602 4.914748 -10.381290
v 14.204587 4.914756 -10.335957
v 14.204539 5.197820 -10.267325
v 14.204555 5.197812 -10.312660
v 14.204578 4.914760 -10.312613
v 14.204563 4.914767 -10.267279
v 14.204515 5.197831 -10.198648
v 14.204531 5.197824 -10.243982
v 14.204555 4.914771 -10.243935
v 14.204538 4.914779 -10.198601
vn 0.0004 -0.0002 -1.0000
vn 0.0001 -1.0000 0.0002
vn -0.0004 0.0002 1.0000
vn -0.0001 1.0000 -0.0002
vn 1.0000 0.0001 0.0004
vt 0.530559 0.695904
vt 0.483296 0.695155
vt 0.484367 0.693886
vt 0.529000 0.694892
vt 0.530228 0.826398
vt 0.530457 0.836623
vt 0.528913 0.835624
vt 0.529129 0.827665
vt 0.482785 0.684895
vt 0.530515 0.685356
vt 0.529364 0.686657
vt 0.484380 0.685890
vt 0.483442 0.737425
vt 0.483320 0.727209
vt 0.484847 0.728205
vt 0.484553 0.736155
vt 0.530485 0.738109
vt 0.528960 0.737113
vt 0.530369 0.727898
vt 0.529258 0.729168
vt 0.483370 0.779574
vt 0.483158 0.769356
vt 0.484699 0.770354
vt 0.484471 0.778307
vt 0.530441 0.780352
vt 0.528899 0.779354
vt 0.530228 0.770133
vt 0.529128 0.771401
vt 0.483290 0.821776
vt 0.483132 0.811596
vt 0.484660 0.812591
vt 0.484393 0.820510
vt 0.532478 0.852606
vt 0.532905 0.866564
vt 0.531031 0.864824
vt 0.530519 0.854564
vt 0.480911 0.866461
vt 0.483301 0.864363
vt 0.481400 0.851838
vt 0.483255 0.853815
vt 0.532905 0.683258
vt 0.532415 0.697881
vt 0.532433 0.711958
vt 0.530426 0.713870
vt 0.483340 0.713098
vt 0.481475 0.711173
vt 0.483471 0.709246
vt 0.530570 0.710026
vt 0.481338 0.697113
vt 0.480911 0.683155
vt 0.530393 0.699791
vt 0.532414 0.725988
vt 0.481489 0.725271
vt 0.483526 0.723353
vt 0.530577 0.724050
vt 0.483212 0.699013
vt 0.532316 0.740052
vt 0.530270 0.741959
vt 0.483228 0.741275
vt 0.481397 0.739332
vt 0.532223 0.754113
vt 0.530184 0.756030
vt 0.483139 0.755334
vt 0.481300 0.753397
vt 0.483345 0.751486
vt 0.530391 0.752174
vt 0.532229 0.768212
vt 0.481289 0.767429
vt 0.483295 0.765513
vt 0.530365 0.766283
vt 0.532309 0.782279
vt 0.530303 0.784195
vt 0.483233 0.783425
vt 0.481370 0.781496
vt 0.532300 0.796311
vt 0.530256 0.798223
vt 0.483209 0.797534
vt 0.481376 0.795596
vt 0.483415 0.793677
vt 0.530461 0.794374
vt 0.532217 0.810374
vt 0.530179 0.812293
vt 0.481293 0.809659
vt 0.483337 0.807747
vt 0.530384 0.808437
vt 0.532227 0.824474
vt 0.483153 0.825619
vt 0.481284 0.823692
vt 0.530364 0.822547
vt 0.532330 0.838541
vt 0.530336 0.840474
vt 0.483231 0.839687
vt 0.481367 0.837761
vt 0.483367 0.835837
vt 0.483420 0.849927
vt 0.530602 0.850706
vt 0.529449 0.855834
vt 0.529436 0.863829
vt 0.484452 0.863062
vt 0.484815 0.854827
vt 0.529287 0.701061
vt 0.529032 0.709026
vt 0.484567 0.707978
vt 0.484762 0.700012
vt 0.529322 0.715136
vt 0.529050 0.723055
vt 0.484633 0.722083
vt 0.484882 0.714097
vt 0.529160 0.743229
vt 0.528865 0.751178
vt 0.484456 0.750216
vt 0.484753 0.742271
vt 0.529078 0.757301
vt 0.528825 0.765284
vt 0.484399 0.764247
vt 0.484666 0.756329
vt 0.529200 0.785461
vt 0.528933 0.793379
vt 0.484522 0.792407
vt 0.484774 0.784423
vt 0.529147 0.799492
vt 0.528856 0.807441
vt 0.484447 0.806478
vt 0.484737 0.798529
vt 0.529072 0.813563
vt 0.528822 0.821548
vt 0.484467 0.834571
vt 0.484695 0.826617
vt 0.529241 0.841741
vt 0.529050 0.849706
vt 0.484525 0.848657
vt 0.484772 0.840687
s 0
usemtl ConsoleSide
f 5258/5850/2840 5259/5851/2840 5312/5852/2840 5309/5853/2840
f 5297/5854/2841 5298/5855/2841 5349/5856/2841 5350/5857/2841
f 5260/5858/2842 5257/5859/2842 5310/5860/2842 5311/5861/2842
f 5271/5862/2843 5272/5863/2843 5323/5864/2843 5324/5865/2843
f 5257/5859/2841 5258/5850/2841 5309/5853/2841 5310/5860/2841
f 5270/5866/2840 5271/5862/2840 5324/5865/2840 5321/5867/2840
f 5272/5863/2842 5269/5868/2842 5322/5869/2842 5323/5864/2842
f 5283/5870/2843 5284/5871/2843 5335/5872/2843 5336/5873/2843
f 5269/5868/2841 5270/5866/2841 5321/5867/2841 5322/5869/2841
f 5282/5874/2840 5283/5870/2840 5336/5873/2840 5333/5875/2840
f 5284/5871/2842 5281/5876/2842 5334/5877/2842 5335/5872/2842
f 5295/5878/2843 5296/5879/2843 5347/5880/2843 5348/5881/2843
f 5281/5876/2841 5282/5874/2841 5333/5875/2841 5334/5877/2841
f 5229/5882/2844 5226/5883/2844 5254/5884/2844 5253/5885/2844
f 5226/5883/2844 5225/5886/2844 5255/5887/2844 5254/5884/2844
f 5225/5886/2844 5252/5888/2844 5256/5889/2844 5255/5887/2844
f 5227/5890/2844 5240/5891/2844 5258/5850/2844 5257/5859/2844
f 5239/5892/2844 5265/5893/2844 5268/5894/2844 5242/5895/2844 5263/5896/2844 5262/5897/2844
f 5241/5898/2844 5228/5899/2844 5260/5858/2844 5259/5851/2844
f 5228/5899/2844 5227/5890/2844 5257/5859/2844 5260/5858/2844
f 5240/5891/2844 5239/5892/2844 5262/5897/2844 5261/5900/2844
f 5238/5901/2844 5269/5868/2844 5272/5863/2844 5243/5902/2844 5267/5903/2844 5266/5904/2844
f 5242/5895/2844 5241/5898/2844 5264/5905/2844 5263/5896/2844
f 5239/5892/2844 5238/5901/2844 5266/5904/2844 5265/5893/2844
f 5237/5906/2844 5273/5907/2844 5276/5908/2844 5244/5909/2844 5271/5862/2844 5270/5866/2844
f 5243/5902/2844 5242/5895/2844 5268/5894/2844 5267/5903/2844
f 5238/5901/2844 5237/5906/2844 5270/5866/2844 5269/5868/2844
f 5236/5910/2844 5277/5911/2844 5280/5912/2844 5245/5913/2844 5275/5914/2844 5274/5915/2844
f 5244/5909/2844 5243/5902/2844 5272/5863/2844 5271/5862/2844
f 5237/5906/2844 5236/5910/2844 5274/5915/2844 5273/5907/2844
f 5235/5916/2844 5281/5876/2844 5284/5871/2844 5246/5917/2844 5279/5918/2844 5278/5919/2844
f 5245/5913/2844 5244/5909/2844 5276/5908/2844 5275/5914/2844
f 5236/5910/2844 5235/5916/2844 5278/5919/2844 5277/5911/2844
f 5234/5920/2844 5285/5921/2844 5288/5922/2844 5247/5923/2844 5283/5870/2844 5282/5874/2844
f 5246/5917/2844 5245/5913/2844 5280/5912/2844 5279/5918/2844
f 5235/5916/2844 5234/5920/2844 5282/5874/2844 5281/5876/2844
f 5233/5924/2844 5289/5925/2844 5292/5926/2844 5248/5927/2844 5287/5928/2844 5286/5929/2844
f 5247/5923/2844 5246/5917/2844 5284/5871/2844 5283/5870/2844
f 5234/5920/2844 5233/5924/2844 5286/5929/2844 5285/5921/2844
f 5232/5930/2844 5293/5931/2844 5296/5879/2844 5249/5932/2844 5291/5933/2844 5290/5934/2844
f 5248/5927/2844 5247/5923/2844 5288/5922/2844 5287/5928/2844
f 5233/5924/2844 5232/5930/2844 5290/5934/2844 5289/5925/2844
f 5231/5935/2844 5297/5854/2844 5300/5936/2844 5250/5937/2844 5295/5878/2844 5294/5938/2844
f 5249/5932/2844 5248/5927/2844 5292/5926/2844 5291/5933/2844
f 5232/5930/2844 5231/5935/2844 5294/5938/2844 5293/5931/2844
f 5230/5939/2844 5301/5940/2844 5304/5941/2844 5251/5942/2844 5299/5943/2844 5298/5855/2844
f 5250/5937/2844 5249/5932/2844 5296/5879/2844 5295/5878/2844
f 5231/5935/2844 5230/5939/2844 5298/5855/2844 5297/5854/2844
f 5252/5888/2844 5303/5944/2844 5302/5945/2844 5229/5882/2844 5253/5885/2844 5256/5889/2844
f 5251/5942/2844 5250/5937/2844 5300/5936/2844 5299/5943/2844
f 5230/5939/2844 5229/5882/2844 5302/5945/2844 5301/5940/2844
f 5252/5888/2844 5251/5942/2844 5304/5941/2844 5303/5944/2844
f 5306/5946/2844 5305/5947/2844 5308/5948/2844 5307/5949/2844
f 5310/5860/2844 5309/5853/2844 5312/5852/2844 5311/5861/2844
f 5314/5950/2844 5313/5951/2844 5316/5952/2844 5315/5953/2844
f 5318/5954/2844 5317/5955/2844 5320/5956/2844 5319/5957/2844
f 5322/5869/2844 5321/5867/2844 5324/5865/2844 5323/5864/2844
f 5326/5958/2844 5325/5959/2844 5328/5960/2844 5327/5961/2844
f 5330/5962/2844 5329/5963/2844 5332/5964/2844 5331/5965/2844
f 5334/5877/2844 5333/5875/2844 5336/5873/2844 5335/5872/2844
f 5338/5966/2844 5337/5967/2844 5340/5968/2844 5339/5969/2844
f 5342/5970/2844 5341/5971/2844 5344/5972/2844 5343/5973/2844
f 5346/5974/2844 5345/5975/2844 5348/5881/2844 5347/5880/2844
f 5350/5857/2844 5349/5856/2844 5352/5976/2844 5351/5977/2844
f 5354/5978/2844 5353/5979/2844 5356/5980/2844 5355/5981/2844
f 5300/5936/2842 5297/5854/2842 5350/5857/2842 5351/5977/2842
f 5259/5851/2843 5260/5858/2843 5311/5861/2843 5312/5852/2843
f 5298/5855/2840 5299/5943/2840 5352/5976/2840 5349/5856/2840
f 5285/5921/2841 5286/5929/2841 5337/5967/2841 5338/5966/2841
f 5299/5943/2843 5300/5936/2843 5351/5977/2843 5352/5976/2843
f 5288/5922/2842 5285/5921/2842 5338/5966/2842 5339/5969/2842
f 5286/5929/2840 5287/5928/2840 5340/5968/2840 5337/5967/2840
f 5273/5907/2841 5274/5915/2841 5325/5959/2841 5326/5958/2841
f 5287/5928/2843 5288/5922/2843 5339/5969/2843 5340/5968/2843
f 5276/5908/2842 5273/5907/2842 5326/5958/2842 5327/5961/2842
f 5274/5915/2840 5275/5914/2840 5328/5960/2840 5325/5959/2840
f 5261/5900/2841 5262/5897/2841 5313/5951/2841 5314/5950/2841
f 5275/5914/2843 5276/5908/2843 5327/5961/2843 5328/5960/2843
f 5264/5905/2842 5261/5900/2842 5314/5950/2842 5315/5953/2842
f 5301/5940/2841 5302/5945/2841 5353/5979/2841 5354/5978/2841
f 5262/5897/2840 5263/5896/2840 5316/5952/2840 5313/5951/2840
f 5304/5941/2842 5301/5940/2842 5354/5978/2842 5355/5981/2842
f 5263/5896/2843 5264/5905/2843 5315/5953/2843 5316/5952/2843
f 5302/5945/2840 5303/5944/2840 5356/5980/2840 5353/5979/2840
f 5289/5925/2841 5290/5934/2841 5341/5971/2841 5342/5970/2841
f 5303/5944/2843 5304/5941/2843 5355/5981/2843 5356/5980/2843
f 5292/5926/2842 5289/5925/2842 5342/5970/2842 5343/5973/2842
f 5290/5934/2840 5291/5933/2840 5344/5972/2840 5341/5971/2840
f 5277/5911/2841 5278/5919/2841 5329/5963/2841 5330/5962/2841
f 5291/5933/2843 5292/5926/2843 5343/5973/2843 5344/5972/2843
f 5280/5912/2842 5277/5911/2842 5330/5962/2842 5331/5965/2842
f 5278/5919/2840 5279/5918/2840 5332/5964/2840 5329/5963/2840
f 5265/5893/2841 5266/5904/2841 5317/5955/2841 5318/5954/2841
f 5279/5918/2843 5280/5912/2843 5331/5965/2843 5332/5964/2843
f 5268/5894/2842 5265/5893/2842 5318/5954/2842 5319/5957/2842
f 5266/5904/2840 5267/5903/2840 5320/5956/2840 5317/5955/2840
f 5253/5885/2841 5254/5884/2841 5305/5947/2841 5306/5946/2841
f 5267/5903/2843 5268/5894/2843 5319/5957/2843 5320/5956/2843
f 5256/5889/2842 5253/5885/2842 5306/5946/2842 5307/5949/2842
f 5293/5931/2841 5294/5938/2841 5345/5975/2841 5346/5974/2841
f 5254/5884/2840 5255/5887/2840 5308/5948/2840 5305/5947/2840
f 5296/5879/2842 5293/5931/2842 5346/5974/2842 5347/5880/2842
f 5255/5887/2843 5256/5889/2843 5307/5949/2843 5308/5948/2843
f 5294/5938/2840 5295/5878/2840 5348/5881/2840 5345/5975/2840
f 5240/5891/2844 5261/5900/2844 5264/5905/2844 5241/5898/2844 5259/5851/2844 5258/5850/2844
o Cube.014
v 14.194163 4.888595 -10.103724
v 14.220387 4.903121 -10.118243
v 14.194135 5.224045 -10.103780
v 14.220361 5.209517 -10.118295
v 14.194487 4.888441 -11.025588
v 14.220699 4.902972 -11.011054
v 14.194458 5.223891 -11.025644
v 14.220674 5.209368 -11.011106
v 14.220383 4.888597 -10.103714
v 14.220354 5.224047 -10.103770
v 14.220677 5.223893 -11.025635
v 14.220706 4.888443 -11.025578
v 14.210950 4.903121 -10.118247
v 14.210924 5.209517 -10.118299
v 14.211237 5.209368 -11.011108
v 14.211263 4.902972 -11.011058
v 14.210948 5.209506 -10.186975
v 14.210972 5.209494 -10.255653
v 14.210996 5.209482 -10.324331
v 14.211020 5.209471 -10.393009
v 14.211044 5.209459 -10.461687
v 14.211068 5.209448 -10.530365
v 14.211092 5.209436 -10.599042
v 14.211117 5.209425 -10.667720
v 14.211141 5.209414 -10.736398
v 14.211164 5.209402 -10.805076
v 14.211188 5.209391 -10.873754
v 14.211212 5.209379 -10.942431
v 14.211239 4.902983 -10.942380
v 14.211214 4.902995 -10.873702
v 14.211190 4.903006 -10.805024
v 14.211166 4.903018 -10.736346
v 14.211143 4.903029 -10.667669
v 14.211118 4.903040 -10.598991
v 14.211094 4.903052 -10.530313
v 14.211070 4.903063 -10.461636
v 14.211046 4.903075 -10.392958
v 14.211022 4.903086 -10.324280
v 14.210998 4.903098 -10.255603
v 14.210974 4.903110 -10.186925
vn -0.0004 0.0002 1.0000
vn 0.0004 -0.0002 -1.0000
vn 1.0000 0.0001 0.0004
vn 0.0001 -1.0000 0.0002
vn -0.0001 1.0000 -0.0002
vt 0.262499 0.031064
vt 0.262499 0.035489
vt 0.205891 0.035489
vt 0.205891 0.031064
vt 0.001019 0.174264
vt 0.005444 0.174264
vt 0.005444 0.230873
vt 0.001019 0.230873
vt 0.260048 0.037940
vt 0.208342 0.037940
vt 0.007895 0.176715
vt 0.007895 0.228422
vt 0.009488 0.176715
vt 0.009488 0.228422
vt 0.260048 0.039533
vt 0.208342 0.039533
vt 0.672051 0.532035
vt 0.672051 0.381368
vt 0.673643 0.381368
vt 0.673643 0.392957
vt 0.673643 0.404547
vt 0.673643 0.416137
vt 0.673643 0.427727
vt 0.673643 0.439317
vt 0.673643 0.450907
vt 0.673643 0.462496
vt 0.673643 0.474086
vt 0.673643 0.485676
vt 0.673643 0.497265
vt 0.673643 0.508855
vt 0.673643 0.520445
vt 0.673643 0.532035
vt 0.478270 0.066404
vt 0.327603 0.066404
vt 0.325151 0.063953
vt 0.480722 0.063953
vt 0.669599 0.534487
vt 0.669599 0.378916
vt 0.478270 0.067997
vt 0.466680 0.067997
vt 0.455090 0.067997
vt 0.443501 0.067997
vt 0.431911 0.067997
vt 0.420321 0.067997
vt 0.408731 0.067997
vt 0.397141 0.067997
vt 0.385552 0.067997
vt 0.373963 0.067997
vt 0.362372 0.067997
vt 0.350783 0.067997
vt 0.339193 0.067997
vt 0.327603 0.067997
vt 0.325151 0.059528
vt 0.480722 0.059528
vt 0.665174 0.534487
vt 0.665174 0.378916
s 0
usemtl ConsoleSide
f 5357/5982/2845 5365/5983/2845 5366/5984/2845 5359/5985/2845
f 5363/5986/2846 5367/5987/2846 5368/5988/2846 5361/5989/2846
f 5358/5990/2847 5360/5991/2847 5366/5984/2847 5365/5983/2847
f 5364/5992/2847 5362/5993/2847 5368/5988/2847 5367/5987/2847
f 5362/5993/2845 5364/5992/2845 5371/5994/2845 5372/5995/2845
f 5360/5991/2846 5358/5990/2846 5369/5996/2846 5370/5997/2846
f 5364/5998/2848 5360/5999/2848 5370/6000/2848 5373/6001/2848 5374/6002/2848 5375/6003/2848 5376/6004/2848 5377/6005/2848 5378/6006/2848 5379/6007/2848 5380/6008/2848 5381/6009/2848 5382/6010/2848 5383/6011/2848 5384/6012/2848 5371/6013/2848
f 5362/6014/2847 5358/6015/2847 5365/6016/2847 5368/6017/2847
f 5360/5999/2847 5364/5998/2847 5367/6018/2847 5366/6019/2847
f 5358/6015/2849 5362/6014/2849 5372/6020/2849 5385/6021/2849 5386/6022/2849 5387/6023/2849 5388/6024/2849 5389/6025/2849 5390/6026/2849 5391/6027/2849 5392/6028/2849 5393/6029/2849 5394/6030/2849 5395/6031/2849 5396/6032/2849 5369/6033/2849
f 5368/6017/2848 5365/6016/2848 5357/6034/2848 5361/6035/2848
f 5366/6019/2849 5367/6018/2849 5363/6036/2849 5359/6037/2849
o TempButtonRight
v 14.293955 5.418629 -10.615979
v 14.325730 5.430496 -10.615971
v 14.254950 5.523069 -10.616011
v 14.286725 5.534936 -10.616001
v 14.274486 5.470833 -10.711777
v 14.306261 5.482700 -10.711767
vn -0.0004 0.0002 1.0000
vn -0.3022 0.8096 -0.5032
vn 0.3026 -0.8097 -0.5028
vn -0.9368 -0.3499 -0.0003
vn 0.9368 0.3499 0.0003
vt 0.407112 0.070134
vt 0.417469 0.070134
vt 0.417469 0.080491
vt 0.407112 0.080491
vt 0.417469 0.090848
vt 0.407112 0.090848
vt 0.417469 0.101205
vt 0.407112 0.101205
vt 0.275150 0.029103
vt 0.275150 0.053765
vt 0.262819 0.041434
vt 0.044597 0.000639
vt 0.056928 0.012970
vt 0.044597 0.025301
s 0
usemtl ConsoleSide
f 5397/6038/2850 5398/6039/2850 5400/6040/2850 5399/6041/2850
f 5399/6041/2851 5400/6040/2851 5402/6042/2851 5401/6043/2851
f 5401/6043/2852 5402/6042/2852 5398/6044/2852 5397/6045/2852
f 5399/6046/2853 5401/6047/2853 5397/6048/2853
f 5402/6049/2854 5400/6050/2854 5398/6051/2854
o TempButtonLeft
v 14.293955 5.418629 -10.545149
v 14.325730 5.430496 -10.545157
v 14.254950 5.523069 -10.545117
v 14.286725 5.534936 -10.545127
v 14.274486 5.470833 -10.449351
v 14.306261 5.482700 -10.449361
vn -0.0004 0.0002 -1.0000
vn -0.3022 0.8096 0.5032
vn 0.3026 -0.8097 0.5028
vn -0.9368 -0.3499 0.0003
vn 0.9368 0.3499 -0.0003
vt 0.391294 0.230706
vt 0.391294 0.241068
vt 0.401656 0.241068
vt 0.401656 0.230706
vt 0.391294 0.251430
vt 0.401656 0.251430
vt 0.113855 0.000723
vt 0.103509 0.000723
vt 0.103509 0.011069
vt 0.113855 0.011069
vt 0.463283 0.001537
vt 0.463283 0.018976
vt 0.480722 0.018976
vt 0.423794 0.143856
vt 0.406356 0.161295
vt 0.423794 0.161295
s 0
usemtl ConsoleSide
f 5403/6052/2855 5405/6053/2855 5406/6054/2855 5404/6055/2855
f 5405/6053/2856 5407/6056/2856 5408/6057/2856 5406/6054/2856
f 5407/6058/2857 5403/6059/2857 5404/6060/2857 5408/6061/2857
f 5405/6062/2858 5403/6063/2858 5407/6064/2858
f 5408/6065/2859 5404/6066/2859 5406/6067/2859
o PhScale.001
v 14.122765 5.872805 -10.912673
v 14.236037 5.626350 -10.912642
v 14.236009 5.626350 -10.808166
v 14.122736 5.872805 -10.808196
vn 0.9086 0.4176 0.0002
vt 1.011366 0.006401
vt 1.011366 0.987938
vt -0.008273 0.987938
vt -0.008273 0.006401
s 0
usemtl Material.005
f 5410/6068/2860 5409/6069/2860 5412/6070/2860 5411/6071/2860
o NutrientFlow.001
v 14.287819 5.740574 -10.340748
v 14.278447 5.760656 -10.341448
v 14.296951 5.721002 -10.335737
v 14.305494 5.702690 -10.326610
v 14.313120 5.686344 -10.313715
v 14.319533 5.672591 -10.297550
v 14.324490 5.661960 -10.278734
v 14.327798 5.654859 -10.257992
v 14.329330 5.651561 -10.236120
v 14.329030 5.652194 -10.213959
v 14.326906 5.656732 -10.192360
v 14.323042 5.665001 -10.172154
v 14.317584 5.676683 -10.154117
v 14.310745 5.691331 -10.138942
v 14.302785 5.708380 -10.127212
v 14.294012 5.727175 -10.119378
v 14.284761 5.746994 -10.115742
v 14.275390 5.767076 -10.116442
v 14.266257 5.786650 -10.121452
v 14.257714 5.804961 -10.130580
v 14.250089 5.821307 -10.143475
v 14.243675 5.835060 -10.159640
v 14.238719 5.845692 -10.178455
v 14.235411 5.852792 -10.199198
v 14.233878 5.856090 -10.221069
v 14.234179 5.855458 -10.243231
v 14.236302 5.850920 -10.264830
v 14.240168 5.842650 -10.285036
v 14.245625 5.830968 -10.303073
v 14.252464 5.816320 -10.318248
v 14.260424 5.799272 -10.329978
v 14.269197 5.780476 -10.337811
vn 0.9062 0.4229 0.0002
vt 0.894195 0.466470
vt 0.894195 0.546046
vt 0.878671 0.624096
vt 0.848223 0.697609
vt 0.804012 0.763775
vt 0.747745 0.820045
vt 0.681583 0.864259
vt 0.608065 0.894713
vt 0.530018 0.910235
vt 0.450443 0.910237
vt 0.372399 0.894713
vt 0.298877 0.864263
vt 0.232710 0.820052
vt 0.176445 0.763787
vt 0.132230 0.697627
vt 0.101779 0.624100
vt 0.086255 0.546062
vt 0.086255 0.466484
vt 0.101777 0.388437
vt 0.132230 0.314924
vt 0.176433 0.248754
vt 0.232703 0.192483
vt 0.298867 0.148273
vt 0.372382 0.117821
vt 0.450429 0.102294
vt 0.530005 0.102294
vt 0.608054 0.117821
vt 0.681572 0.148269
vt 0.747735 0.192475
vt 0.804004 0.248742
vt 0.848216 0.314904
vt 0.878671 0.388427
s 1
usemtl Material.002
f 5413/6072/2861 5414/6073/2861 5444/6074/2861 5443/6075/2861 5442/6076/2861 5441/6077/2861 5440/6078/2861 5439/6079/2861 5438/6080/2861 5437/6081/2861 5436/6082/2861 5435/6083/2861 5434/6084/2861 5433/6085/2861 5432/6086/2861 5431/6087/2861 5430/6088/2861 5429/6089/2861 5428/6090/2861 5427/6091/2861 5426/6092/2861 5425/6093/2861 5424/6094/2861 5423/6095/2861 5422/6096/2861 5421/6097/2861 5420/6098/2861 5419/6099/2861 5418/6100/2861 5417/6101/2861 5416/6102/2861 5415/6103/2861
o NurbsPath.008
v 14.024615 5.081110 -11.061852
v 14.033548 5.103599 -11.055272
v 14.056324 5.112917 -11.050449
v 14.079604 5.103599 -11.050209
v 14.089753 5.081110 -11.054690
v 14.080820 5.058622 -11.061270
v 14.058044 5.049304 -11.066092
v 14.034764 5.058622 -11.066333
v 14.054309 5.114705 -11.289071
v 14.063877 5.137828 -11.287466
v 14.086832 5.147326 -11.284048
v 14.109731 5.137627 -11.280820
v 14.119161 5.114419 -11.279672
v 14.109592 5.091296 -11.281277
v 14.086637 5.081799 -11.284695
v 14.063739 5.091498 -11.287923
v 14.082475 5.091829 -11.465912
v 14.093133 5.113841 -11.471453
v 14.116494 5.122924 -11.470697
v 14.138877 5.113751 -11.464085
v 14.147172 5.091702 -11.455490
v 14.136514 5.069690 -11.449949
v 14.113153 5.060607 -11.450705
v 14.090770 5.069780 -11.457317
v 14.103518 5.019500 -11.596012
v 14.115379 5.037135 -11.609323
v 14.139261 5.044322 -11.611931
v 14.161177 5.036848 -11.602304
v 14.168290 5.019095 -11.586084
v 14.156429 5.001461 -11.572775
v 14.132547 4.994273 -11.570167
v 14.110632 5.001747 -11.579794
v 14.114732 4.908360 -11.683254
v 14.127285 4.919287 -11.702012
v 14.151489 4.923352 -11.707156
v 14.173168 4.918171 -11.695666
v 14.179626 4.906782 -11.674279
v 14.167073 4.895855 -11.655521
v 14.142869 4.891790 -11.650377
v 14.121190 4.896972 -11.661867
v 14.116141 4.772245 -11.731030
v 14.128799 4.776490 -11.752255
v 14.153053 4.777422 -11.758557
v 14.174697 4.774492 -11.746236
v 14.181055 4.769420 -11.722515
v 14.168396 4.765174 -11.701289
v 14.144142 4.764243 -11.694987
v 14.122499 4.767172 -11.707309
v 14.110236 4.628464 -11.741892
v 14.122673 4.626743 -11.763598
v 14.146830 4.625044 -11.770112
v 14.168556 4.624361 -11.757610
v 14.175130 4.625093 -11.733422
v 14.162693 4.626814 -11.711715
v 14.138537 4.628513 -11.705201
v 14.116811 4.629196 -11.717704
v 14.100150 4.494048 -11.719142
v 14.112164 4.486641 -11.739870
v 14.136144 4.482584 -11.745977
v 14.158046 4.484253 -11.733881
v 14.165043 4.490670 -11.710670
v 14.153029 4.498076 -11.689942
v 14.129049 4.502134 -11.683835
v 14.107147 4.500464 -11.695932
v 14.087768 4.381330 -11.668386
v 14.099152 4.368351 -11.686573
v 14.122867 4.361942 -11.691609
v 14.145022 4.365861 -11.680538
v 14.152644 4.377810 -11.659850
v 14.141260 4.390789 -11.641664
v 14.117545 4.397198 -11.636628
v 14.095389 4.393278 -11.647699
v 14.073560 4.297331 -11.597799
v 14.084058 4.279375 -11.611806
v 14.107353 4.270613 -11.614865
v 14.129803 4.276183 -11.605180
v 14.138259 4.292816 -11.588428
v 14.127761 4.310772 -11.574420
v 14.104465 4.319534 -11.571362
v 14.082016 4.313965 -11.581047
v 14.056665 4.243587 -11.518256
v 14.065942 4.221990 -11.526992
v 14.088509 4.211057 -11.526910
v 14.111151 4.217200 -11.518053
v 14.120606 4.236813 -11.505612
v 14.111330 4.258410 -11.496877
v 14.088762 4.269342 -11.496959
v 14.066121 4.263200 -11.505816
v 14.035234 4.216186 -11.443184
v 14.042722 4.192464 -11.446355
v 14.063745 4.179698 -11.441469
v 14.085993 4.185372 -11.431385
v 14.096434 4.206156 -11.422011
v 14.088946 4.229877 -11.418840
v 14.067924 4.242643 -11.423727
v 14.045676 4.236969 -11.433811
v 14.007325 4.207938 -11.385218
v 14.011872 4.183372 -11.383061
v 14.028998 4.169486 -11.371116
v 14.048675 4.174422 -11.356375
v 14.059377 4.195280 -11.347473
v 14.054831 4.219846 -11.349629
v 14.037704 4.233731 -11.361576
v 14.018027 4.228796 -11.376317
v 13.969762 4.210962 -11.349123
v 13.970325 4.186552 -11.343410
v 13.979664 4.172971 -11.324511
v 13.992311 4.178182 -11.303494
v 14.000859 4.199124 -11.292669
v 14.000297 4.223535 -11.298383
v 13.990957 4.237115 -11.317282
v 13.978310 4.231905 -11.338299
v 13.910731 4.219635 -11.332477
v 13.908610 4.195538 -11.325870
v 13.909706 4.182919 -11.304228
v 13.913379 4.189177 -11.280224
v 13.917475 4.210638 -11.267918
v 13.919596 4.234735 -11.274525
v 13.918500 4.247355 -11.296166
v 13.914828 4.241096 -11.320170
v 13.814196 4.229496 -11.336740
v 13.811779 4.205427 -11.330132
v 13.808546 4.193223 -11.308466
v 13.806391 4.200038 -11.284431
v 13.806575 4.221874 -11.272102
v 13.808990 4.245944 -11.278710
v 13.812223 4.258148 -11.300377
v 13.814379 4.251332 -11.324413
v 13.671118 4.234972 -11.362433
v 13.668934 4.210892 -11.355787
v 13.663862 4.198780 -11.334423
v 13.658875 4.205737 -11.310854
v 13.656891 4.227682 -11.298882
v 13.659075 4.251763 -11.305530
v 13.664145 4.263875 -11.326893
v 13.669134 4.256917 -11.350463
v 13.484634 4.238809 -11.411314
v 13.481092 4.214789 -11.405042
v 13.473498 4.202791 -11.384373
v 13.466301 4.209848 -11.361412
v 13.463716 4.231821 -11.349607
v 13.467258 4.255840 -11.355879
v 13.474852 4.267838 -11.376548
v 13.482049 4.260781 -11.399508
v 13.276121 4.259939 -11.495601
v 13.268280 4.236525 -11.491225
v 13.255388 4.225273 -11.472895
v 13.244996 4.232781 -11.451344
v 13.243189 4.254643 -11.439195
v 13.251030 4.278057 -11.443570
v 13.263922 4.289309 -11.461901
v 13.274314 4.281801 -11.483452
v 13.084228 4.333102 -11.639414
v 13.069941 4.312510 -11.640242
v 13.049637 4.304502 -11.627892
v 13.035212 4.313776 -11.609597
v 13.035109 4.334893 -11.596073
v 13.049396 4.355484 -11.595245
v 13.069698 4.363492 -11.607594
v 13.084125 4.354218 -11.625889
v 12.963285 4.511460 -11.882699
v 12.945045 4.496541 -11.891273
v 12.920281 4.494933 -11.887666
v 12.903502 4.507584 -11.873983
v 12.904529 4.527079 -11.858244
v 12.922770 4.541998 -11.849669
v 12.947533 4.543606 -11.853277
v 12.964313 4.530955 -11.866960
vn -0.9917 0.0279 -0.1256
vn -0.7008 0.7132 0.0136
vn -0.0208 0.9895 0.1431
vn 0.6740 0.7130 0.1933
vn 0.9910 0.0191 0.1323
vn 0.7191 -0.6948 -0.0091
vn 0.0112 -0.9893 -0.1455
vn -0.7027 -0.6847 -0.1935
vn -0.9890 0.0371 -0.1431
vn -0.6832 0.7244 -0.0927
vn -0.0002 1.0000 0.0085
vn 0.6839 0.7219 0.1052
vn 0.9892 0.0293 0.1434
vn 0.7127 -0.6949 0.0963
vn -0.0065 -0.9999 -0.0113
vn -0.7199 -0.6851 -0.1112
vn -0.9839 0.0452 -0.1727
vn -0.6397 0.6934 -0.3315
vn 0.0509 0.9507 -0.3059
vn 0.7139 0.6909 -0.1140
vn 0.9886 0.0413 0.1446
vn 0.6867 -0.6506 0.3242
vn -0.0514 -0.9512 0.3042
vn -0.7566 -0.6474 0.0914
vn -0.9822 0.0437 -0.1824
vn -0.6002 0.5624 -0.5687
vn 0.1047 0.7640 -0.6367
vn 0.7523 0.5518 -0.3600
vn 0.9922 0.0304 0.1207
vn 0.6558 -0.5232 0.5443
vn -0.0998 -0.7635 0.6380
vn -0.7931 -0.5160 0.3237
vn -0.9841 0.0440 -0.1723
vn -0.5832 0.3678 -0.7243
vn 0.1345 0.4825 -0.8655
vn 0.7776 0.3331 -0.5332
vn 0.9948 -0.0046 0.1022
vn 0.6322 -0.3467 0.6929
vn -0.1283 -0.4807 0.8674
vn -0.8098 -0.3130 0.4962
vn -0.9856 0.0497 -0.1614
vn -0.5851 0.1756 -0.7917
vn 0.1377 0.2016 -0.9697
vn 0.7836 0.1159 -0.6103
vn 0.9945 -0.0364 0.0985
vn 0.6237 -0.1697 0.7631
vn -0.1342 -0.2006 0.9704
vn -0.8097 -0.1075 0.5769
vn -0.9861 0.0498 -0.1586
vn -0.5943 -0.0026 -0.8043
vn 0.1268 -0.0529 -0.9905
vn 0.7770 -0.0737 -0.6251
vn 0.9936 -0.0529 0.0996
vn 0.6278 -0.0005 0.7784
vn -0.1263 0.0530 0.9906
vn -0.8025 0.0738 0.5921
vn -0.9864 0.0423 -0.1586
vn -0.6071 -0.1798 -0.7740
vn 0.1080 -0.2985 -0.9483
vn 0.7631 -0.2513 -0.5954
vn 0.9932 -0.0609 0.0995
vn 0.6410 0.1688 0.7487
vn -0.1085 0.2981 0.9483
vn -0.7908 0.2433 0.5617
vn -0.9868 0.0358 -0.1581
vn -0.6249 -0.3520 -0.6968
vn 0.0819 -0.5382 -0.8388
vn 0.7429 -0.4262 -0.5162
vn 0.9922 -0.0719 0.1020
vn 0.6616 0.3317 0.6724
vn -0.0804 0.5378 0.8392
vn -0.7727 0.4099 0.4847
vn -0.9853 0.0440 -0.1652
vn -0.6483 -0.4932 -0.5800
vn 0.0478 -0.7466 -0.6636
vn 0.7158 -0.5862 -0.3795
vn 0.9882 -0.0942 0.1207
vn 0.6872 0.4630 0.5598
vn -0.0397 0.7465 0.6643
vn -0.7437 0.5659 0.3559
vn -0.9755 0.0775 -0.2057
vn -0.6738 -0.5742 -0.4651
vn 0.0063 -0.8901 -0.4556
vn 0.6787 -0.7088 -0.1920
vn 0.9750 -0.1293 0.1804
vn 0.7127 0.5350 0.4538
vn 0.0155 0.8885 0.4587
vn -0.6964 0.6944 0.1810
vn -0.9362 0.1308 -0.3263
vn -0.6859 -0.5954 -0.4183
vn -0.0419 -0.9637 -0.2637
vn 0.6164 -0.7864 0.0393
vn 0.9313 -0.1740 0.3200
vn 0.7254 0.5435 0.4223
vn 0.0880 0.9563 0.2788
vn -0.6152 0.7876 -0.0348
vn -0.7995 0.1774 -0.5739
vn -0.6357 -0.5927 -0.4945
vn -0.0972 -0.9879 -0.1205
vn 0.4810 -0.8176 0.3164
vn 0.7904 -0.2043 0.5775
vn 0.6717 0.5225 0.5252
vn 0.1712 0.9697 0.1744
vn -0.4517 0.8438 -0.2898
vn -0.4735 0.1813 -0.8619
vn -0.4471 -0.6030 -0.6607
vn -0.1428 -0.9879 -0.0600
vn 0.2321 -0.7991 0.5546
vn 0.4753 -0.1806 0.8611
vn 0.4639 0.5353 0.7059
vn 0.1985 0.9670 0.1596
vn -0.1903 0.8456 -0.4988
vn -0.0965 0.1471 -0.9844
vn -0.1657 -0.6148 -0.7711
vn -0.1290 -0.9881 -0.0834
vn -0.0133 -0.7721 0.6354
vn 0.1079 -0.1294 0.9857
vn 0.1694 0.5824 0.7951
vn 0.1382 0.9777 0.1584
vn 0.0299 0.8114 -0.5838
vn 0.1183 0.1252 -0.9850
vn 0.0433 -0.6213 -0.7824
vn -0.0577 -0.9925 -0.1075
vn -0.1220 -0.7709 0.6252
vn -0.1143 -0.1065 0.9877
vn -0.0420 0.6146 0.7877
vn 0.0547 0.9889 0.1383
vn 0.1217 0.7928 -0.5972
vn 0.2171 0.1144 -0.9694
vn 0.1499 -0.6272 -0.7643
vn -0.0064 -0.9944 -0.1056
vn -0.1581 -0.7753 0.6114
vn -0.2171 -0.1080 0.9702
vn -0.1509 0.6204 0.7696
vn 0.0024 0.9923 0.1237
vn 0.1552 0.7864 -0.5979
vn 0.3186 0.1000 -0.9426
vn 0.2069 -0.6395 -0.7404
vn -0.0265 -0.9943 -0.1035
vn -0.2425 -0.7732 0.5860
vn -0.3199 -0.1144 0.9405
vn -0.2153 0.6133 0.7600
vn 0.0154 0.9908 0.1343
vn 0.2383 0.7813 -0.5768
vn 0.4987 0.0591 -0.8647
vn 0.2453 -0.6626 -0.7077
vn -0.1475 -0.9791 -0.1404
vn -0.4507 -0.7432 0.4944
vn -0.5064 -0.1018 0.8563
vn -0.2806 0.6046 0.7455
vn 0.1132 0.9740 0.1960
vn 0.4440 0.7534 -0.4850
vn 0.7361 -0.0642 -0.6738
vn 0.2669 -0.6925 -0.6702
vn -0.3396 -0.8978 -0.2806
vn -0.7494 -0.6118 0.2533
vn -0.7593 -0.0011 0.6507
vn -0.3571 0.6184 0.7000
vn 0.2650 0.9004 0.3451
vn 0.7426 0.6246 -0.2417
vn 0.8388 -0.1464 -0.5244
vn 0.2838 -0.7006 -0.6547
vn -0.4266 -0.8175 -0.3868
vn -0.8703 -0.4865 0.0769
vn -0.8637 0.0897 0.4959
vn -0.3843 0.6429 0.6626
vn 0.3494 0.8300 0.4348
vn 0.8655 0.4964 -0.0663
vt 0.439371 0.005281
vt 0.416426 0.005143
vt 0.416482 0.002670
vt 0.439119 0.002793
vt 0.439578 0.007790
vt 0.416376 0.007611
vt 0.439607 0.010323
vt 0.416333 0.010089
vt 0.439421 0.012845
vt 0.416295 0.012567
vt 0.439115 0.015341
vt 0.416261 0.015039
vt 0.438846 0.017823
vt 0.416226 0.017521
vt 0.438752 0.020310
vt 0.416177 0.020017
vt 0.438864 0.022795
vt 0.416116 0.022509
vt 0.398581 0.004800
vt 0.398676 0.002329
vt 0.398504 0.007268
vt 0.398452 0.009751
vt 0.398408 0.012250
vt 0.398381 0.014721
vt 0.398356 0.017195
vt 0.398311 0.019687
vt 0.398243 0.022192
vt 0.383598 0.004476
vt 0.383653 0.001967
vt 0.383546 0.006978
vt 0.383507 0.009473
vt 0.383476 0.011950
vt 0.383453 0.014448
vt 0.383428 0.016951
vt 0.383395 0.019455
vt 0.383353 0.021947
vt 0.369400 0.004335
vt 0.369412 0.001855
vt 0.369378 0.006814
vt 0.369352 0.009306
vt 0.369340 0.011801
vt 0.369327 0.014281
vt 0.369310 0.016758
vt 0.369294 0.019249
vt 0.369276 0.021741
vt 0.354987 0.004233
vt 0.354999 0.001748
vt 0.354969 0.006718
vt 0.354948 0.009214
vt 0.354937 0.011702
vt 0.354929 0.014189
vt 0.354920 0.016672
vt 0.354911 0.019163
vt 0.354898 0.021647
vt 0.340610 0.004173
vt 0.340632 0.001709
vt 0.340590 0.006639
vt 0.340572 0.009129
vt 0.340561 0.011631
vt 0.340556 0.014101
vt 0.340553 0.016569
vt 0.340546 0.019054
vt 0.340531 0.021549
vt 0.326977 0.004084
vt 0.327001 0.001599
vt 0.326966 0.006569
vt 0.326966 0.009063
vt 0.326969 0.011569
vt 0.326981 0.014059
vt 0.326994 0.016548
vt 0.326999 0.019043
vt 0.326995 0.021551
vt 0.314507 0.004154
vt 0.314488 0.001636
vt 0.314528 0.006634
vt 0.314572 0.009123
vt 0.314620 0.011615
vt 0.314665 0.014134
vt 0.314715 0.016624
vt 0.314750 0.019121
vt 0.314773 0.021617
vt 0.303254 0.004394
vt 0.303171 0.001914
vt 0.303342 0.006910
vt 0.303448 0.009391
vt 0.303571 0.011877
vt 0.303682 0.014363
vt 0.303783 0.016889
vt 0.303867 0.019386
vt 0.303935 0.021879
vt 0.293139 0.004910
vt 0.292998 0.002434
vt 0.293305 0.007381
vt 0.293488 0.009859
vt 0.293703 0.012345
vt 0.293902 0.014837
vt 0.294054 0.017336
vt 0.294176 0.019830
vt 0.294283 0.022319
vt 0.284295 0.005577
vt 0.284124 0.003104
vt 0.284496 0.008008
vt 0.284748 0.010479
vt 0.285041 0.012955
vt 0.285299 0.015445
vt 0.285471 0.017897
vt 0.285598 0.020380
vt 0.285721 0.022860
vt 0.277019 0.006101
vt 0.276894 0.003630
vt 0.277169 0.008619
vt 0.277361 0.011070
vt 0.277612 0.013505
vt 0.277855 0.015945
vt 0.278018 0.018443
vt 0.278140 0.020885
vt 0.278268 0.023339
vt 0.270912 0.006338
vt 0.270934 0.003844
vt 0.270874 0.008842
vt 0.270864 0.011372
vt 0.270923 0.013860
vt 0.271034 0.016280
vt 0.271154 0.018692
vt 0.271266 0.021179
vt 0.271317 0.023700
vt 0.263888 0.006270
vt 0.264020 0.003744
vt 0.263731 0.008778
vt 0.263581 0.011280
vt 0.263461 0.013776
vt 0.263411 0.016298
vt 0.263438 0.018787
vt 0.263457 0.021256
vt 0.263387 0.023720
vt 0.253584 0.005865
vt 0.253714 0.003379
vt 0.253448 0.008362
vt 0.253310 0.010867
vt 0.253178 0.013379
vt 0.253064 0.015900
vt 0.252977 0.018415
vt 0.252897 0.020912
vt 0.252791 0.023397
vt 0.238669 0.005305
vt 0.238751 0.002813
vt 0.238591 0.007800
vt 0.238515 0.010293
vt 0.238433 0.012791
vt 0.238339 0.015300
vt 0.238237 0.017807
vt 0.238137 0.020301
vt 0.238041 0.022788
vt 0.219019 0.004789
vt 0.219061 0.002295
vt 0.218990 0.007280
vt 0.218965 0.009772
vt 0.218927 0.012272
vt 0.218866 0.014774
vt 0.218787 0.017269
vt 0.218707 0.019760
vt 0.218640 0.022253
vt 0.195838 0.004475
vt 0.195852 0.001982
vt 0.195839 0.006955
vt 0.195845 0.009430
vt 0.195838 0.011920
vt 0.195797 0.014415
vt 0.195734 0.016895
vt 0.195673 0.019369
vt 0.195626 0.021857
vt 0.169861 0.004339
vt 0.169864 0.001844
vt 0.169895 0.006807
vt 0.169933 0.009253
vt 0.169945 0.011707
vt 0.169912 0.014161
vt 0.169846 0.016608
vt 0.169772 0.019064
vt 0.169724 0.021553
vt 0.137071 0.004090
vt 0.137246 0.001599
vt 0.136528 0.006537
vt 0.135928 0.008989
vt 0.135607 0.011509
vt 0.135747 0.014051
vt 0.136256 0.016530
vt 0.136833 0.018975
vt 0.137136 0.021455
s 1
usemtl ConsoleSide
f 5445/6104/2862 5453/6105/2870 5460/6106/2877 5452/6107/2869
f 5446/6108/2863 5454/6109/2871 5453/6105/2870 5445/6104/2862
f 5447/6110/2864 5455/6111/2872 5454/6109/2871 5446/6108/2863
f 5448/6112/2865 5456/6113/2873 5455/6111/2872 5447/6110/2864
f 5449/6114/2866 5457/6115/2874 5456/6113/2873 5448/6112/2865
f 5450/6116/2867 5458/6117/2875 5457/6115/2874 5449/6114/2866
f 5451/6118/2868 5459/6119/2876 5458/6117/2875 5450/6116/2867
f 5452/6120/2869 5460/6121/2877 5459/6119/2876 5451/6118/2868
f 5453/6105/2870 5461/6122/2878 5468/6123/2885 5460/6106/2877
f 5454/6109/2871 5462/6124/2879 5461/6122/2878 5453/6105/2870
f 5455/6111/2872 5463/6125/2880 5462/6124/2879 5454/6109/2871
f 5456/6113/2873 5464/6126/2881 5463/6125/2880 5455/6111/2872
f 5457/6115/2874 5465/6127/2882 5464/6126/2881 5456/6113/2873
f 5458/6117/2875 5466/6128/2883 5465/6127/2882 5457/6115/2874
f 5459/6119/2876 5467/6129/2884 5466/6128/2883 5458/6117/2875
f 5460/6121/2877 5468/6130/2885 5467/6129/2884 5459/6119/2876
f 5461/6122/2878 5469/6131/2886 5476/6132/2893 5468/6123/2885
f 5462/6124/2879 5470/6133/2887 5469/6131/2886 5461/6122/2878
f 5463/6125/2880 5471/6134/2888 5470/6133/2887 5462/6124/2879
f 5464/6126/2881 5472/6135/2889 5471/6134/2888 5463/6125/2880
f 5465/6127/2882 5473/6136/2890 5472/6135/2889 5464/6126/2881
f 5466/6128/2883 5474/6137/2891 5473/6136/2890 5465/6127/2882
f 5467/6129/2884 5475/6138/2892 5474/6137/2891 5466/6128/2883
f 5468/6130/2885 5476/6139/2893 5475/6138/2892 5467/6129/2884
f 5469/6131/2886 5477/6140/2894 5484/6141/2901 5476/6132/2893
f 5470/6133/2887 5478/6142/2895 5477/6140/2894 5469/6131/2886
f 5471/6134/2888 5479/6143/2896 5478/6142/2895 5470/6133/2887
f 5472/6135/2889 5480/6144/2897 5479/6143/2896 5471/6134/2888
f 5473/6136/2890 5481/6145/2898 5480/6144/2897 5472/6135/2889
f 5474/6137/2891 5482/6146/2899 5481/6145/2898 5473/6136/2890
f 5475/6138/2892 5483/6147/2900 5482/6146/2899 5474/6137/2891
f 5476/6139/2893 5484/6148/2901 5483/6147/2900 5475/6138/2892
f 5477/6140/2894 5485/6149/2902 5492/6150/2909 5484/6141/2901
f 5478/6142/2895 5486/6151/2903 5485/6149/2902 5477/6140/2894
f 5479/6143/2896 5487/6152/2904 5486/6151/2903 5478/6142/2895
f 5480/6144/2897 5488/6153/2905 5487/6152/2904 5479/6143/2896
f 5481/6145/2898 5489/6154/2906 5488/6153/2905 5480/6144/2897
f 5482/6146/2899 5490/6155/2907 5489/6154/2906 5481/6145/2898
f 5483/6147/2900 5491/6156/2908 5490/6155/2907 5482/6146/2899
f 5484/6148/2901 5492/6157/2909 5491/6156/2908 5483/6147/2900
f 5485/6149/2902 5493/6158/2910 5500/6159/2917 5492/6150/2909
f 5486/6151/2903 5494/6160/2911 5493/6158/2910 5485/6149/2902
f 5487/6152/2904 5495/6161/2912 5494/6160/2911 5486/6151/2903
f 5488/6153/2905 5496/6162/2913 5495/6161/2912 5487/6152/2904
f 5489/6154/2906 5497/6163/2914 5496/6162/2913 5488/6153/2905
f 5490/6155/2907 5498/6164/2915 5497/6163/2914 5489/6154/2906
f 5491/6156/2908 5499/6165/2916 5498/6164/2915 5490/6155/2907
f 5492/6157/2909 5500/6166/2917 5499/6165/2916 5491/6156/2908
f 5493/6158/2910 5501/6167/2918 5508/6168/2925 5500/6159/2917
f 5494/6160/2911 5502/6169/2919 5501/6167/2918 5493/6158/2910
f 5495/6161/2912 5503/6170/2920 5502/6169/2919 5494/6160/2911
f 5496/6162/2913 5504/6171/2921 5503/6170/2920 5495/6161/2912
f 5497/6163/2914 5505/6172/2922 5504/6171/2921 5496/6162/2913
f 5498/6164/2915 5506/6173/2923 5505/6172/2922 5497/6163/2914
f 5499/6165/2916 5507/6174/2924 5506/6173/2923 5498/6164/2915
f 5500/6166/2917 5508/6175/2925 5507/6174/2924 5499/6165/2916
f 5501/6167/2918 5509/6176/2926 5516/6177/2933 5508/6168/2925
f 5502/6169/2919 5510/6178/2927 5509/6176/2926 5501/6167/2918
f 5503/6170/2920 5511/6179/2928 5510/6178/2927 5502/6169/2919
f 5504/6171/2921 5512/6180/2929 5511/6179/2928 5503/6170/2920
f 5505/6172/2922 5513/6181/2930 5512/6180/2929 5504/6171/2921
f 5506/6173/2923 5514/6182/2931 5513/6181/2930 5505/6172/2922
f 5507/6174/2924 5515/6183/2932 5514/6182/2931 5506/6173/2923
f 5508/6175/2925 5516/6184/2933 5515/6183/2932 5507/6174/2924
f 5509/6176/2926 5517/6185/2934 5524/6186/2941 5516/6177/2933
f 5510/6178/2927 5518/6187/2935 5517/6185/2934 5509/6176/2926
f 5511/6179/2928 5519/6188/2936 5518/6187/2935 5510/6178/2927
f 5512/6180/2929 5520/6189/2937 5519/6188/2936 5511/6179/2928
f 5513/6181/2930 5521/6190/2938 5520/6189/2937 5512/6180/2929
f 5514/6182/2931 5522/6191/2939 5521/6190/2938 5513/6181/2930
f 5515/6183/2932 5523/6192/2940 5522/6191/2939 5514/6182/2931
f 5516/6184/2933 5524/6193/2941 5523/6192/2940 5515/6183/2932
f 5517/6185/2934 5525/6194/2942 5532/6195/2949 5524/6186/2941
f 5518/6187/2935 5526/6196/2943 5525/6194/2942 5517/6185/2934
f 5519/6188/2936 5527/6197/2944 5526/6196/2943 5518/6187/2935
f 5520/6189/2937 5528/6198/2945 5527/6197/2944 5519/6188/2936
f 5521/6190/2938 5529/6199/2946 5528/6198/2945 5520/6189/2937
f 5522/6191/2939 5530/6200/2947 5529/6199/2946 5521/6190/2938
f 5523/6192/2940 5531/6201/2948 5530/6200/2947 5522/6191/2939
f 5524/6193/2941 5532/6202/2949 5531/6201/2948 5523/6192/2940
f 5525/6194/2942 5533/6203/2950 5540/6204/2957 5532/6195/2949
f 5526/6196/2943 5534/6205/2951 5533/6203/2950 5525/6194/2942
f 5527/6197/2944 5535/6206/2952 5534/6205/2951 5526/6196/2943
f 5528/6198/2945 5536/6207/2953 5535/6206/2952 5527/6197/2944
f 5529/6199/2946 5537/6208/2954 5536/6207/2953 5528/6198/2945
f 5530/6200/2947 5538/6209/2955 5537/6208/2954 5529/6199/2946
f 5531/6201/2948 5539/6210/2956 5538/6209/2955 5530/6200/2947
f 5532/6202/2949 5540/6211/2957 5539/6210/2956 5531/6201/2948
f 5533/6203/2950 5541/6212/2958 5548/6213/2965 5540/6204/2957
f 5534/6205/2951 5542/6214/2959 5541/6212/2958 5533/6203/2950
f 5535/6206/2952 5543/6215/2960 5542/6214/2959 5534/6205/2951
f 5536/6207/2953 5544/6216/2961 5543/6215/2960 5535/6206/2952
f 5537/6208/2954 5545/6217/2962 5544/6216/2961 5536/6207/2953
f 5538/6209/2955 5546/6218/2963 5545/6217/2962 5537/6208/2954
f 5539/6210/2956 5547/6219/2964 5546/6218/2963 5538/6209/2955
f 5540/6211/2957 5548/6220/2965 5547/6219/2964 5539/6210/2956
f 5541/6212/2958 5549/6221/2966 5556/6222/2973 5548/6213/2965
f 5542/6214/2959 5550/6223/2967 5549/6221/2966 5541/6212/2958
f 5543/6215/2960 5551/6224/2968 5550/6223/2967 5542/6214/2959
f 5544/6216/2961 5552/6225/2969 5551/6224/2968 5543/6215/2960
f 5545/6217/2962 5553/6226/2970 5552/6225/2969 5544/6216/2961
f 5546/6218/2963 5554/6227/2971 5553/6226/2970 5545/6217/2962
f 5547/6219/2964 5555/6228/2972 5554/6227/2971 5546/6218/2963
f 5548/6220/2965 5556/6229/2973 5555/6228/2972 5547/6219/2964
f 5549/6221/2966 5557/6230/2974 5564/6231/2981 5556/6222/2973
f 5550/6223/2967 5558/6232/2975 5557/6230/2974 5549/6221/2966
f 5551/6224/2968 5559/6233/2976 5558/6232/2975 5550/6223/2967
f 5552/6225/2969 5560/6234/2977 5559/6233/2976 5551/6224/2968
f 5553/6226/2970 5561/6235/2978 5560/6234/2977 5552/6225/2969
f 5554/6227/2971 5562/6236/2979 5561/6235/2978 5553/6226/2970
f 5555/6228/2972 5563/6237/2980 5562/6236/2979 5554/6227/2971
f 5556/6229/2973 5564/6238/2981 5563/6237/2980 5555/6228/2972
f 5557/6230/2974 5565/6239/2982 5572/6240/2989 5564/6231/2981
f 5558/6232/2975 5566/6241/2983 5565/6239/2982 5557/6230/2974
f 5559/6233/2976 5567/6242/2984 5566/6241/2983 5558/6232/2975
f 5560/6234/2977 5568/6243/2985 5567/6242/2984 5559/6233/2976
f 5561/6235/2978 5569/6244/2986 5568/6243/2985 5560/6234/2977
f 5562/6236/2979 5570/6245/2987 5569/6244/2986 5561/6235/2978
f 5563/6237/2980 5571/6246/2988 5570/6245/2987 5562/6236/2979
f 5564/6238/2981 5572/6247/2989 5571/6246/2988 5563/6237/2980
f 5565/6239/2982 5573/6248/2990 5580/6249/2997 5572/6240/2989
f 5566/6241/2983 5574/6250/2991 5573/6248/2990 5565/6239/2982
f 5567/6242/2984 5575/6251/2992 5574/6250/2991 5566/6241/2983
f 5568/6243/2985 5576/6252/2993 5575/6251/2992 5567/6242/2984
f 5569/6244/2986 5577/6253/2994 5576/6252/2993 5568/6243/2985
f 5570/6245/2987 5578/6254/2995 5577/6253/2994 5569/6244/2986
f 5571/6246/2988 5579/6255/2996 5578/6254/2995 5570/6245/2987
f 5572/6247/2989 5580/6256/2997 5579/6255/2996 5571/6246/2988
f 5573/6248/2990 5581/6257/2998 5588/6258/3005 5580/6249/2997
f 5574/6250/2991 5582/6259/2999 5581/6257/2998 5573/6248/2990
f 5575/6251/2992 5583/6260/3000 5582/6259/2999 5574/6250/2991
f 5576/6252/2993 5584/6261/3001 5583/6260/3000 5575/6251/2992
f 5577/6253/2994 5585/6262/3002 5584/6261/3001 5576/6252/2993
f 5578/6254/2995 5586/6263/3003 5585/6262/3002 5577/6253/2994
f 5579/6255/2996 5587/6264/3004 5586/6263/3003 5578/6254/2995
f 5580/6256/2997 5588/6265/3005 5587/6264/3004 5579/6255/2996
f 5581/6257/2998 5589/6266/3006 5596/6267/3013 5588/6258/3005
f 5582/6259/2999 5590/6268/3007 5589/6266/3006 5581/6257/2998
f 5583/6260/3000 5591/6269/3008 5590/6268/3007 5582/6259/2999
f 5584/6261/3001 5592/6270/3009 5591/6269/3008 5583/6260/3000
f 5585/6262/3002 5593/6271/3010 5592/6270/3009 5584/6261/3001
f 5586/6263/3003 5594/6272/3011 5593/6271/3010 5585/6262/3002
f 5587/6264/3004 5595/6273/3012 5594/6272/3011 5586/6263/3003
f 5588/6265/3005 5596/6274/3013 5595/6273/3012 5587/6264/3004
f 5589/6266/3006 5597/6275/3014 5604/6276/3021 5596/6267/3013
f 5590/6268/3007 5598/6277/3015 5597/6275/3014 5589/6266/3006
f 5591/6269/3008 5599/6278/3016 5598/6277/3015 5590/6268/3007
f 5592/6270/3009 5600/6279/3017 5599/6278/3016 5591/6269/3008
f 5593/6271/3010 5601/6280/3018 5600/6279/3017 5592/6270/3009
f 5594/6272/3011 5602/6281/3019 5601/6280/3018 5593/6271/3010
f 5595/6273/3012 5603/6282/3020 5602/6281/3019 5594/6272/3011
f 5596/6274/3013 5604/6283/3021 5603/6282/3020 5595/6273/3012
f 5597/6275/3014 5605/6284/3022 5612/6285/3029 5604/6276/3021
f 5598/6277/3015 5606/6286/3023 5605/6284/3022 5597/6275/3014
f 5599/6278/3016 5607/6287/3024 5606/6286/3023 5598/6277/3015
f 5600/6279/3017 5608/6288/3025 5607/6287/3024 5599/6278/3016
f 5601/6280/3018 5609/6289/3026 5608/6288/3025 5600/6279/3017
f 5602/6281/3019 5610/6290/3027 5609/6289/3026 5601/6280/3018
f 5603/6282/3020 5611/6291/3028 5610/6290/3027 5602/6281/3019
f 5604/6283/3021 5612/6292/3029 5611/6291/3028 5603/6282/3020
o NurbsPath.009
v 14.024536 4.949047 -11.055501
v 14.034390 4.971959 -11.052896
v 14.057594 4.981452 -11.053440
v 14.080558 4.971959 -11.056814
v 14.089832 4.949047 -11.061041
v 14.079978 4.926136 -11.063645
v 14.056774 4.916643 -11.063102
v 14.033811 4.926136 -11.059728
v 14.046081 4.978167 -11.349221
v 14.055896 5.001041 -11.346180
v 14.078494 5.009962 -11.339968
v 14.100639 4.999696 -11.334225
v 14.109364 4.976264 -11.332314
v 14.099549 4.953389 -11.335355
v 14.076951 4.944469 -11.341567
v 14.054805 4.954735 -11.347310
v 14.139379 4.964051 -11.542533
v 14.149536 4.986860 -11.540214
v 14.169295 4.996318 -11.528009
v 14.187084 4.986877 -11.513068
v 14.192485 4.964075 -11.504141
v 14.182328 4.941266 -11.506460
v 14.162568 4.931808 -11.518663
v 14.144779 4.941248 -11.533605
v 14.261128 4.914951 -11.659099
v 14.273087 4.936987 -11.658618
v 14.289929 4.947698 -11.643438
v 14.301790 4.940803 -11.622447
v 14.301724 4.920348 -11.607942
v 14.289766 4.898312 -11.608423
v 14.272923 4.887601 -11.623603
v 14.261063 4.894496 -11.644593
v 14.376534 4.841015 -11.721853
v 14.391974 4.860711 -11.723434
v 14.408097 4.871905 -11.707829
v 14.415456 4.868036 -11.684170
v 14.409744 4.851376 -11.666320
v 14.394304 4.831680 -11.664738
v 14.378181 4.820486 -11.680345
v 14.370823 4.824355 -11.704002
v 14.463202 4.752377 -11.750979
v 14.483147 4.767220 -11.754258
v 14.500851 4.776710 -11.739247
v 14.505940 4.775286 -11.714734
v 14.495441 4.763785 -11.695080
v 14.475497 4.748942 -11.691800
v 14.457793 4.739452 -11.706811
v 14.452703 4.740876 -11.731324
v 14.510206 4.658729 -11.761199
v 14.533998 4.665384 -11.765495
v 14.554009 4.669967 -11.751094
v 14.558513 4.669791 -11.726426
v 14.544877 4.664962 -11.705942
v 14.521086 4.658306 -11.701646
v 14.501075 4.653723 -11.716047
v 14.496572 4.653899 -11.740715
v 14.515991 4.568408 -11.761936
v 14.540313 4.564299 -11.766457
v 14.560705 4.561103 -11.752217
v 14.565220 4.560693 -11.727554
v 14.551219 4.563308 -11.706916
v 14.526898 4.567417 -11.702395
v 14.506506 4.570612 -11.716634
v 14.501991 4.571023 -11.741297
v 14.481610 4.485694 -11.758706
v 14.501978 4.471689 -11.762928
v 14.519259 4.460704 -11.748454
v 14.523328 4.459175 -11.723758
v 14.511806 4.467994 -11.703306
v 14.491437 4.481999 -11.699084
v 14.474155 4.492985 -11.713558
v 14.470087 4.494514 -11.738255
v 14.405985 4.412154 -11.753952
v 14.420451 4.392035 -11.757793
v 14.432953 4.376097 -11.743011
v 14.436164 4.373680 -11.718259
v 14.428207 4.386194 -11.698037
v 14.413740 4.406313 -11.694197
v 14.401238 4.422251 -11.708979
v 14.398027 4.424668 -11.733731
v 14.288033 4.349597 -11.747514
v 14.297498 4.326646 -11.751054
v 14.306087 4.308494 -11.736035
v 14.308765 4.305776 -11.711251
v 14.303970 4.320079 -11.691220
v 14.294505 4.343029 -11.687680
v 14.285917 4.361182 -11.702699
v 14.283237 4.363900 -11.727483
v 14.129149 4.298715 -11.736645
v 14.135233 4.274610 -11.739932
v 14.141554 4.255684 -11.724745
v 14.144410 4.253026 -11.699973
v 14.142130 4.268188 -11.680130
v 14.136047 4.292292 -11.676843
v 14.129725 4.311218 -11.692030
v 14.126869 4.313876 -11.716802
v 13.933022 4.257655 -11.716049
v 13.936991 4.233085 -11.719112
v 13.942297 4.213935 -11.703816
v 13.945833 4.211428 -11.679118
v 13.945527 4.227024 -11.659484
v 13.941558 4.251594 -11.656422
v 13.936252 4.270744 -11.671717
v 13.932716 4.273252 -11.696416
v 13.707644 4.224948 -11.683321
v 13.710031 4.200149 -11.686172
v 13.714400 4.180863 -11.670752
v 13.718194 4.178393 -11.646087
v 13.719190 4.194178 -11.626628
v 13.716803 4.218977 -11.623776
v 13.712433 4.238263 -11.639197
v 13.708639 4.240733 -11.663861
v 13.469580 4.205772 -11.649941
v 13.469951 4.180836 -11.652563
v 13.471749 4.161376 -11.636850
v 13.473923 4.158795 -11.612002
v 13.475198 4.174599 -11.592575
v 13.474827 4.199535 -11.589952
v 13.473028 4.218996 -11.605665
v 13.470855 4.221576 -11.630514
v 13.245667 4.212658 -11.642530
v 13.242198 4.187973 -11.645255
v 13.237055 4.168966 -11.629727
v 13.233251 4.166776 -11.605038
v 13.233012 4.182679 -11.585650
v 13.236481 4.207364 -11.582927
v 13.241624 4.226371 -11.598454
v 13.245428 4.228561 -11.623143
v 13.068694 4.263438 -11.699046
v 13.059395 4.240715 -11.704148
v 13.042395 4.225699 -11.693456
v 13.027649 4.227192 -11.673228
v 13.023793 4.244312 -11.655315
v 13.033092 4.267035 -11.650214
v 13.050093 4.282051 -11.660906
v 13.064838 4.280558 -11.681134
v 12.965917 4.388199 -11.877412
v 12.953361 4.369031 -11.887599
v 12.929412 4.361600 -11.887754
v 12.908096 4.370264 -11.877784
v 12.901897 4.389942 -11.863531
v 12.914453 4.409110 -11.853344
v 12.938402 4.416542 -11.853189
v 12.959718 4.407877 -11.863158
vn -0.9970 0.0346 -0.0696
vn -0.7138 0.7001 0.0172
vn -0.0314 0.9948 0.0966
vn 0.6921 0.7116 0.1211
vn 0.9974 -0.0117 0.0707
vn 0.6877 -0.7256 -0.0231
vn -0.0455 -0.9937 -0.1027
vn -0.7413 -0.6604 -0.1199
vn -0.9651 0.0458 -0.2577
vn -0.6784 0.7149 -0.1693
vn -0.0199 0.9997 0.0120
vn 0.6663 0.7208 0.1911
vn 0.9660 -0.0082 0.2583
vn 0.6512 -0.7417 0.1605
vn -0.0692 -0.9969 -0.0364
vn -0.7277 -0.6541 -0.2064
vn -0.8084 0.0233 -0.5882
vn -0.5073 0.6887 -0.5180
vn 0.0702 0.9835 -0.1666
vn 0.6198 0.7306 0.2865
vn 0.8127 0.0298 0.5819
vn 0.4921 -0.7044 0.5115
vn -0.1393 -0.9834 0.1162
vn -0.6692 -0.6625 -0.3366
vn -0.6129 -0.0551 -0.7882
vn -0.2541 0.5921 -0.7648
vn 0.2438 0.9146 -0.3226
vn 0.6114 0.7295 0.3067
vn 0.6270 0.1119 0.7710
vn 0.2557 -0.5876 0.7677
vn -0.2770 -0.9190 0.2804
vn -0.6321 -0.6816 -0.3687
vn -0.4920 -0.1311 -0.8607
vn -0.0252 0.4541 -0.8906
vn 0.4521 0.7828 -0.4275
vn 0.6806 0.6789 0.2753
vn 0.5223 0.1850 0.8324
vn 0.0473 -0.4307 0.9013
vn -0.4616 -0.7866 0.4101
vn -0.6818 -0.6522 -0.3315
vn -0.4651 -0.1507 -0.8723
vn 0.1413 0.2951 -0.9450
vn 0.6599 0.5685 -0.4912
vn 0.8161 0.5301 0.2303
vn 0.5184 0.1958 0.8324
vn -0.0900 -0.2615 0.9610
vn -0.6542 -0.5688 0.4986
vn -0.8082 -0.5187 -0.2788
vn -0.4893 -0.0832 -0.8682
vn 0.2380 0.1187 -0.9640
vn 0.8163 0.2484 -0.5215
vn 0.9494 0.2427 0.1992
vn 0.5655 0.1047 0.8181
vn -0.1526 -0.0969 0.9835
vn -0.7978 -0.2472 0.5499
vn -0.9399 -0.2419 -0.2408
vn -0.4930 0.0700 -0.8672
vn 0.2542 -0.0550 -0.9656
vn 0.8393 -0.1464 -0.5236
vn 0.9679 -0.1586 0.1951
vn 0.5751 -0.0850 0.8137
vn -0.1519 0.0389 0.9876
vn -0.8114 0.1433 0.5667
vn -0.9609 0.1565 -0.2285
vn -0.4292 0.2482 -0.8684
vn 0.1995 -0.1819 -0.9629
vn 0.6999 -0.4973 -0.5127
vn 0.8152 -0.5395 0.2105
vn 0.4883 -0.2888 0.8235
vn -0.1215 0.1315 0.9838
vn -0.6745 0.4866 0.5552
vn -0.8092 0.5389 -0.2341
vn -0.3238 0.3750 -0.8686
vn 0.1223 -0.2435 -0.9622
vn 0.4910 -0.7102 -0.5046
vn 0.5843 -0.7789 0.2280
vn 0.3539 -0.4160 0.8377
vn -0.0826 0.1919 0.9779
vn -0.4767 0.6980 0.5344
vn -0.5795 0.7773 -0.2447
vn -0.2369 0.4347 -0.8689
vn 0.0537 -0.2680 -0.9619
vn 0.3106 -0.8080 -0.5007
vn 0.3907 -0.8885 0.2407
vn 0.2496 -0.4660 0.8488
vn -0.0375 0.2318 0.9720
vn -0.3050 0.8001 0.5165
vn -0.3885 0.8855 -0.2550
vn -0.1957 0.4549 -0.8688
vn -0.0095 -0.2799 -0.9600
vn 0.1812 -0.8485 -0.4971
vn 0.2679 -0.9306 0.2494
vn 0.2006 -0.4771 0.8556
vn 0.0155 0.2595 0.9656
vn -0.1798 0.8464 0.5012
vn -0.2676 0.9266 -0.2642
vn -0.1900 0.4599 -0.8674
vn -0.0685 -0.2879 -0.9552
vn 0.0922 -0.8666 -0.4903
vn 0.1997 -0.9454 0.2574
vn 0.1917 -0.4754 0.8586
vn 0.0710 0.2767 0.9583
vn -0.0923 0.8672 0.4894
vn -0.2006 0.9416 -0.2703
vn -0.1761 0.4640 -0.8682
vn -0.1023 -0.2942 -0.9503
vn 0.0308 -0.8778 -0.4780
vn 0.1455 -0.9518 0.2699
vn 0.1762 -0.4753 0.8620
vn 0.1044 0.2798 0.9543
vn -0.0293 0.8739 0.4852
vn -0.1461 0.9509 -0.2729
vn -0.0871 0.4709 -0.8779
vn -0.0741 -0.3000 -0.9511
vn -0.0182 -0.8877 -0.4600
vn 0.0467 -0.9553 0.2920
vn 0.0843 -0.4809 0.8727
vn 0.0745 0.2679 0.9606
vn 0.0208 0.8705 0.4917
vn -0.0471 0.9602 -0.2753
vn 0.1888 0.4521 -0.8717
vn 0.0789 -0.3325 -0.9398
vn -0.0800 -0.8976 -0.4335
vn -0.1915 -0.9328 0.3053
vn -0.1974 -0.4623 0.8645
vn -0.0978 0.2579 0.9612
vn 0.0590 0.8517 0.5207
vn 0.1813 0.9517 -0.2478
vn 0.6830 0.2847 -0.6726
vn 0.3555 -0.4645 -0.8111
vn -0.1745 -0.8813 -0.4391
vn -0.5859 -0.7950 0.1571
vn -0.6868 -0.2954 0.6641
vn -0.4325 0.3578 0.8276
vn 0.0570 0.8316 0.5524
vn 0.5380 0.8406 -0.0637
vn 0.8941 0.1210 -0.4312
vn 0.5160 -0.5327 -0.6708
vn -0.1991 -0.8539 -0.4809
vn -0.7587 -0.6513 -0.0122
vn -0.8928 -0.1298 0.4314
vn -0.5879 0.4601 0.6653
vn 0.0714 0.8361 0.5439
vn 0.7132 0.6969 0.0754
vt 0.539552 0.657830
vt 0.540198 0.629031
vt 0.542668 0.629140
vt 0.542042 0.657611
vt 0.537042 0.657735
vt 0.537712 0.628963
vt 0.534572 0.657347
vt 0.535218 0.628925
vt 0.532137 0.656862
vt 0.532717 0.628898
vt 0.529694 0.656530
vt 0.530214 0.628867
vt 0.527234 0.656518
vt 0.527691 0.628789
vt 0.524787 0.656800
vt 0.525177 0.628675
vt 0.522337 0.657185
vt 0.522686 0.628556
vt 0.540711 0.608897
vt 0.543213 0.608999
vt 0.538223 0.608836
vt 0.535741 0.608802
vt 0.533271 0.608766
vt 0.530759 0.608725
vt 0.528260 0.608652
vt 0.525773 0.608546
vt 0.523305 0.608430
vt 0.541133 0.592361
vt 0.543611 0.592430
vt 0.538645 0.592317
vt 0.536156 0.592304
vt 0.533678 0.592286
vt 0.531198 0.592247
vt 0.528710 0.592191
vt 0.526224 0.592109
vt 0.523750 0.592023
vt 0.541384 0.577817
vt 0.543834 0.577871
vt 0.538897 0.577794
vt 0.536403 0.577804
vt 0.533914 0.577808
vt 0.531462 0.577792
vt 0.528979 0.577755
vt 0.526493 0.577694
vt 0.524010 0.577631
vt 0.541481 0.565175
vt 0.543963 0.565215
vt 0.539004 0.565172
vt 0.536519 0.565204
vt 0.534029 0.565227
vt 0.531548 0.565231
vt 0.529076 0.565214
vt 0.526594 0.565175
vt 0.524106 0.565134
vt 0.541449 0.554374
vt 0.543975 0.554369
vt 0.538987 0.554383
vt 0.536515 0.554430
vt 0.534032 0.554480
vt 0.531517 0.554493
vt 0.529057 0.554501
vt 0.526581 0.554494
vt 0.524091 0.554484
vt 0.541392 0.544767
vt 0.543867 0.544719
vt 0.538875 0.544800
vt 0.536375 0.544847
vt 0.533915 0.544900
vt 0.531468 0.544935
vt 0.528967 0.544970
vt 0.526456 0.544994
vt 0.523968 0.545020
vt 0.541193 0.535176
vt 0.543676 0.535132
vt 0.538728 0.535214
vt 0.536256 0.535240
vt 0.533763 0.535281
vt 0.531290 0.535344
vt 0.528832 0.535396
vt 0.526360 0.535441
vt 0.523859 0.535490
vt 0.541069 0.524145
vt 0.543558 0.524115
vt 0.538590 0.524168
vt 0.536104 0.524183
vt 0.533607 0.524209
vt 0.531119 0.524256
vt 0.528642 0.524305
vt 0.526161 0.524350
vt 0.523668 0.524396
vt 0.540960 0.510529
vt 0.543452 0.510507
vt 0.538471 0.510546
vt 0.535977 0.510557
vt 0.533477 0.510571
vt 0.530981 0.510594
vt 0.528493 0.510620
vt 0.526003 0.510648
vt 0.523509 0.510676
vt 0.540874 0.493758
vt 0.543367 0.493741
vt 0.538381 0.493772
vt 0.535885 0.493782
vt 0.533385 0.493791
vt 0.530887 0.493802
vt 0.528392 0.493815
vt 0.525897 0.493832
vt 0.523401 0.493851
vt 0.540786 0.473678
vt 0.543280 0.473661
vt 0.538291 0.473695
vt 0.535796 0.473711
vt 0.533295 0.473726
vt 0.530795 0.473740
vt 0.528295 0.473752
vt 0.525798 0.473766
vt 0.523300 0.473781
vt 0.540636 0.450700
vt 0.543131 0.450679
vt 0.538146 0.450725
vt 0.535651 0.450755
vt 0.533152 0.450785
vt 0.530652 0.450810
vt 0.528155 0.450829
vt 0.525658 0.450844
vt 0.523163 0.450858
vt 0.540396 0.426370
vt 0.542889 0.426336
vt 0.537905 0.426407
vt 0.535415 0.426451
vt 0.532920 0.426499
vt 0.530417 0.426540
vt 0.527915 0.426565
vt 0.525422 0.426586
vt 0.522932 0.426609
vt 0.540034 0.403210
vt 0.542522 0.403152
vt 0.537549 0.403251
vt 0.535087 0.403286
vt 0.532618 0.403338
vt 0.530123 0.403389
vt 0.527634 0.403413
vt 0.525171 0.403441
vt 0.522704 0.403484
vt 0.539723 0.382438
vt 0.542227 0.382451
vt 0.537225 0.382469
vt 0.534793 0.382528
vt 0.532380 0.382585
vt 0.529947 0.382615
vt 0.527517 0.382607
vt 0.525108 0.382569
vt 0.522667 0.382528
vt 0.539653 0.357712
vt 0.542125 0.357476
vt 0.537185 0.357376
vt 0.534765 0.356668
vt 0.532301 0.356003
vt 0.529733 0.355764
vt 0.527185 0.356103
vt 0.524748 0.356819
vt 0.522337 0.357509
s 1
usemtl ConsoleSide
f 5613/6293/3030 5621/6294/3038 5628/6295/3045 5620/6296/3037
f 5614/6297/3031 5622/6298/3039 5621/6294/3038 5613/6293/3030
f 5615/6299/3032 5623/6300/3040 5622/6298/3039 5614/6297/3031
f 5616/6301/3033 5624/6302/3041 5623/6300/3040 5615/6299/3032
f 5617/6303/3034 5625/6304/3042 5624/6302/3041 5616/6301/3033
f 5618/6305/3035 5626/6306/3043 5625/6304/3042 5617/6303/3034
f 5619/6307/3036 5627/6308/3044 5626/6306/3043 5618/6305/3035
f 5620/6309/3037 5628/6310/3045 5627/6308/3044 5619/6307/3036
f 5621/6294/3038 5629/6311/3046 5636/6312/3053 5628/6295/3045
f 5622/6298/3039 5630/6313/3047 5629/6311/3046 5621/6294/3038
f 5623/6300/3040 5631/6314/3048 5630/6313/3047 5622/6298/3039
f 5624/6302/3041 5632/6315/3049 5631/6314/3048 5623/6300/3040
f 5625/6304/3042 5633/6316/3050 5632/6315/3049 5624/6302/3041
f 5626/6306/3043 5634/6317/3051 5633/6316/3050 5625/6304/3042
f 5627/6308/3044 5635/6318/3052 5634/6317/3051 5626/6306/3043
f 5628/6310/3045 5636/6319/3053 5635/6318/3052 5627/6308/3044
f 5629/6311/3046 5637/6320/3054 5644/6321/3061 5636/6312/3053
f 5630/6313/3047 5638/6322/3055 5637/6320/3054 5629/6311/3046
f 5631/6314/3048 5639/6323/3056 5638/6322/3055 5630/6313/3047
f 5632/6315/3049 5640/6324/3057 5639/6323/3056 5631/6314/3048
f 5633/6316/3050 5641/6325/3058 5640/6324/3057 5632/6315/3049
f 5634/6317/3051 5642/6326/3059 5641/6325/3058 5633/6316/3050
f 5635/6318/3052 5643/6327/3060 5642/6326/3059 5634/6317/3051
f 5636/6319/3053 5644/6328/3061 5643/6327/3060 5635/6318/3052
f 5637/6320/3054 5645/6329/3062 5652/6330/3069 5644/6321/3061
f 5638/6322/3055 5646/6331/3063 5645/6329/3062 5637/6320/3054
f 5639/6323/3056 5647/6332/3064 5646/6331/3063 5638/6322/3055
f 5640/6324/3057 5648/6333/3065 5647/6332/3064 5639/6323/3056
f 5641/6325/3058 5649/6334/3066 5648/6333/3065 5640/6324/3057
f 5642/6326/3059 5650/6335/3067 5649/6334/3066 5641/6325/3058
f 5643/6327/3060 5651/6336/3068 5650/6335/3067 5642/6326/3059
f 5644/6328/3061 5652/6337/3069 5651/6336/3068 5643/6327/3060
f 5645/6329/3062 5653/6338/3070 5660/6339/3077 5652/6330/3069
f 5646/6331/3063 5654/6340/3071 5653/6338/3070 5645/6329/3062
f 5647/6332/3064 5655/6341/3072 5654/6340/3071 5646/6331/3063
f 5648/6333/3065 5656/6342/3073 5655/6341/3072 5647/6332/3064
f 5649/6334/3066 5657/6343/3074 5656/6342/3073 5648/6333/3065
f 5650/6335/3067 5658/6344/3075 5657/6343/3074 5649/6334/3066
f 5651/6336/3068 5659/6345/3076 5658/6344/3075 5650/6335/3067
f 5652/6337/3069 5660/6346/3077 5659/6345/3076 5651/6336/3068
f 5653/6338/3070 5661/6347/3078 5668/6348/3085 5660/6339/3077
f 5654/6340/3071 5662/6349/3079 5661/6347/3078 5653/6338/3070
f 5655/6341/3072 5663/6350/3080 5662/6349/3079 5654/6340/3071
f 5656/6342/3073 5664/6351/3081 5663/6350/3080 5655/6341/3072
f 5657/6343/3074 5665/6352/3082 5664/6351/3081 5656/6342/3073
f 5658/6344/3075 5666/6353/3083 5665/6352/3082 5657/6343/3074
f 5659/6345/3076 5667/6354/3084 5666/6353/3083 5658/6344/3075
f 5660/6346/3077 5668/6355/3085 5667/6354/3084 5659/6345/3076
f 5661/6347/3078 5669/6356/3086 5676/6357/3093 5668/6348/3085
f 5662/6349/3079 5670/6358/3087 5669/6356/3086 5661/6347/3078
f 5663/6350/3080 5671/6359/3088 5670/6358/3087 5662/6349/3079
f 5664/6351/3081 5672/6360/3089 5671/6359/3088 5663/6350/3080
f 5665/6352/3082 5673/6361/3090 5672/6360/3089 5664/6351/3081
f 5666/6353/3083 5674/6362/3091 5673/6361/3090 5665/6352/3082
f 5667/6354/3084 5675/6363/3092 5674/6362/3091 5666/6353/3083
f 5668/6355/3085 5676/6364/3093 5675/6363/3092 5667/6354/3084
f 5669/6356/3086 5677/6365/3094 5684/6366/3101 5676/6357/3093
f 5670/6358/3087 5678/6367/3095 5677/6365/3094 5669/6356/3086
f 5671/6359/3088 5679/6368/3096 5678/6367/3095 5670/6358/3087
f 5672/6360/3089 5680/6369/3097 5679/6368/3096 5671/6359/3088
f 5673/6361/3090 5681/6370/3098 5680/6369/3097 5672/6360/3089
f 5674/6362/3091 5682/6371/3099 5681/6370/3098 5673/6361/3090
f 5675/6363/3092 5683/6372/3100 5682/6371/3099 5674/6362/3091
f 5676/6364/3093 5684/6373/3101 5683/6372/3100 5675/6363/3092
f 5677/6365/3094 5685/6374/3102 5692/6375/3109 5684/6366/3101
f 5678/6367/3095 5686/6376/3103 5685/6374/3102 5677/6365/3094
f 5679/6368/3096 5687/6377/3104 5686/6376/3103 5678/6367/3095
f 5680/6369/3097 5688/6378/3105 5687/6377/3104 5679/6368/3096
f 5681/6370/3098 5689/6379/3106 5688/6378/3105 5680/6369/3097
f 5682/6371/3099 5690/6380/3107 5689/6379/3106 5681/6370/3098
f 5683/6372/3100 5691/6381/3108 5690/6380/3107 5682/6371/3099
f 5684/6373/3101 5692/6382/3109 5691/6381/3108 5683/6372/3100
f 5685/6374/3102 5693/6383/3110 5700/6384/3117 5692/6375/3109
f 5686/6376/3103 5694/6385/3111 5693/6383/3110 5685/6374/3102
f 5687/6377/3104 5695/6386/3112 5694/6385/3111 5686/6376/3103
f 5688/6378/3105 5696/6387/3113 5695/6386/3112 5687/6377/3104
f 5689/6379/3106 5697/6388/3114 5696/6387/3113 5688/6378/3105
f 5690/6380/3107 5698/6389/3115 5697/6388/3114 5689/6379/3106
f 5691/6381/3108 5699/6390/3116 5698/6389/3115 5690/6380/3107
f 5692/6382/3109 5700/6391/3117 5699/6390/3116 5691/6381/3108
f 5693/6383/3110 5701/6392/3118 5708/6393/3125 5700/6384/3117
f 5694/6385/3111 5702/6394/3119 5701/6392/3118 5693/6383/3110
f 5695/6386/3112 5703/6395/3120 5702/6394/3119 5694/6385/3111
f 5696/6387/3113 5704/6396/3121 5703/6395/3120 5695/6386/3112
f 5697/6388/3114 5705/6397/3122 5704/6396/3121 5696/6387/3113
f 5698/6389/3115 5706/6398/3123 5705/6397/3122 5697/6388/3114
f 5699/6390/3116 5707/6399/3124 5706/6398/3123 5698/6389/3115
f 5700/6391/3117 5708/6400/3125 5707/6399/3124 5699/6390/3116
f 5701/6392/3118 5709/6401/3126 5716/6402/3133 5708/6393/3125
f 5702/6394/3119 5710/6403/3127 5709/6401/3126 5701/6392/3118
f 5703/6395/3120 5711/6404/3128 5710/6403/3127 5702/6394/3119
f 5704/6396/3121 5712/6405/3129 5711/6404/3128 5703/6395/3120
f 5705/6397/3122 5713/6406/3130 5712/6405/3129 5704/6396/3121
f 5706/6398/3123 5714/6407/3131 5713/6406/3130 5705/6397/3122
f 5707/6399/3124 5715/6408/3132 5714/6407/3131 5706/6398/3123
f 5708/6400/3125 5716/6409/3133 5715/6408/3132 5707/6399/3124
f 5709/6401/3126 5717/6410/3134 5724/6411/3141 5716/6402/3133
f 5710/6403/3127 5718/6412/3135 5717/6410/3134 5709/6401/3126
f 5711/6404/3128 5719/6413/3136 5718/6412/3135 5710/6403/3127
f 5712/6405/3129 5720/6414/3137 5719/6413/3136 5711/6404/3128
f 5713/6406/3130 5721/6415/3138 5720/6414/3137 5712/6405/3129
f 5714/6407/3131 5722/6416/3139 5721/6415/3138 5713/6406/3130
f 5715/6408/3132 5723/6417/3140 5722/6416/3139 5714/6407/3131
f 5716/6409/3133 5724/6418/3141 5723/6417/3140 5715/6408/3132
f 5717/6410/3134 5725/6419/3142 5732/6420/3149 5724/6411/3141
f 5718/6412/3135 5726/6421/3143 5725/6419/3142 5717/6410/3134
f 5719/6413/3136 5727/6422/3144 5726/6421/3143 5718/6412/3135
f 5720/6414/3137 5728/6423/3145 5727/6422/3144 5719/6413/3136
f 5721/6415/3138 5729/6424/3146 5728/6423/3145 5720/6414/3137
f 5722/6416/3139 5730/6425/3147 5729/6424/3146 5721/6415/3138
f 5723/6417/3140 5731/6426/3148 5730/6425/3147 5722/6416/3139
f 5724/6418/3141 5732/6427/3149 5731/6426/3148 5723/6417/3140
f 5725/6419/3142 5733/6428/3150 5740/6429/3157 5732/6420/3149
f 5726/6421/3143 5734/6430/3151 5733/6428/3150 5725/6419/3142
f 5727/6422/3144 5735/6431/3152 5734/6430/3151 5726/6421/3143
f 5728/6423/3145 5736/6432/3153 5735/6431/3152 5727/6422/3144
f 5729/6424/3146 5737/6433/3154 5736/6432/3153 5728/6423/3145
f 5730/6425/3147 5738/6434/3155 5737/6433/3154 5729/6424/3146
f 5731/6426/3148 5739/6435/3156 5738/6434/3155 5730/6425/3147
f 5732/6427/3149 5740/6436/3157 5739/6435/3156 5731/6426/3148
f 5733/6428/3150 5741/6437/3158 5748/6438/3165 5740/6429/3157
f 5734/6430/3151 5742/6439/3159 5741/6437/3158 5733/6428/3150
f 5735/6431/3152 5743/6440/3160 5742/6439/3159 5734/6430/3151
f 5736/6432/3153 5744/6441/3161 5743/6440/3160 5735/6431/3152
f 5737/6433/3154 5745/6442/3162 5744/6441/3161 5736/6432/3153
f 5738/6434/3155 5746/6443/3163 5745/6442/3162 5737/6433/3154
f 5739/6435/3156 5747/6444/3164 5746/6443/3163 5738/6434/3155
f 5740/6436/3157 5748/6445/3165 5747/6444/3164 5739/6435/3156
f 5741/6437/3158 5749/6446/3166 5756/6447/3173 5748/6438/3165
f 5742/6439/3159 5750/6448/3167 5749/6446/3166 5741/6437/3158
f 5743/6440/3160 5751/6449/3168 5750/6448/3167 5742/6439/3159
f 5744/6441/3161 5752/6450/3169 5751/6449/3168 5743/6440/3160
f 5745/6442/3162 5753/6451/3170 5752/6450/3169 5744/6441/3161
f 5746/6443/3163 5754/6452/3171 5753/6451/3170 5745/6442/3162
f 5747/6444/3164 5755/6453/3172 5754/6452/3171 5746/6443/3163
f 5748/6445/3165 5756/6454/3173 5755/6453/3172 5747/6444/3164
o Cube.067
v 14.142040 5.785783 -10.843742
v 14.155613 5.792022 -10.843739
v 14.137682 5.795267 -10.843745
v 14.151255 5.801505 -10.843742
v 14.142061 5.785773 -10.904690
v 14.155634 5.792011 -10.904687
v 14.137703 5.795257 -10.904694
v 14.151276 5.801495 -10.904690
vn -0.0004 0.0002 1.0000
vn -0.4176 0.9086 -0.0003
vn 0.0004 -0.0002 -1.0000
vn 0.4176 -0.9086 0.0003
vn -0.9086 -0.4176 -0.0002
vn 0.9086 0.4176 0.0002
vt 0.470205 0.132355
vt 0.477045 0.132355
vt 0.477045 0.139194
vt 0.470205 0.139194
vt 0.477045 0.146034
vt 0.470205 0.146034
vt 0.477045 0.152874
vt 0.470205 0.152874
vt 0.477045 0.159713
vt 0.470205 0.159713
vt 0.463365 0.146034
vt 0.463365 0.152874
vt 0.483884 0.146034
vt 0.483884 0.152874
s 0
usemtl ConsoleSide
f 5757/6455/3174 5758/6456/3174 5760/6457/3174 5759/6458/3174
f 5759/6458/3175 5760/6457/3175 5764/6459/3175 5763/6460/3175
f 5763/6460/3176 5764/6459/3176 5762/6461/3176 5761/6462/3176
f 5761/6462/3177 5762/6461/3177 5758/6463/3177 5757/6464/3177
f 5759/6465/3178 5763/6460/3178 5761/6462/3178 5757/6466/3178
f 5764/6459/3179 5760/6467/3179 5758/6468/3179 5762/6461/3179
